# Renewables.ninja Solar photovoltaic power (PV) (Point API) - 41.006, 28.976 - Version: 1.4 (gsee f9b6961) - License: https://creativecommons.org/licenses/by-nc/4.0/ - Reference: https://doi.org/10.1016/j.energy.2016.08.060
# Units: time in UTC, electricity in kW, irradiance_direct in unknown, irradiance_diffuse in unknown, temperature in ºC
# {"units": {"time": "UTC", "electricity": "kW", "irradiance_direct": "unknown", "irradiance_diffuse": "unknown", "temperature": "\u00baC"}, "params": {"lat": "41.006381", "lon": "28.9758715", "date_from": "2019-01-01", "date_to": "2019-12-31", "dataset": "merra2", "header": "true", "local_time": "false", "capacity": "1", "system_loss": "0.1", "tracking": "0", "tilt": "35", "azim": "180", "raw": "true"}}
time,electricity,irradiance_direct,irradiance_diffuse,temperature
2019-01-01 00:00,0,0,0,2.762
2019-01-01 01:00,0,0,0,2.704
2019-01-01 02:00,0,0,0,2.462
2019-01-01 03:00,0,0,0,2.483
2019-01-01 04:00,0,0,0,2.541
2019-01-01 05:00,0,0.001,0.004,2.587
2019-01-01 06:00,0.034,0.009,0.046,3.328
2019-01-01 07:00,0.093,0.019,0.097,4.140
2019-01-01 08:00,0.144,0.030,0.139,4.769
2019-01-01 09:00,0.179,0.040,0.165,5.438
2019-01-01 10:00,0.191,0.046,0.171,6.046
2019-01-01 11:00,0.176,0.046,0.156,6.435
2019-01-01 12:00,0.145,0.046,0.125,6.562
2019-01-01 13:00,0.084,0.035,0.074,6.364
2019-01-01 14:00,0,0.005,0.011,5.677
2019-01-01 15:00,0,0,0,5.256
2019-01-01 16:00,0,0,0,5.121
2019-01-01 17:00,0,0,0,4.994
2019-01-01 18:00,0,0,0,5.004
2019-01-01 19:00,0,0,0,5.042
2019-01-01 20:00,0,0,0,5.081
2019-01-01 21:00,0,0,0,5.083
2019-01-01 22:00,0,0,0,5.000
2019-01-01 23:00,0,0,0,4.883
2019-01-02 00:00,0,0,0,4.660
2019-01-02 01:00,0,0,0,4.370
2019-01-02 02:00,0,0,0,4.044
2019-01-02 03:00,0,0,0,3.894
2019-01-02 04:00,0,0,0,4.063
2019-01-02 05:00,0,0.001,0.004,4.269
2019-01-02 06:00,0.040,0.011,0.050,5.134
2019-01-02 07:00,0.124,0.035,0.114,5.729
2019-01-02 08:00,0.182,0.050,0.158,6.025
2019-01-02 09:00,0.177,0.038,0.165,6.148
2019-01-02 10:00,0.167,0.032,0.161,6.213
2019-01-02 11:00,0.139,0.026,0.138,6.282
2019-01-02 12:00,0.122,0.029,0.118,6.304
2019-01-02 13:00,0.040,0.009,0.053,6.123
2019-01-02 14:00,0,0.001,0.006,5.716
2019-01-02 15:00,0,0,0,5.415
2019-01-02 16:00,0,0,0,5.240
2019-01-02 17:00,0,0,0,5.089
2019-01-02 18:00,0,0,0,4.958
2019-01-02 19:00,0,0,0,4.881
2019-01-02 20:00,0,0,0,4.910
2019-01-02 21:00,0,0,0,4.925
2019-01-02 22:00,0,0,0,4.936
2019-01-02 23:00,0,0,0,4.929
2019-01-03 00:00,0,0,0,4.850
2019-01-03 01:00,0,0,0,4.611
2019-01-03 02:00,0,0,0,4.314
2019-01-03 03:00,0,0,0,3.997
2019-01-03 04:00,0,0,0,3.717
2019-01-03 05:00,0,0,0.003,3.516
2019-01-03 06:00,0.028,0.007,0.041,4.036
2019-01-03 07:00,0.105,0.025,0.103,4.271
2019-01-03 08:00,0.237,0.095,0.168,4.467
2019-01-03 09:00,0.339,0.180,0.193,4.730
2019-01-03 10:00,0.376,0.224,0.189,5.184
2019-01-03 11:00,0.398,0.267,0.172,5.554
2019-01-03 12:00,0.096,0.020,0.100,5.433
2019-01-03 13:00,0.025,0.005,0.041,5.257
2019-01-03 14:00,0,0.002,0.009,4.892
2019-01-03 15:00,0,0,0,4.795
2019-01-03 16:00,0,0,0,4.824
2019-01-03 17:00,0,0,0,4.665
2019-01-03 18:00,0,0,0,4.744
2019-01-03 19:00,0,0,0,4.548
2019-01-03 20:00,0,0,0,4.810
2019-01-03 21:00,0,0,0,4.935
2019-01-03 22:00,0,0,0,5.009
2019-01-03 23:00,0,0,0,5.330
2019-01-04 00:00,0,0,0,5.187
2019-01-04 01:00,0,0,0,4.801
2019-01-04 02:00,0,0,0,4.256
2019-01-04 03:00,0,0,0,3.554
2019-01-04 04:00,0,0,0,2.599
2019-01-04 05:00,0,0,0.002,2.298
2019-01-04 06:00,0.009,0.002,0.024,2.321
2019-01-04 07:00,0.056,0.007,0.070,2.683
2019-01-04 08:00,0.141,0.028,0.137,3.259
2019-01-04 09:00,0.201,0.053,0.173,3.656
2019-01-04 10:00,0.284,0.118,0.194,3.973
2019-01-04 11:00,0.359,0.219,0.174,4.171
2019-01-04 12:00,0.264,0.155,0.136,4.118
2019-01-04 13:00,0.129,0.072,0.081,3.832
2019-01-04 14:00,0.005,0.009,0.013,2.914
2019-01-04 15:00,0,0,0,2.506
2019-01-04 16:00,0,0,0,2.627
2019-01-04 17:00,0,0,0,2.677
2019-01-04 18:00,0,0,0,2.642
2019-01-04 19:00,0,0,0,2.584
2019-01-04 20:00,0,0,0,2.613
2019-01-04 21:00,0,0,0,2.914
2019-01-04 22:00,0,0,0,2.887
2019-01-04 23:00,0,0,0,2.818
2019-01-05 00:00,0,0,0,2.745
2019-01-05 01:00,0,0,0,2.755
2019-01-05 02:00,0,0,0,2.850
2019-01-05 03:00,0,0,0,3.078
2019-01-05 04:00,0,0,0,3.347
2019-01-05 05:00,0,0,0.003,3.390
2019-01-05 06:00,0.008,0.001,0.024,3.077
2019-01-05 07:00,0.033,0.003,0.051,2.631
2019-01-05 08:00,0.078,0.007,0.094,2.933
2019-01-05 09:00,0.126,0.014,0.135,3.420
2019-01-05 10:00,0.133,0.016,0.141,3.729
2019-01-05 11:00,0.111,0.013,0.122,3.966
2019-01-05 12:00,0.086,0.012,0.097,3.997
2019-01-05 13:00,0.037,0.006,0.052,3.854
2019-01-05 14:00,0,0.001,0.007,3.405
2019-01-05 15:00,0,0,0,3.066
2019-01-05 16:00,0,0,0,2.906
2019-01-05 17:00,0,0,0,2.848
2019-01-05 18:00,0,0,0,2.816
2019-01-05 19:00,0,0,0,2.767
2019-01-05 20:00,0,0,0,2.704
2019-01-05 21:00,0,0,0,2.691
2019-01-05 22:00,0,0,0,2.646
2019-01-05 23:00,0,0,0,2.645
2019-01-06 00:00,0,0,0,2.644
2019-01-06 01:00,0,0,0,2.516
2019-01-06 02:00,0,0,0,2.370
2019-01-06 03:00,0,0,0,2.219
2019-01-06 04:00,0,0,0,2.079
2019-01-06 05:00,0,0.002,0.006,1.990
2019-01-06 06:00,0.070,0.032,0.061,2.663
2019-01-06 07:00,0.187,0.089,0.123,3.247
2019-01-06 08:00,0.299,0.164,0.164,3.715
2019-01-06 09:00,0.361,0.213,0.182,4.005
2019-01-06 10:00,0.395,0.255,0.178,4.063
2019-01-06 11:00,0.432,0.323,0.150,4.016
2019-01-06 12:00,0.316,0.223,0.123,3.819
2019-01-06 13:00,0.178,0.125,0.077,3.508
2019-01-06 14:00,0.014,0.018,0.014,2.293
2019-01-06 15:00,0,0,0,1.599
2019-01-06 16:00,0,0,0,1.316
2019-01-06 17:00,0,0,0,1.143
2019-01-06 18:00,0,0,0,1.107
2019-01-06 19:00,0,0,0,1.133
2019-01-06 20:00,0,0,0,0.984
2019-01-06 21:00,0,0,0,0.820
2019-01-06 22:00,0,0,0,0.762
2019-01-06 23:00,0,0,0,0.848
2019-01-07 00:00,0,0,0,0.991
2019-01-07 01:00,0,0,0,1.122
2019-01-07 02:00,0,0,0,1.109
2019-01-07 03:00,0,0,0,0.976
2019-01-07 04:00,0,0,0,0.913
2019-01-07 05:00,0,0,0.003,0.879
2019-01-07 06:00,0.020,0.003,0.035,1.278
2019-01-07 07:00,0.067,0.008,0.081,1.674
2019-01-07 08:00,0.113,0.014,0.121,1.980
2019-01-07 09:00,0.147,0.021,0.149,2.149
2019-01-07 10:00,0.155,0.023,0.155,2.219
2019-01-07 11:00,0.134,0.020,0.137,2.213
2019-01-07 12:00,0.094,0.014,0.102,2.085
2019-01-07 13:00,0.039,0.007,0.053,1.772
2019-01-07 14:00,0,0.001,0.008,1.221
2019-01-07 15:00,0,0,0,0.707
2019-01-07 16:00,0,0,0,0.392
2019-01-07 17:00,0,0,0,0.183
2019-01-07 18:00,0,0,0,0.171
2019-01-07 19:00,0,0,0,0.312
2019-01-07 20:00,0,0,0,0.592
2019-01-07 21:00,0,0,0,0.517
2019-01-07 22:00,0,0,0,0.043
2019-01-07 23:00,0,0,0,-0.184
2019-01-08 00:00,0,0,0,-0.273
2019-01-08 01:00,0,0,0,-0.378
2019-01-08 02:00,0,0,0,-0.332
2019-01-08 03:00,0,0,0,-0.170
2019-01-08 04:00,0,0,0,-0.099
2019-01-08 05:00,0,0.001,0.006,0.011
2019-01-08 06:00,0.048,0.014,0.055,0.565
2019-01-08 07:00,0.125,0.032,0.114,1.242
2019-01-08 08:00,0.178,0.045,0.155,1.718
2019-01-08 09:00,0.204,0.050,0.177,1.857
2019-01-08 10:00,0.195,0.044,0.173,1.796
2019-01-08 11:00,0.208,0.060,0.171,1.750
2019-01-08 12:00,0.122,0.028,0.117,1.549
2019-01-08 13:00,0.054,0.013,0.062,1.195
2019-01-08 14:00,0,0.003,0.010,0.477
2019-01-08 15:00,0,0,0,-0.482
2019-01-08 16:00,0,0,0,-0.740
2019-01-08 17:00,0,0,0,-0.751
2019-01-08 18:00,0,0,0,-0.678
2019-01-08 19:00,0,0,0,-0.678
2019-01-08 20:00,0,0,0,-0.751
2019-01-08 21:00,0,0,0,-0.699
2019-01-08 22:00,0,0,0,-0.558
2019-01-08 23:00,0,0,0,-0.395
2019-01-09 00:00,0,0,0,-0.047
2019-01-09 01:00,0,0,0,0.222
2019-01-09 02:00,0,0,0,0.206
2019-01-09 03:00,0,0,0,0.094
2019-01-09 04:00,0,0,0,-0.170
2019-01-09 05:00,0.013,0.021,0.010,0.009
2019-01-09 06:00,0.248,0.212,0.060,1.598
2019-01-09 07:00,0.375,0.306,0.102,2.785
2019-01-09 08:00,0.383,0.276,0.143,3.676
2019-01-09 09:00,0.552,0.479,0.136,4.538
2019-01-09 10:00,0.461,0.353,0.156,5.143
2019-01-09 11:00,0.425,0.327,0.142,5.694
2019-01-09 12:00,0.394,0.331,0.104,6.062
2019-01-09 13:00,0.230,0.187,0.070,5.725
2019-01-09 14:00,0.023,0.028,0.015,4.065
2019-01-09 15:00,0,0,0,3.653
2019-01-09 16:00,0,0,0,3.861
2019-01-09 17:00,0,0,0,3.755
2019-01-09 18:00,0,0,0,3.628
2019-01-09 19:00,0,0,0,3.832
2019-01-09 20:00,0,0,0,4.297
2019-01-09 21:00,0,0,0,4.819
2019-01-09 22:00,0,0,0,5.260
2019-01-09 23:00,0,0,0,5.627
2019-01-10 00:00,0,0,0,6.026
2019-01-10 01:00,0,0,0,6.586
2019-01-10 02:00,0,0,0,7.045
2019-01-10 03:00,0,0,0,7.397
2019-01-10 04:00,0,0,0,7.661
2019-01-10 05:00,0,0.001,0.005,7.864
2019-01-10 06:00,0.044,0.012,0.055,8.315
2019-01-10 07:00,0.163,0.059,0.133,9.151
2019-01-10 08:00,0.192,0.055,0.168,9.968
2019-01-10 09:00,0.123,0.016,0.135,10.276
2019-01-10 10:00,0.083,0.007,0.102,10.552
2019-01-10 11:00,0.078,0.007,0.096,11.017
2019-01-10 12:00,0.103,0.019,0.111,11.409
2019-01-10 13:00,0.082,0.029,0.079,11.451
2019-01-10 14:00,0.001,0.004,0.012,10.869
2019-01-10 15:00,0,0,0,10.533
2019-01-10 16:00,0,0,0,10.515
2019-01-10 17:00,0,0,0,10.608
2019-01-10 18:00,0,0,0,10.691
2019-01-10 19:00,0,0,0,10.714
2019-01-10 20:00,0,0,0,10.759
2019-01-10 21:00,0,0,0,10.776
2019-01-10 22:00,0,0,0,10.692
2019-01-10 23:00,0,0,0,10.560
2019-01-11 00:00,0,0,0,10.394
2019-01-11 01:00,0,0,0,10.182
2019-01-11 02:00,0,0,0,9.963
2019-01-11 03:00,0,0,0,9.765
2019-01-11 04:00,0,0,0,9.703
2019-01-11 05:00,0,0,0.002,9.634
2019-01-11 06:00,0.003,0.001,0.019,9.555
2019-01-11 07:00,0.025,0.002,0.045,9.584
2019-01-11 08:00,0.050,0.003,0.071,9.674
2019-01-11 09:00,0.066,0.004,0.087,9.644
2019-01-11 10:00,0.074,0.004,0.095,9.464
2019-01-11 11:00,0.061,0.003,0.081,8.950
2019-01-11 12:00,0.028,0.002,0.048,7.989
2019-01-11 13:00,0.006,0.001,0.022,6.926
2019-01-11 14:00,0,0,0.004,5.811
2019-01-11 15:00,0,0,0,4.885
2019-01-11 16:00,0,0,0,4.363
2019-01-11 17:00,0,0,0,4.102
2019-01-11 18:00,0,0,0,3.983
2019-01-11 19:00,0,0,0,3.901
2019-01-11 20:00,0,0,0,3.871
2019-01-11 21:00,0,0,0,3.892
2019-01-11 22:00,0,0,0,3.880
2019-01-11 23:00,0,0,0,3.868
2019-01-12 00:00,0,0,0,3.877
2019-01-12 01:00,0,0,0,4.011
2019-01-12 02:00,0,0,0,4.109
2019-01-12 03:00,0,0,0,4.103
2019-01-12 04:00,0,0,0,4.007
2019-01-12 05:00,0,0,0.004,3.953
2019-01-12 06:00,0.012,0.002,0.029,4.153
2019-01-12 07:00,0.047,0.004,0.066,4.376
2019-01-12 08:00,0.076,0.005,0.094,4.767
2019-01-12 09:00,0.068,0.004,0.087,5.046
2019-01-12 10:00,0.046,0.002,0.066,5.061
2019-01-12 11:00,0.033,0.001,0.053,4.930
2019-01-12 12:00,0.020,0.001,0.039,4.635
2019-01-12 13:00,0.004,0.001,0.020,4.214
2019-01-12 14:00,0,0,0.003,3.792
2019-01-12 15:00,0,0,0,3.527
2019-01-12 16:00,0,0,0,3.440
2019-01-12 17:00,0,0,0,3.434
2019-01-12 18:00,0,0,0,3.463
2019-01-12 19:00,0,0,0,3.402
2019-01-12 20:00,0,0,0,3.318
2019-01-12 21:00,0,0,0,3.185
2019-01-12 22:00,0,0,0,3.033
2019-01-12 23:00,0,0,0,2.952
2019-01-13 00:00,0,0,0,2.881
2019-01-13 01:00,0,0,0,2.743
2019-01-13 02:00,0,0,0,2.614
2019-01-13 03:00,0,0,0,2.472
2019-01-13 04:00,0,0,0,2.402
2019-01-13 05:00,0,0.003,0.008,2.438
2019-01-13 06:00,0.076,0.030,0.068,3.457
2019-01-13 07:00,0.192,0.083,0.133,4.087
2019-01-13 08:00,0.260,0.112,0.176,4.353
2019-01-13 09:00,0.278,0.109,0.197,4.487
2019-01-13 10:00,0.259,0.091,0.195,4.602
2019-01-13 11:00,0.214,0.069,0.171,4.541
2019-01-13 12:00,0.179,0.065,0.139,4.247
2019-01-13 13:00,0.077,0.025,0.075,4.055
2019-01-13 14:00,0.001,0.004,0.012,3.618
2019-01-13 15:00,0,0,0,3.255
2019-01-13 16:00,0,0,0,3.086
2019-01-13 17:00,0,0,0,3.003
2019-01-13 18:00,0,0,0,3.058
2019-01-13 19:00,0,0,0,3.150
2019-01-13 20:00,0,0,0,3.200
2019-01-13 21:00,0,0,0,3.140
2019-01-13 22:00,0,0,0,3.035
2019-01-13 23:00,0,0,0,2.918
2019-01-14 00:00,0,0,0,2.806
2019-01-14 01:00,0,0,0,2.921
2019-01-14 02:00,0,0,0,3.044
2019-01-14 03:00,0,0,0,3.282
2019-01-14 04:00,0,0,0,3.426
2019-01-14 05:00,0,0.002,0.006,3.645
2019-01-14 06:00,0.048,0.016,0.054,4.617
2019-01-14 07:00,0.171,0.073,0.124,5.696
2019-01-14 08:00,0.402,0.293,0.153,6.542
2019-01-14 09:00,0.630,0.606,0.118,7.468
2019-01-14 10:00,0.623,0.599,0.117,8.120
2019-01-14 11:00,0.561,0.527,0.113,8.541
2019-01-14 12:00,0.406,0.347,0.108,8.806
2019-01-14 13:00,0.185,0.132,0.082,8.689
2019-01-14 14:00,0.008,0.010,0.015,7.483
2019-01-14 15:00,0,0,0,6.839
2019-01-14 16:00,0,0,0,6.597
2019-01-14 17:00,0,0,0,6.147
2019-01-14 18:00,0,0,0,5.778
2019-01-14 19:00,0,0,0,5.659
2019-01-14 20:00,0,0,0,5.606
2019-01-14 21:00,0,0,0,5.559
2019-01-14 22:00,0,0,0,5.576
2019-01-14 23:00,0,0,0,5.569
2019-01-15 00:00,0,0,0,5.424
2019-01-15 01:00,0,0,0,5.238
2019-01-15 02:00,0,0,0,4.942
2019-01-15 03:00,0,0,0,4.451
2019-01-15 04:00,0,0,0,4.041
2019-01-15 05:00,0,0,0.004,3.959
2019-01-15 06:00,0.024,0.003,0.041,4.539
2019-01-15 07:00,0.061,0.006,0.078,5.018
2019-01-15 08:00,0.084,0.006,0.101,5.157
2019-01-15 09:00,0.092,0.006,0.109,5.066
2019-01-15 10:00,0.084,0.005,0.103,4.804
2019-01-15 11:00,0.051,0.003,0.070,4.290
2019-01-15 12:00,0.028,0.001,0.047,3.876
2019-01-15 13:00,0.006,0.001,0.023,3.647
2019-01-15 14:00,0,0,0.004,3.546
2019-01-15 15:00,0,0,0,3.458
2019-01-15 16:00,0,0,0,3.352
2019-01-15 17:00,0,0,0,3.158
2019-01-15 18:00,0,0,0,2.892
2019-01-15 19:00,0,0,0,2.800
2019-01-15 20:00,0,0,0,2.796
2019-01-15 21:00,0,0,0,2.704
2019-01-15 22:00,0,0,0,2.391
2019-01-15 23:00,0,0,0,1.896
2019-01-16 00:00,0,0,0,1.329
2019-01-16 01:00,0,0,0,0.808
2019-01-16 02:00,0,0,0,0.432
2019-01-16 03:00,0,0,0,0.121
2019-01-16 04:00,0,0,0,-0.231
2019-01-16 05:00,0.034,0.042,0.011,-0.418
2019-01-16 06:00,0.372,0.358,0.044,1.154
2019-01-16 07:00,0.586,0.597,0.053,2.347
2019-01-16 08:00,0.712,0.754,0.059,3.162
2019-01-16 09:00,0.767,0.827,0.064,3.754
2019-01-16 10:00,0.760,0.817,0.066,4.078
2019-01-16 11:00,0.692,0.726,0.065,4.183
2019-01-16 12:00,0.551,0.550,0.063,4.205
2019-01-16 13:00,0.305,0.277,0.058,4.103
2019-01-16 14:00,0.047,0.051,0.018,3.384
2019-01-16 15:00,0,0,0,3.160
2019-01-16 16:00,0,0,0,3.537
2019-01-16 17:00,0,0,0,3.797
2019-01-16 18:00,0,0,0,3.882
2019-01-16 19:00,0,0,0,3.627
2019-01-16 20:00,0,0,0,3.190
2019-01-16 21:00,0,0,0,2.645
2019-01-16 22:00,0,0,0,2.113
2019-01-16 23:00,0,0,0,1.705
2019-01-17 00:00,0,0,0,1.490
2019-01-17 01:00,0,0,0,1.349
2019-01-17 02:00,0,0,0,1.325
2019-01-17 03:00,0,0,0,1.393
2019-01-17 04:00,0,0,0,1.491
2019-01-17 05:00,0.031,0.038,0.012,1.823
2019-01-17 06:00,0.329,0.309,0.051,3.866
2019-01-17 07:00,0.538,0.538,0.063,5.394
2019-01-17 08:00,0.664,0.698,0.069,7.085
2019-01-17 09:00,0.725,0.781,0.073,8.116
2019-01-17 10:00,0.725,0.783,0.073,8.566
2019-01-17 11:00,0.664,0.703,0.070,8.770
2019-01-17 12:00,0.536,0.544,0.064,8.742
2019-01-17 13:00,0.327,0.311,0.054,8.318
2019-01-17 14:00,0.068,0.073,0.018,6.514
2019-01-17 15:00,0,0,0,5.550
2019-01-17 16:00,0,0,0,5.229
2019-01-17 17:00,0,0,0,4.997
2019-01-17 18:00,0,0,0,4.963
2019-01-17 19:00,0,0,0,4.941
2019-01-17 20:00,0,0,0,4.807
2019-01-17 21:00,0,0,0,4.492
2019-01-17 22:00,0,0,0,4.214
2019-01-17 23:00,0,0,0,4.008
2019-01-18 00:00,0,0,0,3.854
2019-01-18 01:00,0,0,0,3.718
2019-01-18 02:00,0,0,0,3.594
2019-01-18 03:00,0,0,0,3.446
2019-01-18 04:00,0,0,0,3.277
2019-01-18 05:00,0.037,0.045,0.013,3.368
2019-01-18 06:00,0.342,0.328,0.049,5.416
2019-01-18 07:00,0.545,0.554,0.061,7.023
2019-01-18 08:00,0.669,0.712,0.067,8.316
2019-01-18 09:00,0.726,0.793,0.071,9.747
2019-01-18 10:00,0.723,0.792,0.072,10.656
2019-01-18 11:00,0.660,0.708,0.070,11.040
2019-01-18 12:00,0.529,0.543,0.065,11.086
2019-01-18 13:00,0.316,0.300,0.056,10.542
2019-01-18 14:00,0.059,0.064,0.019,8.612
2019-01-18 15:00,0,0,0,7.893
2019-01-18 16:00,0,0,0,7.988
2019-01-18 17:00,0,0,0,7.954
2019-01-18 18:00,0,0,0,7.897
2019-01-18 19:00,0,0,0,7.771
2019-01-18 20:00,0,0,0,7.453
2019-01-18 21:00,0,0,0,7.455
2019-01-18 22:00,0,0,0,7.652
2019-01-18 23:00,0,0,0,7.631
2019-01-19 00:00,0,0,0,7.525
2019-01-19 01:00,0,0,0,7.178
2019-01-19 02:00,0,0,0,7.040
2019-01-19 03:00,0,0,0,6.961
2019-01-19 04:00,0,0,0,6.866
2019-01-19 05:00,0.002,0.005,0.013,6.927
2019-01-19 06:00,0.080,0.029,0.076,8.112
2019-01-19 07:00,0.117,0.026,0.118,8.790
2019-01-19 08:00,0.131,0.021,0.137,9.182
2019-01-19 09:00,0.166,0.028,0.167,9.656
2019-01-19 10:00,0.142,0.020,0.150,10.011
2019-01-19 11:00,0.161,0.031,0.159,10.331
2019-01-19 12:00,0.143,0.036,0.135,10.715
2019-01-19 13:00,0.075,0.020,0.080,10.772
2019-01-19 14:00,0.003,0.004,0.016,9.760
2019-01-19 15:00,0,0,0,8.560
2019-01-19 16:00,0,0,0,7.909
2019-01-19 17:00,0,0,0,7.840
2019-01-19 18:00,0,0,0,7.817
2019-01-19 19:00,0,0,0,7.645
2019-01-19 20:00,0,0,0,7.319
2019-01-19 21:00,0,0,0,7.003
2019-01-19 22:00,0,0,0,6.884
2019-01-19 23:00,0,0,0,6.852
2019-01-20 00:00,0,0,0,6.771
2019-01-20 01:00,0,0,0,6.572
2019-01-20 02:00,0,0,0,6.347
2019-01-20 03:00,0,0,0,6.097
2019-01-20 04:00,0,0,0,5.941
2019-01-20 05:00,0.011,0.015,0.015,6.034
2019-01-20 06:00,0.176,0.126,0.078,7.480
2019-01-20 07:00,0.356,0.281,0.116,8.614
2019-01-20 08:00,0.479,0.407,0.135,9.750
2019-01-20 09:00,0.541,0.481,0.143,11.116
2019-01-20 10:00,0.554,0.503,0.139,12.041
2019-01-20 11:00,0.531,0.494,0.122,12.427
2019-01-20 12:00,0.426,0.382,0.105,12.558
2019-01-20 13:00,0.190,0.137,0.086,12.183
2019-01-20 14:00,0.016,0.016,0.020,10.843
2019-01-20 15:00,0,0,0,9.898
2019-01-20 16:00,0,0,0,9.352
2019-01-20 17:00,0,0,0,9.098
2019-01-20 18:00,0,0,0,8.902
2019-01-20 19:00,0,0,0,8.623
2019-01-20 20:00,0,0,0,8.488
2019-01-20 21:00,0,0,0,8.247
2019-01-20 22:00,0,0,0,7.987
2019-01-20 23:00,0,0,0,7.747
2019-01-21 00:00,0,0,0,7.563
2019-01-21 01:00,0,0,0,7.394
2019-01-21 02:00,0,0,0,7.223
2019-01-21 03:00,0,0,0,7.172
2019-01-21 04:00,0,0,0,7.129
2019-01-21 05:00,0,0.001,0.007,7.104
2019-01-21 06:00,0.026,0.004,0.043,7.566
2019-01-21 07:00,0.065,0.007,0.082,8.099
2019-01-21 08:00,0.106,0.011,0.120,8.380
2019-01-21 09:00,0.146,0.018,0.156,8.500
2019-01-21 10:00,0.145,0.017,0.154,8.328
2019-01-21 11:00,0.129,0.016,0.139,8.066
2019-01-21 12:00,0.105,0.015,0.115,7.810
2019-01-21 13:00,0.051,0.008,0.066,7.452
2019-01-21 14:00,0,0.002,0.013,6.963
2019-01-21 15:00,0,0,0,6.470
2019-01-21 16:00,0,0,0,6.128
2019-01-21 17:00,0,0,0,5.854
2019-01-21 18:00,0,0,0,5.613
2019-01-21 19:00,0,0,0,5.389
2019-01-21 20:00,0,0,0,5.131
2019-01-21 21:00,0,0,0,5.034
2019-01-21 22:00,0,0,0,4.982
2019-01-21 23:00,0,0,0,4.926
2019-01-22 00:00,0,0,0,4.944
2019-01-22 01:00,0,0,0,4.984
2019-01-22 02:00,0,0,0,5.016
2019-01-22 03:00,0,0,0,5.087
2019-01-22 04:00,0,0,0,5.143
2019-01-22 05:00,0,0.004,0.012,5.254
2019-01-22 06:00,0.099,0.043,0.080,5.901
2019-01-22 07:00,0.243,0.129,0.144,6.607
2019-01-22 08:00,0.368,0.229,0.180,7.424
2019-01-22 09:00,0.418,0.266,0.201,8.252
2019-01-22 10:00,0.296,0.125,0.207,8.734
2019-01-22 11:00,0.217,0.069,0.179,8.997
2019-01-22 12:00,0.158,0.048,0.138,9.060
2019-01-22 13:00,0.093,0.032,0.087,8.688
2019-01-22 14:00,0.014,0.011,0.023,7.399
2019-01-22 15:00,0,0,0,6.190
2019-01-22 16:00,0,0,0,5.811
2019-01-22 17:00,0,0,0,5.504
2019-01-22 18:00,0,0,0,5.294
2019-01-22 19:00,0,0,0,5.405
2019-01-22 20:00,0,0,0,5.564
2019-01-22 21:00,0,0,0,5.829
2019-01-22 22:00,0,0,0,6.031
2019-01-22 23:00,0,0,0,6.253
2019-01-23 00:00,0,0,0,6.140
2019-01-23 01:00,0,0,0,5.923
2019-01-23 02:00,0,0,0,6.181
2019-01-23 03:00,0,0,0,6.153
2019-01-23 04:00,0,0,0,5.922
2019-01-23 05:00,0.018,0.019,0.018,6.218
2019-01-23 06:00,0.161,0.102,0.086,7.937
2019-01-23 07:00,0.302,0.201,0.139,9.225
2019-01-23 08:00,0.390,0.267,0.174,10.364
2019-01-23 09:00,0.422,0.284,0.196,11.458
2019-01-23 10:00,0.382,0.230,0.204,12.021
2019-01-23 11:00,0.298,0.148,0.191,12.156
2019-01-23 12:00,0.178,0.063,0.147,11.820
2019-01-23 13:00,0.042,0.008,0.058,10.976
2019-01-23 14:00,0,0.001,0.010,10.213
2019-01-23 15:00,0,0,0,9.811
2019-01-23 16:00,0,0,0,9.531
2019-01-23 17:00,0,0,0,9.182
2019-01-23 18:00,0,0,0,9.016
2019-01-23 19:00,0,0,0,8.962
2019-01-23 20:00,0,0,0,8.900
2019-01-23 21:00,0,0,0,8.806
2019-01-23 22:00,0,0,0,8.785
2019-01-23 23:00,0,0,0,8.729
2019-01-24 00:00,0,0,0,8.574
2019-01-24 01:00,0,0,0,8.596
2019-01-24 02:00,0,0,0,8.511
2019-01-24 03:00,0,0,0,8.435
2019-01-24 04:00,0,0,0,8.391
2019-01-24 05:00,0,0.001,0.010,8.295
2019-01-24 06:00,0.045,0.008,0.060,8.691
2019-01-24 07:00,0.101,0.015,0.112,9.226
2019-01-24 08:00,0.120,0.014,0.133,9.945
2019-01-24 09:00,0.112,0.010,0.129,10.525
2019-01-24 10:00,0.109,0.009,0.127,10.874
2019-01-24 11:00,0.103,0.009,0.121,11.125
2019-01-24 12:00,0.087,0.010,0.103,11.134
2019-01-24 13:00,0.049,0.007,0.065,10.781
2019-01-24 14:00,0.003,0.002,0.018,9.916
2019-01-24 15:00,0,0,0,9.227
2019-01-24 16:00,0,0,0,9.068
2019-01-24 17:00,0,0,0,8.891
2019-01-24 18:00,0,0,0,8.309
2019-01-24 19:00,0,0,0,7.954
2019-01-24 20:00,0,0,0,7.673
2019-01-24 21:00,0,0,0,7.799
2019-01-24 22:00,0,0,0,7.833
2019-01-24 23:00,0,0,0,7.510
2019-01-25 00:00,0,0,0,7.162
2019-01-25 01:00,0,0,0,6.853
2019-01-25 02:00,0,0,0,6.496
2019-01-25 03:00,0,0,0,6.283
2019-01-25 04:00,0,0,0,6.122
2019-01-25 05:00,0.022,0.021,0.022,6.382
2019-01-25 06:00,0.131,0.065,0.092,7.976
2019-01-25 07:00,0.180,0.064,0.145,8.846
2019-01-25 08:00,0.244,0.086,0.191,9.569
2019-01-25 09:00,0.302,0.117,0.225,10.532
2019-01-25 10:00,0.169,0.028,0.171,11.194
2019-01-25 11:00,0.082,0.007,0.101,11.371
2019-01-25 12:00,0.059,0.005,0.079,11.374
2019-01-25 13:00,0.024,0.003,0.043,10.920
2019-01-25 14:00,0,0.001,0.008,10.289
2019-01-25 15:00,0,0,0,10.104
2019-01-25 16:00,0,0,0,10.094
2019-01-25 17:00,0,0,0,9.996
2019-01-25 18:00,0,0,0,9.939
2019-01-25 19:00,0,0,0,9.901
2019-01-25 20:00,0,0,0,9.786
2019-01-25 21:00,0,0,0,9.650
2019-01-25 22:00,0,0,0,9.523
2019-01-25 23:00,0,0,0,9.355
2019-01-26 00:00,0,0,0,9.100
2019-01-26 01:00,0,0,0,8.916
2019-01-26 02:00,0,0,0,8.947
2019-01-26 03:00,0,0,0,8.918
2019-01-26 04:00,0,0,0,8.619
2019-01-26 05:00,0,0.001,0.009,8.564
2019-01-26 06:00,0.026,0.003,0.044,9.031
2019-01-26 07:00,0.100,0.014,0.112,9.811
2019-01-26 08:00,0.149,0.023,0.155,10.533
2019-01-26 09:00,0.178,0.028,0.180,11.151
2019-01-26 10:00,0.155,0.020,0.165,11.469
2019-01-26 11:00,0.125,0.014,0.139,11.664
2019-01-26 12:00,0.106,0.014,0.119,11.735
2019-01-26 13:00,0.040,0.005,0.058,11.348
2019-01-26 14:00,0,0.001,0.014,10.599
2019-01-26 15:00,0,0,0,10.097
2019-01-26 16:00,0,0,0,9.908
2019-01-26 17:00,0,0,0,9.785
2019-01-26 18:00,0,0,0,9.611
2019-01-26 19:00,0,0,0,9.371
2019-01-26 20:00,0,0,0,9.156
2019-01-26 21:00,0,0,0,8.854
2019-01-26 22:00,0,0,0,8.516
2019-01-26 23:00,0,0,0,8.108
2019-01-27 00:00,0,0,0,7.632
2019-01-27 01:00,0,0,0,7.254
2019-01-27 02:00,0,0,0,6.891
2019-01-27 03:00,0,0,0,6.739
2019-01-27 04:00,0,0,0,6.593
2019-01-27 05:00,0,0,0.002,6.273
2019-01-27 06:00,0,0,0.013,5.841
2019-01-27 07:00,0.014,0.001,0.032,5.520
2019-01-27 08:00,0.032,0.001,0.052,5.359
2019-01-27 09:00,0.048,0.002,0.069,5.402
2019-01-27 10:00,0.093,0.006,0.111,5.740
2019-01-27 11:00,0.136,0.015,0.147,6.191
2019-01-27 12:00,0.149,0.028,0.146,6.602
2019-01-27 13:00,0.092,0.021,0.095,6.745
2019-01-27 14:00,0.013,0.006,0.026,6.385
2019-01-27 15:00,0,0,0,5.454
2019-01-27 16:00,0,0,0,5.050
2019-01-27 17:00,0,0,0,4.778
2019-01-27 18:00,0,0,0,4.524
2019-01-27 19:00,0,0,0,4.413
2019-01-27 20:00,0,0,0,4.349
2019-01-27 21:00,0,0,0,4.301
2019-01-27 22:00,0,0,0,4.197
2019-01-27 23:00,0,0,0,4.206
2019-01-28 00:00,0,0,0,4.390
2019-01-28 01:00,0,0,0,4.688
2019-01-28 02:00,0,0,0,4.979
2019-01-28 03:00,0,0,0,5.151
2019-01-28 04:00,0,0,0,5.298
2019-01-28 05:00,0.004,0.004,0.016,5.678
2019-01-28 06:00,0.067,0.017,0.073,6.902
2019-01-28 07:00,0.145,0.037,0.134,7.764
2019-01-28 08:00,0.207,0.058,0.180,8.776
2019-01-28 09:00,0.264,0.087,0.212,9.578
2019-01-28 10:00,0.297,0.116,0.219,10.219
2019-01-28 11:00,0.320,0.158,0.203,10.671
2019-01-28 12:00,0.276,0.152,0.162,10.944
2019-01-28 13:00,0.190,0.115,0.107,10.867
2019-01-28 14:00,0.030,0.018,0.033,9.594
2019-01-28 15:00,0,0,0,8.793
2019-01-28 16:00,0,0,0,8.702
2019-01-28 17:00,0,0,0,8.296
2019-01-28 18:00,0,0,0,7.978
2019-01-28 19:00,0,0,0,7.933
2019-01-28 20:00,0,0,0,7.950
2019-01-28 21:00,0,0,0,7.905
2019-01-28 22:00,0,0,0,7.988
2019-01-28 23:00,0,0,0,8.018
2019-01-29 00:00,0,0,0,7.863
2019-01-29 01:00,0,0,0,7.827
2019-01-29 02:00,0,0,0,7.782
2019-01-29 03:00,0,0,0,7.780
2019-01-29 04:00,0,0,0,7.754
2019-01-29 05:00,0.011,0.010,0.019,7.985
2019-01-29 06:00,0.148,0.084,0.091,9.139
2019-01-29 07:00,0.403,0.330,0.124,10.368
2019-01-29 08:00,0.560,0.522,0.127,11.910
2019-01-29 09:00,0.629,0.616,0.130,13.276
2019-01-29 10:00,0.616,0.595,0.136,13.951
2019-01-29 11:00,0.518,0.458,0.146,14.234
2019-01-29 12:00,0.300,0.193,0.152,14.139
2019-01-29 13:00,0.108,0.042,0.095,13.423
2019-01-29 14:00,0.010,0.005,0.024,12.108
2019-01-29 15:00,0,0,0,11.245
2019-01-29 16:00,0,0,0,10.802
2019-01-29 17:00,0,0,0,10.350
2019-01-29 18:00,0,0,0,9.896
2019-01-29 19:00,0,0,0,9.465
2019-01-29 20:00,0,0,0,9.137
2019-01-29 21:00,0,0,0,8.924
2019-01-29 22:00,0,0,0,8.721
2019-01-29 23:00,0,0,0,8.534
2019-01-30 00:00,0,0,0,8.344
2019-01-30 01:00,0,0,0,8.162
2019-01-30 02:00,0,0,0,8.041
2019-01-30 03:00,0,0,0,7.970
2019-01-30 04:00,0,0,0,7.836
2019-01-30 05:00,0.009,0.006,0.021,7.967
2019-01-30 06:00,0.082,0.022,0.084,8.975
2019-01-30 07:00,0.151,0.037,0.142,9.698
2019-01-30 08:00,0.240,0.074,0.200,10.485
2019-01-30 09:00,0.242,0.062,0.215,11.482
2019-01-30 10:00,0.179,0.029,0.183,12.154
2019-01-30 11:00,0.116,0.012,0.132,12.178
2019-01-30 12:00,0.071,0.006,0.090,11.949
2019-01-30 13:00,0.039,0.004,0.058,11.560
2019-01-30 14:00,0.009,0.003,0.024,10.962
2019-01-30 15:00,0,0,0,9.947
2019-01-30 16:00,0,0,0,9.429
2019-01-30 17:00,0,0,0,9.081
2019-01-30 18:00,0,0,0,8.754
2019-01-30 19:00,0,0,0,8.458
2019-01-30 20:00,0,0,0,8.197
2019-01-30 21:00,0,0,0,8.056
2019-01-30 22:00,0,0,0,7.999
2019-01-30 23:00,0,0,0,8.044
2019-01-31 00:00,0,0,0,7.936
2019-01-31 01:00,0,0,0,8.053
2019-01-31 02:00,0,0,0,8.067
2019-01-31 03:00,0,0,0,8.049
2019-01-31 04:00,0,0,0,7.880
2019-01-31 05:00,0.016,0.011,0.024,8.104
2019-01-31 06:00,0.082,0.026,0.082,9.313
2019-01-31 07:00,0.208,0.084,0.155,10.153
2019-01-31 08:00,0.328,0.171,0.201,11.112
2019-01-31 09:00,0.385,0.218,0.220,11.868
2019-01-31 10:00,0.409,0.248,0.218,12.203
2019-01-31 11:00,0.402,0.259,0.199,12.469
2019-01-31 12:00,0.214,0.086,0.163,12.376
2019-01-31 13:00,0.090,0.024,0.092,11.915
2019-01-31 14:00,0.013,0.005,0.027,10.875
2019-01-31 15:00,0,0,0,9.931
2019-01-31 16:00,0,0,0,9.913
2019-01-31 17:00,0,0,0,9.879
2019-01-31 18:00,0,0,0,9.437
2019-01-31 19:00,0,0,0,9.279
2019-01-31 20:00,0,0,0,9.130
2019-01-31 21:00,0,0,0,8.913
2019-01-31 22:00,0,0,0,8.640
2019-01-31 23:00,0,0,0,8.195
2019-02-01 00:00,0,0,0,7.662
2019-02-01 01:00,0,0,0,7.454
2019-02-01 02:00,0,0,0,7.499
2019-02-01 03:00,0,0,0,7.560
2019-02-01 04:00,0,0,0,7.377
2019-02-01 05:00,0.005,0.005,0.016,7.126
2019-02-01 06:00,0.159,0.092,0.093,7.601
2019-02-01 07:00,0.374,0.290,0.128,8.422
2019-02-01 08:00,0.581,0.552,0.117,9.637
2019-02-01 09:00,0.733,0.787,0.091,10.571
2019-02-01 10:00,0.743,0.808,0.086,11.072
2019-02-01 11:00,0.693,0.744,0.080,11.327
2019-02-01 12:00,0.564,0.578,0.075,11.344
2019-02-01 13:00,0.368,0.352,0.064,11.025
2019-02-01 14:00,0.101,0.092,0.036,9.617
2019-02-01 15:00,0,0,0,7.988
2019-02-01 16:00,0,0,0,7.655
2019-02-01 17:00,0,0,0,7.409
2019-02-01 18:00,0,0,0,7.177
2019-02-01 19:00,0,0,0,6.988
2019-02-01 20:00,0,0,0,6.784
2019-02-01 21:00,0,0,0,6.521
2019-02-01 22:00,0,0,0,6.271
2019-02-01 23:00,0,0,0,6.122
2019-02-02 00:00,0,0,0,6.054
2019-02-02 01:00,0,0,0,6.078
2019-02-02 02:00,0,0,0,6.092
2019-02-02 03:00,0,0,0,6.064
2019-02-02 04:00,0,0,0,5.974
2019-02-02 05:00,0.088,0.086,0.026,6.445
2019-02-02 06:00,0.361,0.336,0.067,8.182
2019-02-02 07:00,0.551,0.550,0.081,9.435
2019-02-02 08:00,0.667,0.697,0.091,10.948
2019-02-02 09:00,0.694,0.723,0.107,12.210
2019-02-02 10:00,0.589,0.542,0.147,12.567
2019-02-02 11:00,0.439,0.330,0.172,12.632
2019-02-02 12:00,0.292,0.178,0.156,12.525
2019-02-02 13:00,0.140,0.065,0.104,12.070
2019-02-02 14:00,0.023,0.011,0.033,10.833
2019-02-02 15:00,0,0,0,10.038
2019-02-02 16:00,0,0,0,9.875
2019-02-02 17:00,0,0,0,9.519
2019-02-02 18:00,0,0,0,9.202
2019-02-02 19:00,0,0,0,8.988
2019-02-02 20:00,0,0,0,8.818
2019-02-02 21:00,0,0,0,8.611
2019-02-02 22:00,0,0,0,8.347
2019-02-02 23:00,0,0,0,8.100
2019-02-03 00:00,0,0,0,7.921
2019-02-03 01:00,0,0,0,7.735
2019-02-03 02:00,0,0,0,7.511
2019-02-03 03:00,0,0,0,7.347
2019-02-03 04:00,0,0,0,7.231
2019-02-03 05:00,0.026,0.019,0.028,7.559
2019-02-03 06:00,0.159,0.086,0.101,8.903
2019-02-03 07:00,0.338,0.230,0.150,9.887
2019-02-03 08:00,0.501,0.410,0.163,10.927
2019-02-03 09:00,0.549,0.455,0.182,12.211
2019-02-03 10:00,0.342,0.166,0.224,12.989
2019-02-03 11:00,0.208,0.058,0.184,13.090
2019-02-03 12:00,0.197,0.069,0.162,13.189
2019-02-03 13:00,0.140,0.059,0.111,13.105
2019-02-03 14:00,0.033,0.017,0.039,12.318
2019-02-03 15:00,0,0,0,11.649
2019-02-03 16:00,0,0,0,11.204
2019-02-03 17:00,0,0,0,10.600
2019-02-03 18:00,0,0,0,10.171
2019-02-03 19:00,0,0,0,10.048
2019-02-03 20:00,0,0,0,10.041
2019-02-03 21:00,0,0,0,9.992
2019-02-03 22:00,0,0,0,9.811
2019-02-03 23:00,0,0,0,9.489
2019-02-04 00:00,0,0,0,9.152
2019-02-04 01:00,0,0,0,8.828
2019-02-04 02:00,0,0,0,8.573
2019-02-04 03:00,0,0,0,8.368
2019-02-04 04:00,0,-0,0,8.255
2019-02-04 05:00,0.037,0.030,0.029,8.499
2019-02-04 06:00,0.236,0.179,0.091,10.091
2019-02-04 07:00,0.536,0.531,0.087,11.420
2019-02-04 08:00,0.670,0.715,0.087,13.303
2019-02-04 09:00,0.726,0.802,0.090,15.273
2019-02-04 10:00,0.726,0.808,0.090,16.387
2019-02-04 11:00,0.670,0.732,0.086,16.691
2019-02-04 12:00,0.551,0.574,0.080,16.341
2019-02-04 13:00,0.343,0.321,0.075,15.133
2019-02-04 14:00,0.066,0.049,0.042,12.730
2019-02-04 15:00,0,0,0,10.806
2019-02-04 16:00,0,0,0,10.019
2019-02-04 17:00,0,0,0,9.185
2019-02-04 18:00,0,0,0,8.552
2019-02-04 19:00,0,0,0,8.350
2019-02-04 20:00,0,0,0,8.472
2019-02-04 21:00,0,0,0,8.592
2019-02-04 22:00,0,0,0,8.561
2019-02-04 23:00,0,0,0,8.145
2019-02-05 00:00,0,0,0,7.750
2019-02-05 01:00,0,0,0,7.808
2019-02-05 02:00,0,0,0,7.737
2019-02-05 03:00,0,0,0,7.497
2019-02-05 04:00,0,-0,0,7.153
2019-02-05 05:00,0.061,0.053,0.031,7.418
2019-02-05 06:00,0.269,0.216,0.086,8.531
2019-02-05 07:00,0.558,0.558,0.082,9.706
2019-02-05 08:00,0.682,0.723,0.086,11.189
2019-02-05 09:00,0.740,0.807,0.089,12.191
2019-02-05 10:00,0.740,0.809,0.090,12.670
2019-02-05 11:00,0.681,0.727,0.087,12.609
2019-02-05 12:00,0.555,0.561,0.083,12.043
2019-02-05 13:00,0.347,0.316,0.076,10.847
2019-02-05 14:00,0.091,0.073,0.043,9.078
2019-02-05 15:00,0,0,0,7.654
2019-02-05 16:00,0,0,0,7.099
2019-02-05 17:00,0,0,0,6.911
2019-02-05 18:00,0,0,0,6.837
2019-02-05 19:00,0,0,0,6.935
2019-02-05 20:00,0,0,0,7.047
2019-02-05 21:00,0,0,0,7.203
2019-02-05 22:00,0,0,0,7.388
2019-02-05 23:00,0,0,0,7.579
2019-02-06 00:00,0,0,0,7.741
2019-02-06 01:00,0,0,0,7.795
2019-02-06 02:00,0,0,0,7.833
2019-02-06 03:00,0,0,0,7.762
2019-02-06 04:00,0,-0,0,7.729
2019-02-06 05:00,0.002,0.002,0.016,7.843
2019-02-06 06:00,0.052,0.007,0.068,8.306
2019-02-06 07:00,0.125,0.021,0.130,8.917
2019-02-06 08:00,0.293,0.112,0.219,9.767
2019-02-06 09:00,0.432,0.248,0.241,10.627
2019-02-06 10:00,0.360,0.163,0.244,10.871
2019-02-06 11:00,0.288,0.104,0.222,10.455
2019-02-06 12:00,0.198,0.056,0.172,9.811
2019-02-06 13:00,0.094,0.019,0.100,8.981
2019-02-06 14:00,0.012,0.003,0.028,8.027
2019-02-06 15:00,0,0,0,7.413
2019-02-06 16:00,0,0,0,7.268
2019-02-06 17:00,0,0,0,7.292
2019-02-06 18:00,0,0,0,7.357
2019-02-06 19:00,0,0,0,7.336
2019-02-06 20:00,0,0,0,7.266
2019-02-06 21:00,0,0,0,7.175
2019-02-06 22:00,0,0,0,7.039
2019-02-06 23:00,0,0,0,6.883
2019-02-07 00:00,0,0,0,6.703
2019-02-07 01:00,0,0,0,6.506
2019-02-07 02:00,0,0,0,6.295
2019-02-07 03:00,0,0,0,6.269
2019-02-07 04:00,0,-0,0,6.385
2019-02-07 05:00,0.002,0.001,0.017,6.531
2019-02-07 06:00,0.032,0.002,0.050,6.686
2019-02-07 07:00,0.032,0.001,0.051,6.647
2019-02-07 08:00,0.076,0.003,0.097,6.793
2019-02-07 09:00,0.070,0.003,0.091,6.811
2019-02-07 10:00,0.073,0.003,0.094,6.771
2019-02-07 11:00,0.066,0.003,0.087,6.693
2019-02-07 12:00,0.053,0.002,0.074,6.556
2019-02-07 13:00,0.022,0.001,0.041,6.285
2019-02-07 14:00,0,0,0.013,5.881
2019-02-07 15:00,0,0,0,5.475
2019-02-07 16:00,0,0,0,5.207
2019-02-07 17:00,0,0,0,5.069
2019-02-07 18:00,0,0,0,5.036
2019-02-07 19:00,0,0,0,5.056
2019-02-07 20:00,0,0,0,5.095
2019-02-07 21:00,0,0,0,5.221
2019-02-07 22:00,0,0,0,5.345
2019-02-07 23:00,0,0,0,5.535
2019-02-08 00:00,0,0,0,5.626
2019-02-08 01:00,0,0,0,5.679
2019-02-08 02:00,0,0,0,5.636
2019-02-08 03:00,0,0,0,5.662
2019-02-08 04:00,0,-0,0,5.566
2019-02-08 05:00,0.004,0.002,0.018,5.767
2019-02-08 06:00,0.061,0.009,0.075,6.152
2019-02-08 07:00,0.131,0.021,0.135,6.605
2019-02-08 08:00,0.214,0.047,0.196,7.040
2019-02-08 09:00,0.294,0.090,0.237,7.435
2019-02-08 10:00,0.343,0.135,0.247,7.742
2019-02-08 11:00,0.358,0.170,0.229,7.894
2019-02-08 12:00,0.269,0.113,0.188,7.776
2019-02-08 13:00,0.130,0.038,0.118,7.363
2019-02-08 14:00,0.020,0.005,0.035,6.677
2019-02-08 15:00,0,0,0,6.064
2019-02-08 16:00,0,0,0,5.818
2019-02-08 17:00,0,0,0,5.606
2019-02-08 18:00,0,0,0,5.466
2019-02-08 19:00,0,0,0,5.350
2019-02-08 20:00,0,0,0,5.250
2019-02-08 21:00,0,0,0,5.197
2019-02-08 22:00,0,0,0,5.063
2019-02-08 23:00,0,0,0,4.854
2019-02-09 00:00,0,0,0,4.582
2019-02-09 01:00,0,0,0,4.343
2019-02-09 02:00,0,0,0,4.156
2019-02-09 03:00,0,0,0,3.935
2019-02-09 04:00,0,-0,0,3.656
2019-02-09 05:00,0.069,0.055,0.037,4.072
2019-02-09 06:00,0.276,0.210,0.096,5.339
2019-02-09 07:00,0.467,0.399,0.119,6.031
2019-02-09 08:00,0.611,0.571,0.125,6.568
2019-02-09 09:00,0.689,0.676,0.124,6.973
2019-02-09 10:00,0.704,0.702,0.120,7.188
2019-02-09 11:00,0.643,0.623,0.117,7.200
2019-02-09 12:00,0.517,0.471,0.109,7.008
2019-02-09 13:00,0.326,0.268,0.093,6.549
2019-02-09 14:00,0.093,0.066,0.050,5.671
2019-02-09 15:00,0,0,0.001,4.194
2019-02-09 16:00,0,0,0,3.548
2019-02-09 17:00,0,0,0,3.113
2019-02-09 18:00,0,0,0,2.827
2019-02-09 19:00,0,0,0,2.663
2019-02-09 20:00,0,0,0,2.611
2019-02-09 21:00,0,0,0,2.753
2019-02-09 22:00,0,0,0,3.007
2019-02-09 23:00,0,0,0,3.321
2019-02-10 00:00,0,0,0,3.619
2019-02-10 01:00,0,0,0,3.690
2019-02-10 02:00,0,0,0,3.690
2019-02-10 03:00,0,0,0,3.527
2019-02-10 04:00,0,-0,0,3.229
2019-02-10 05:00,0.129,0.118,0.035,3.444
2019-02-10 06:00,0.385,0.355,0.069,5.174
2019-02-10 07:00,0.582,0.580,0.078,6.192
2019-02-10 08:00,0.706,0.737,0.085,7.038
2019-02-10 09:00,0.768,0.824,0.088,7.683
2019-02-10 10:00,0.771,0.832,0.087,8.107
2019-02-10 11:00,0.711,0.751,0.085,8.340
2019-02-10 12:00,0.590,0.596,0.079,8.340
2019-02-10 13:00,0.395,0.370,0.070,8.075
2019-02-10 14:00,0.131,0.111,0.046,7.243
2019-02-10 15:00,0,0.001,0.001,5.872
2019-02-10 16:00,0,0,0,5.387
2019-02-10 17:00,0,0,0,4.913
2019-02-10 18:00,0,0,0,4.442
2019-02-10 19:00,0,0,0,4.015
2019-02-10 20:00,0,0,0,3.774
2019-02-10 21:00,0,0,0,3.712
2019-02-10 22:00,0,0,0,3.711
2019-02-10 23:00,0,0,0,3.747
2019-02-11 00:00,0,0,0,3.669
2019-02-11 01:00,0,0,0,3.587
2019-02-11 02:00,0,0,0,3.573
2019-02-11 03:00,0,0,0,3.545
2019-02-11 04:00,0,-0,0,3.686
2019-02-11 05:00,0.063,0.046,0.040,4.792
2019-02-11 06:00,0.233,0.158,0.104,6.946
2019-02-11 07:00,0.482,0.426,0.117,8.238
2019-02-11 08:00,0.629,0.614,0.117,9.590
2019-02-11 09:00,0.707,0.727,0.114,10.554
2019-02-11 10:00,0.721,0.755,0.109,11.209
2019-02-11 11:00,0.673,0.699,0.101,11.766
2019-02-11 12:00,0.559,0.557,0.093,12.164
2019-02-11 13:00,0.327,0.280,0.092,12.060
2019-02-11 14:00,0.099,0.073,0.053,11.081
2019-02-11 15:00,0,0.001,0.001,9.800
2019-02-11 16:00,0,0,0,10.080
2019-02-11 17:00,0,0,0,10.109
2019-02-11 18:00,0,0,0,9.710
2019-02-11 19:00,0,0,0,9.097
2019-02-11 20:00,0,0,0,8.368
2019-02-11 21:00,0,0,0,8.124
2019-02-11 22:00,0,0,0,8.181
2019-02-11 23:00,0,0,0,8.634
2019-02-12 00:00,0,0,0,8.960
2019-02-12 01:00,0,0,0,8.955
2019-02-12 02:00,0,0,0,9.039
2019-02-12 03:00,0,0,0,9.150
2019-02-12 04:00,0,-0,0,9.346
2019-02-12 05:00,0.046,0.025,0.043,9.955
2019-02-12 06:00,0.169,0.075,0.124,10.987
2019-02-12 07:00,0.232,0.085,0.182,12.014
2019-02-12 08:00,0.249,0.069,0.217,12.723
2019-02-12 09:00,0.211,0.037,0.208,12.945
2019-02-12 10:00,0.195,0.029,0.199,12.639
2019-02-12 11:00,0.175,0.025,0.181,12.214
2019-02-12 12:00,0.120,0.015,0.133,11.747
2019-02-12 13:00,0.078,0.011,0.093,11.260
2019-02-12 14:00,0.019,0.003,0.035,10.442
2019-02-12 15:00,0,0,0.001,9.317
2019-02-12 16:00,0,0,0,8.783
2019-02-12 17:00,0,0,0,8.305
2019-02-12 18:00,0,0,0,7.788
2019-02-12 19:00,0,0,0,7.198
2019-02-12 20:00,0,0,0,6.608
2019-02-12 21:00,0,0,0,6.158
2019-02-12 22:00,0,0,0,5.964
2019-02-12 23:00,0,0,0,5.811
2019-02-13 00:00,0,0,0,5.823
2019-02-13 01:00,0,0,0,5.933
2019-02-13 02:00,0,0,0,6.002
2019-02-13 03:00,0,0,0,5.898
2019-02-13 04:00,0,-0,0,5.680
2019-02-13 05:00,0,0,0.011,5.368
2019-02-13 06:00,0.017,0.001,0.035,5.109
2019-02-13 07:00,0.039,0.002,0.059,5.078
2019-02-13 08:00,0.063,0.002,0.083,5.142
2019-02-13 09:00,0.082,0.003,0.102,5.231
2019-02-13 10:00,0.087,0.003,0.107,5.363
2019-02-13 11:00,0.091,0.004,0.111,5.556
2019-02-13 12:00,0.075,0.004,0.095,5.727
2019-02-13 13:00,0.036,0.002,0.056,5.704
2019-02-13 14:00,0.005,0.001,0.021,5.567
2019-02-13 15:00,0,0,0.001,5.485
2019-02-13 16:00,0,0,0,5.559
2019-02-13 17:00,0,0,0,5.631
2019-02-13 18:00,0,0,0,5.682
2019-02-13 19:00,0,0,0,5.697
2019-02-13 20:00,0,0,0,5.685
2019-02-13 21:00,0,0,0,5.644
2019-02-13 22:00,0,0,0,5.557
2019-02-13 23:00,0,0,0,5.482
2019-02-14 00:00,0,0,0,5.423
2019-02-14 01:00,0,0,0,5.328
2019-02-14 02:00,0,0,0,5.249
2019-02-14 03:00,0,0,0,5.249
2019-02-14 04:00,0,-0,0,5.275
2019-02-14 05:00,0.023,0.010,0.033,5.444
2019-02-14 06:00,0.118,0.037,0.106,5.909
2019-02-14 07:00,0.262,0.116,0.176,6.304
2019-02-14 08:00,0.425,0.266,0.207,6.643
2019-02-14 09:00,0.531,0.392,0.205,6.854
2019-02-14 10:00,0.614,0.525,0.177,6.950
2019-02-14 11:00,0.604,0.537,0.151,6.806
2019-02-14 12:00,0.500,0.426,0.133,6.450
2019-02-14 13:00,0.324,0.250,0.108,5.892
2019-02-14 14:00,0.109,0.073,0.060,5.085
2019-02-14 15:00,0,0.001,0.003,4.074
2019-02-14 16:00,0,0,0,3.692
2019-02-14 17:00,0,0,0,3.633
2019-02-14 18:00,0,0,0,3.739
2019-02-14 19:00,0,0,0,3.827
2019-02-14 20:00,0,0,0,3.822
2019-02-14 21:00,0,0,0,3.813
2019-02-14 22:00,0,0,0,3.904
2019-02-14 23:00,0,0,0,4.008
2019-02-15 00:00,0,0,0,4.024
2019-02-15 01:00,0,0,0,4.055
2019-02-15 02:00,0,0,0,4.128
2019-02-15 03:00,0,0,0,4.249
2019-02-15 04:00,0,-0,0,4.303
2019-02-15 05:00,0.021,0.007,0.033,4.690
2019-02-15 06:00,0.167,0.072,0.121,5.645
2019-02-15 07:00,0.418,0.305,0.159,6.601
2019-02-15 08:00,0.566,0.475,0.167,7.249
2019-02-15 09:00,0.600,0.498,0.186,7.460
2019-02-15 10:00,0.551,0.415,0.208,7.305
2019-02-15 11:00,0.437,0.271,0.215,6.945
2019-02-15 12:00,0.331,0.180,0.187,6.554
2019-02-15 13:00,0.185,0.078,0.133,6.142
2019-02-15 14:00,0.047,0.015,0.054,5.649
2019-02-15 15:00,0,0,0.002,5.180
2019-02-15 16:00,0,0,0,5.001
2019-02-15 17:00,0,0,0,4.920
2019-02-15 18:00,0,0,0,4.968
2019-02-15 19:00,0,0,0,4.958
2019-02-15 20:00,0,0,0,4.824
2019-02-15 21:00,0,0,0,4.818
2019-02-15 22:00,0,0,0,4.867
2019-02-15 23:00,0,0,0,4.772
2019-02-16 00:00,0,0,0,4.649
2019-02-16 01:00,0,0,0,4.514
2019-02-16 02:00,0,0,0,4.519
2019-02-16 03:00,0,0,0,4.569
2019-02-16 04:00,0,-0,0.001,4.541
2019-02-16 05:00,0.081,0.053,0.051,5.039
2019-02-16 06:00,0.289,0.210,0.111,5.894
2019-02-16 07:00,0.404,0.291,0.156,6.337
2019-02-16 08:00,0.476,0.337,0.194,6.597
2019-02-16 09:00,0.486,0.325,0.219,6.760
2019-02-16 10:00,0.526,0.382,0.210,6.950
2019-02-16 11:00,0.552,0.449,0.175,7.058
2019-02-16 12:00,0.444,0.341,0.154,6.899
2019-02-16 13:00,0.283,0.193,0.122,6.513
2019-02-16 14:00,0.094,0.055,0.064,5.848
2019-02-16 15:00,0,0.001,0.003,4.847
2019-02-16 16:00,0,0,0,4.161
2019-02-16 17:00,0,0,0,3.851
2019-02-16 18:00,0,0,0,3.749
2019-02-16 19:00,0,0,0,3.659
2019-02-16 20:00,0,0,0,3.702
2019-02-16 21:00,0,0,0,3.630
2019-02-16 22:00,0,0,0,3.650
2019-02-16 23:00,0,0,0,3.590
2019-02-17 00:00,0,0,0,3.577
2019-02-17 01:00,0,0,0,3.564
2019-02-17 02:00,0,0,0,3.540
2019-02-17 03:00,0,0,0,3.467
2019-02-17 04:00,0,0.001,0.001,3.453
2019-02-17 05:00,0.079,0.051,0.051,4.313
2019-02-17 06:00,0.262,0.179,0.111,5.516
2019-02-17 07:00,0.454,0.368,0.136,6.142
2019-02-17 08:00,0.595,0.533,0.143,6.745
2019-02-17 09:00,0.678,0.647,0.139,7.375
2019-02-17 10:00,0.718,0.721,0.123,8.025
2019-02-17 11:00,0.688,0.697,0.108,8.477
2019-02-17 12:00,0.596,0.593,0.091,8.647
2019-02-17 13:00,0.405,0.372,0.081,8.460
2019-02-17 14:00,0.151,0.120,0.057,7.702
2019-02-17 15:00,0,0.003,0.004,5.784
2019-02-17 16:00,0,0,0,4.969
2019-02-17 17:00,0,0,0,4.486
2019-02-17 18:00,0,0,0,4.173
2019-02-17 19:00,0,0,0,4.034
2019-02-17 20:00,0,0,0,4.049
2019-02-17 21:00,0,0,0,4.162
2019-02-17 22:00,0,0,0,4.328
2019-02-17 23:00,0,0,0,4.390
2019-02-18 00:00,0,0,0,4.451
2019-02-18 01:00,0,0,0,4.348
2019-02-18 02:00,0,0,0,4.176
2019-02-18 03:00,0,0,0,3.823
2019-02-18 04:00,0,0.001,0.001,3.493
2019-02-18 05:00,0.115,0.086,0.052,4.036
2019-02-18 06:00,0.315,0.249,0.098,5.113
2019-02-18 07:00,0.529,0.486,0.107,6.336
2019-02-18 08:00,0.714,0.745,0.093,7.913
2019-02-18 09:00,0.773,0.836,0.094,9.433
2019-02-18 10:00,0.774,0.845,0.093,10.852
2019-02-18 11:00,0.717,0.769,0.090,11.447
2019-02-18 12:00,0.590,0.600,0.087,11.610
2019-02-18 13:00,0.404,0.379,0.079,11.257
2019-02-18 14:00,0.157,0.129,0.056,9.995
2019-02-18 15:00,0,0.003,0.005,7.779
2019-02-18 16:00,0,0,0,6.914
2019-02-18 17:00,0,0,0,6.390
2019-02-18 18:00,0,0,0,5.952
2019-02-18 19:00,0,0,0,5.602
2019-02-18 20:00,0,0,0,5.292
2019-02-18 21:00,0,0,0,5.023
2019-02-18 22:00,0,0,0,4.808
2019-02-18 23:00,0,0,0,4.702
2019-02-19 00:00,0,0,0,4.705
2019-02-19 01:00,0,0,0,4.764
2019-02-19 02:00,0,0,0,4.755
2019-02-19 03:00,0,0,0,4.507
2019-02-19 04:00,0,0.001,0.002,4.360
2019-02-19 05:00,0.091,0.060,0.054,5.288
2019-02-19 06:00,0.260,0.179,0.112,6.532
2019-02-19 07:00,0.483,0.419,0.123,7.751
2019-02-19 08:00,0.727,0.774,0.090,9.388
2019-02-19 09:00,0.774,0.844,0.093,10.675
2019-02-19 10:00,0.775,0.850,0.093,11.476
2019-02-19 11:00,0.719,0.775,0.090,11.893
2019-02-19 12:00,0.597,0.612,0.086,11.950
2019-02-19 13:00,0.414,0.394,0.077,11.572
2019-02-19 14:00,0.169,0.142,0.056,10.393
2019-02-19 15:00,0,0.005,0.005,8.081
2019-02-19 16:00,0,0,0,6.832
2019-02-19 17:00,0,0,0,5.911
2019-02-19 18:00,0,0,0,5.213
2019-02-19 19:00,0,0,0,4.673
2019-02-19 20:00,0,0,0,4.380
2019-02-19 21:00,0,0,0,4.304
2019-02-19 22:00,0,0,0,4.395
2019-02-19 23:00,0,0,0,4.535
2019-02-20 00:00,0,0,0,4.644
2019-02-20 01:00,0,0,0,4.765
2019-02-20 02:00,0,0,0,4.885
2019-02-20 03:00,0,0,0,4.837
2019-02-20 04:00,0,0.001,0.002,4.590
2019-02-20 05:00,0.108,0.075,0.056,4.924
2019-02-20 06:00,0.284,0.204,0.111,6.043
2019-02-20 07:00,0.443,0.351,0.142,7.070
2019-02-20 08:00,0.564,0.489,0.153,7.935
2019-02-20 09:00,0.728,0.745,0.119,9.074
2019-02-20 10:00,0.772,0.830,0.100,9.928
2019-02-20 11:00,0.728,0.777,0.092,10.414
2019-02-20 12:00,0.606,0.618,0.087,10.683
2019-02-20 13:00,0.418,0.394,0.079,10.743
2019-02-20 14:00,0.169,0.139,0.058,9.928
2019-02-20 15:00,0,0.005,0.006,7.660
2019-02-20 16:00,0,0,0,6.786
2019-02-20 17:00,0,0,0,6.405
2019-02-20 18:00,0,0,0,6.251
2019-02-20 19:00,0,0,0,6.134
2019-02-20 20:00,0,0,0,6.068
2019-02-20 21:00,0,0,0,5.955
2019-02-20 22:00,0,0,0,5.773
2019-02-20 23:00,0,0,0,5.502
2019-02-21 00:00,0,0,0,5.495
2019-02-21 01:00,0,0,0,5.645
2019-02-21 02:00,0,0,0,5.376
2019-02-21 03:00,0,0,0,5.097
2019-02-21 04:00,0,0,0.002,4.973
2019-02-21 05:00,0.032,0.010,0.044,5.567
2019-02-21 06:00,0.127,0.035,0.117,6.499
2019-02-21 07:00,0.275,0.119,0.189,7.667
2019-02-21 08:00,0.439,0.277,0.217,8.944
2019-02-21 09:00,0.576,0.461,0.203,9.925
2019-02-21 10:00,0.637,0.567,0.178,10.477
2019-02-21 11:00,0.596,0.527,0.165,10.687
2019-02-21 12:00,0.458,0.360,0.160,10.574
2019-02-21 13:00,0.288,0.193,0.132,10.186
2019-02-21 14:00,0.100,0.052,0.073,9.356
2019-02-21 15:00,0,0.002,0.006,7.628
2019-02-21 16:00,0,0,0,6.642
2019-02-21 17:00,0,0,0,6.177
2019-02-21 18:00,0,0,0,6.022
2019-02-21 19:00,0,0,0,6.132
2019-02-21 20:00,0,0,0,5.954
2019-02-21 21:00,0,0,0,5.714
2019-02-21 22:00,0,0,0,5.458
2019-02-21 23:00,0,0,0,5.238
2019-02-22 00:00,0,0,0,5.151
2019-02-22 01:00,0,0,0,5.260
2019-02-22 02:00,0,0,0,5.212
2019-02-22 03:00,0,0,0,4.967
2019-02-22 04:00,0,0.001,0.003,4.759
2019-02-22 05:00,0.073,0.035,0.061,5.275
2019-02-22 06:00,0.198,0.092,0.132,6.198
2019-02-22 07:00,0.371,0.232,0.181,7.358
2019-02-22 08:00,0.558,0.455,0.181,8.514
2019-02-22 09:00,0.651,0.585,0.174,9.433
2019-02-22 10:00,0.632,0.552,0.184,9.777
2019-02-22 11:00,0.531,0.408,0.199,9.782
2019-02-22 12:00,0.329,0.171,0.198,9.544
2019-02-22 13:00,0.160,0.051,0.137,9.123
2019-02-22 14:00,0.045,0.010,0.057,8.354
2019-02-22 15:00,0,0.001,0.004,7.230
2019-02-22 16:00,0,0,0,6.808
2019-02-22 17:00,0,0,0,6.698
2019-02-22 18:00,0,0,0,6.687
2019-02-22 19:00,0,0,0,6.660
2019-02-22 20:00,0,0,0,6.615
2019-02-22 21:00,0,0,0,6.460
2019-02-22 22:00,0,0,0,6.186
2019-02-22 23:00,0,0,0,5.702
2019-02-23 00:00,0,0,0,5.261
2019-02-23 01:00,0,0,0,4.911
2019-02-23 02:00,0,0,0,4.638
2019-02-23 03:00,0,0,0,4.271
2019-02-23 04:00,0,0,0.001,3.847
2019-02-23 05:00,0.003,0.001,0.018,3.489
2019-02-23 06:00,0.045,0.003,0.064,3.360
2019-02-23 07:00,0.081,0.004,0.099,3.310
2019-02-23 08:00,0.104,0.005,0.122,3.228
2019-02-23 09:00,0.129,0.007,0.146,3.136
2019-02-23 10:00,0.146,0.008,0.161,3.139
2019-02-23 11:00,0.139,0.008,0.153,3.153
2019-02-23 12:00,0.112,0.007,0.128,3.066
2019-02-23 13:00,0.063,0.004,0.081,2.866
2019-02-23 14:00,0.014,0.001,0.032,2.592
2019-02-23 15:00,0,0,0.002,2.316
2019-02-23 16:00,0,0,0,2.114
2019-02-23 17:00,0,0,0,1.958
2019-02-23 18:00,0,0,0,1.842
2019-02-23 19:00,0,0,0,1.805
2019-02-23 20:00,0,0,0,1.800
2019-02-23 21:00,0,0,0,1.811
2019-02-23 22:00,0,0,0,1.819
2019-02-23 23:00,0,0,0,1.826
2019-02-24 00:00,0,0,0,1.778
2019-02-24 01:00,0,0,0,1.725
2019-02-24 02:00,0,0,0,1.721
2019-02-24 03:00,0,0,0,1.694
2019-02-24 04:00,0,0,0.002,1.806
2019-02-24 05:00,0.024,0.004,0.040,2.130
2019-02-24 06:00,0.096,0.012,0.107,2.642
2019-02-24 07:00,0.162,0.021,0.164,3.159
2019-02-24 08:00,0.206,0.028,0.203,3.539
2019-02-24 09:00,0.263,0.042,0.248,3.838
2019-02-24 10:00,0.187,0.018,0.194,3.783
2019-02-24 11:00,0.195,0.021,0.198,3.673
2019-02-24 12:00,0.133,0.012,0.145,3.456
2019-02-24 13:00,0.088,0.008,0.102,3.278
2019-02-24 14:00,0.027,0.003,0.045,3.038
2019-02-24 15:00,0,0,0.004,2.719
2019-02-24 16:00,0,0,0,2.624
2019-02-24 17:00,0,0,0,2.645
2019-02-24 18:00,0,0,0,2.696
2019-02-24 19:00,0,0,0,2.762
2019-02-24 20:00,0,0,0,2.843
2019-02-24 21:00,0,0,0,2.954
2019-02-24 22:00,0,0,0,3.197
2019-02-24 23:00,0,0,0,3.393
2019-02-25 00:00,0,0,0,3.570
2019-02-25 01:00,0,0,0,3.741
2019-02-25 02:00,0,0,0,3.871
2019-02-25 03:00,0,0,0,3.939
2019-02-25 04:00,0,0,0.003,4.018
2019-02-25 05:00,0.053,0.016,0.059,4.484
2019-02-25 06:00,0.174,0.059,0.140,5.177
2019-02-25 07:00,0.276,0.104,0.202,5.806
2019-02-25 08:00,0.379,0.173,0.246,6.370
2019-02-25 09:00,0.472,0.263,0.264,6.750
2019-02-25 10:00,0.459,0.244,0.268,6.803
2019-02-25 11:00,0.377,0.164,0.253,6.533
2019-02-25 12:00,0.272,0.093,0.210,6.095
2019-02-25 13:00,0.158,0.041,0.143,5.613
2019-02-25 14:00,0.056,0.012,0.066,5.099
2019-02-25 15:00,0,0.001,0.007,4.605
2019-02-25 16:00,0,0,0,4.343
2019-02-25 17:00,0,0,0,4.209
2019-02-25 18:00,0,0,0,4.107
2019-02-25 19:00,0,0,0,4.020
2019-02-25 20:00,0,0,0,3.928
2019-02-25 21:00,0,0,0,3.860
2019-02-25 22:00,0,0,0,3.836
2019-02-25 23:00,0,0,0,3.716
2019-02-26 00:00,0,0,0,3.314
2019-02-26 01:00,0,0,0,2.628
2019-02-26 02:00,0,0,0,2.188
2019-02-26 03:00,0,0,0,1.961
2019-02-26 04:00,0,0.004,0.005,1.729
2019-02-26 05:00,0.210,0.184,0.050,3.267
2019-02-26 06:00,0.464,0.448,0.064,4.711
2019-02-26 07:00,0.653,0.676,0.071,5.883
2019-02-26 08:00,0.772,0.836,0.078,6.882
2019-02-26 09:00,0.818,0.900,0.085,7.677
2019-02-26 10:00,0.813,0.894,0.088,8.269
2019-02-26 11:00,0.751,0.806,0.087,8.559
2019-02-26 12:00,0.632,0.647,0.083,8.591
2019-02-26 13:00,0.447,0.425,0.077,8.300
2019-02-26 14:00,0.189,0.152,0.065,7.542
2019-02-26 15:00,0,0.004,0.009,6.122
2019-02-26 16:00,0,0,0,5.663
2019-02-26 17:00,0,0,0,5.499
2019-02-26 18:00,0,0,0,5.156
2019-02-26 19:00,0,0,0,4.754
2019-02-26 20:00,0,0,0,4.478
2019-02-26 21:00,0,0,0,4.228
2019-02-26 22:00,0,0,0,4.055
2019-02-26 23:00,0,0,0,3.957
2019-02-27 00:00,0,0,0,3.834
2019-02-27 01:00,0,0,0,3.631
2019-02-27 02:00,0,0,0,3.189
2019-02-27 03:00,0,0,0,3.198
2019-02-27 04:00,0,0.001,0.006,3.656
2019-02-27 05:00,0.043,0.010,0.055,4.741
2019-02-27 06:00,0.178,0.057,0.146,5.117
2019-02-27 07:00,0.276,0.097,0.208,5.380
2019-02-27 08:00,0.314,0.099,0.248,5.471
2019-02-27 09:00,0.335,0.100,0.269,5.597
2019-02-27 10:00,0.348,0.110,0.274,5.779
2019-02-27 11:00,0.324,0.103,0.256,5.843
2019-02-27 12:00,0.251,0.070,0.210,5.745
2019-02-27 13:00,0.163,0.041,0.147,5.442
2019-02-27 14:00,0.076,0.020,0.079,4.982
2019-02-27 15:00,0,0.001,0.009,4.279
2019-02-27 16:00,0,0,0,3.938
2019-02-27 17:00,0,0,0,3.870
2019-02-27 18:00,0,0,0,3.784
2019-02-27 19:00,0,0,0,3.599
2019-02-27 20:00,0,0,0,3.442
2019-02-27 21:00,0,0,0,3.313
2019-02-27 22:00,0,0,0,3.183
2019-02-27 23:00,0,0,0,3.008
2019-02-28 00:00,0,0,0,2.929
2019-02-28 01:00,0,0,0,2.830
2019-02-28 02:00,0,0,0,2.650
2019-02-28 03:00,0,0,0,2.384
2019-02-28 04:00,0,0.002,0.006,2.088
2019-02-28 05:00,0.133,0.088,0.069,3.351
2019-02-28 06:00,0.345,0.269,0.110,4.460
2019-02-28 07:00,0.532,0.470,0.124,5.217
2019-02-28 08:00,0.678,0.657,0.124,6.122
2019-02-28 09:00,0.722,0.710,0.135,6.950
2019-02-28 10:00,0.691,0.656,0.148,7.410
2019-02-28 11:00,0.666,0.640,0.132,7.696
2019-02-28 12:00,0.609,0.597,0.101,7.843
2019-02-28 13:00,0.440,0.405,0.086,7.647
2019-02-28 14:00,0.213,0.178,0.064,7.092
2019-02-28 15:00,0.010,0.015,0.013,5.940
2019-02-28 16:00,0,0,0,5.540
2019-02-28 17:00,0,0,0,5.937
2019-02-28 18:00,0,0,0,6.319
2019-02-28 19:00,0,0,0,6.411
2019-02-28 20:00,0,0,0,6.192
2019-02-28 21:00,0,0,0,5.875
2019-02-28 22:00,0,0,0,5.697
2019-02-28 23:00,0,0,0,5.594
2019-03-01 00:00,0,0,0,5.506
2019-03-01 01:00,0,0,0,5.448
2019-03-01 02:00,0,0,0,5.427
2019-03-01 03:00,0,0,0,5.474
2019-03-01 04:00,0,0.005,0.008,5.603
2019-03-01 05:00,0.175,0.137,0.064,6.478
2019-03-01 06:00,0.430,0.397,0.084,7.908
2019-03-01 07:00,0.609,0.611,0.094,9.484
2019-03-01 08:00,0.726,0.768,0.101,10.821
2019-03-01 09:00,0.781,0.850,0.106,12.138
2019-03-01 10:00,0.740,0.773,0.128,13.057
2019-03-01 11:00,0.533,0.427,0.193,13.436
2019-03-01 12:00,0.297,0.139,0.201,13.369
2019-03-01 13:00,0.178,0.065,0.146,13.034
2019-03-01 14:00,0.094,0.038,0.082,12.301
2019-03-01 15:00,0.002,0.005,0.013,10.689
2019-03-01 16:00,0,0,0,9.743
2019-03-01 17:00,0,0,0,9.387
2019-03-01 18:00,0,0,0,9.073
2019-03-01 19:00,0,0,0,8.752
2019-03-01 20:00,0,0,0,8.504
2019-03-01 21:00,0,0,0,8.546
2019-03-01 22:00,0,0,0,8.483
2019-03-01 23:00,0,0,0,7.975
2019-03-02 00:00,0,0,0,7.535
2019-03-02 01:00,0,0,0,7.352
2019-03-02 02:00,0,0,0,7.365
2019-03-02 03:00,0,0,0,7.499
2019-03-02 04:00,0,0,0.006,7.509
2019-03-02 05:00,0.041,0.007,0.056,7.953
2019-03-02 06:00,0.109,0.015,0.120,8.589
2019-03-02 07:00,0.155,0.019,0.164,9.272
2019-03-02 08:00,0.200,0.025,0.205,9.834
2019-03-02 09:00,0.243,0.037,0.240,10.294
2019-03-02 10:00,0.302,0.065,0.277,10.924
2019-03-02 11:00,0.227,0.035,0.225,11.191
2019-03-02 12:00,0.197,0.032,0.197,11.164
2019-03-02 13:00,0.121,0.016,0.132,10.388
2019-03-02 14:00,0.043,0.005,0.061,9.127
2019-03-02 15:00,0,0,0.007,7.812
2019-03-02 16:00,0,0,0,7.039
2019-03-02 17:00,0,0,0,6.578
2019-03-02 18:00,0,0,0,6.168
2019-03-02 19:00,0,0,0,5.799
2019-03-02 20:00,0,0,0,5.518
2019-03-02 21:00,0,0,0,5.339
2019-03-02 22:00,0,0,0,5.246
2019-03-02 23:00,0,0,0,5.033
2019-03-03 00:00,0,0,0,4.729
2019-03-03 01:00,0,0,0,4.559
2019-03-03 02:00,0,0,0,4.437
2019-03-03 03:00,0,0,0,4.137
2019-03-03 04:00,0,0.006,0.009,3.661
2019-03-03 05:00,0.203,0.170,0.059,4.825
2019-03-03 06:00,0.455,0.432,0.072,5.906
2019-03-03 07:00,0.642,0.657,0.080,6.875
2019-03-03 08:00,0.759,0.814,0.086,7.709
2019-03-03 09:00,0.798,0.862,0.098,8.247
2019-03-03 10:00,0.771,0.811,0.110,8.387
2019-03-03 11:00,0.689,0.687,0.119,8.243
2019-03-03 12:00,0.589,0.564,0.108,7.891
2019-03-03 13:00,0.435,0.396,0.089,7.280
2019-03-03 14:00,0.231,0.197,0.062,6.287
2019-03-03 15:00,0.020,0.024,0.015,4.721
2019-03-03 16:00,0,0,0,3.487
2019-03-03 17:00,0,0,0,3.023
2019-03-03 18:00,0,0,0,2.679
2019-03-03 19:00,0,0,0,2.391
2019-03-03 20:00,0,0,0,2.154
2019-03-03 21:00,0,0,0,1.940
2019-03-03 22:00,0,0,0,1.744
2019-03-03 23:00,0,0,0,1.592
2019-03-04 00:00,0,0,0,1.464
2019-03-04 01:00,0,0,0,1.387
2019-03-04 02:00,0,0,0,1.406
2019-03-04 03:00,0,0,0,1.603
2019-03-04 04:00,0.004,0.011,0.009,1.942
2019-03-04 05:00,0.239,0.215,0.049,3.301
2019-03-04 06:00,0.484,0.473,0.061,4.586
2019-03-04 07:00,0.668,0.697,0.069,5.739
2019-03-04 08:00,0.786,0.860,0.075,6.941
2019-03-04 09:00,0.843,0.951,0.077,8.374
2019-03-04 10:00,0.844,0.958,0.077,9.235
2019-03-04 11:00,0.791,0.882,0.074,9.575
2019-03-04 12:00,0.678,0.727,0.069,9.569
2019-03-04 13:00,0.502,0.508,0.062,9.272
2019-03-04 14:00,0.261,0.243,0.051,8.492
2019-03-04 15:00,0.026,0.032,0.015,6.613
2019-03-04 16:00,0,0,0,5.587
2019-03-04 17:00,0,0,0,5.191
2019-03-04 18:00,0,0,0,4.639
2019-03-04 19:00,0,0,0,4.074
2019-03-04 20:00,0,0,0,3.868
2019-03-04 21:00,0,0,0,3.867
2019-03-04 22:00,0,0,0,3.917
2019-03-04 23:00,0,0,0,3.932
2019-03-05 00:00,0,0,0,3.866
2019-03-05 01:00,0,0,0,3.756
2019-03-05 02:00,0,0,0,3.657
2019-03-05 03:00,0,0,0,3.615
2019-03-05 04:00,0.006,0.013,0.010,3.878
2019-03-05 05:00,0.243,0.224,0.048,6.346
2019-03-05 06:00,0.480,0.479,0.061,8.227
2019-03-05 07:00,0.656,0.696,0.070,9.615
2019-03-05 08:00,0.772,0.859,0.076,10.764
2019-03-05 09:00,0.829,0.947,0.079,11.641
2019-03-05 10:00,0.827,0.948,0.080,12.339
2019-03-05 11:00,0.770,0.866,0.078,12.918
2019-03-05 12:00,0.655,0.707,0.074,13.382
2019-03-05 13:00,0.479,0.485,0.068,13.470
2019-03-05 14:00,0.244,0.225,0.057,12.732
2019-03-05 15:00,0.024,0.028,0.017,10.634
2019-03-05 16:00,0,0,0,9.575
2019-03-05 17:00,0,0,0,9.521
2019-03-05 18:00,0,0,0,9.445
2019-03-05 19:00,0,0,0,9.165
2019-03-05 20:00,0,0,0,8.896
2019-03-05 21:00,0,0,0,8.703
2019-03-05 22:00,0,0,0,8.669
2019-03-05 23:00,0,0,0,8.654
2019-03-06 00:00,0,0,0,8.576
2019-03-06 01:00,0,0,0,8.419
2019-03-06 02:00,0,0,0,8.536
2019-03-06 03:00,0,0,0,9.013
2019-03-06 04:00,0,0,0.005,8.797
2019-03-06 05:00,0.012,0.001,0.030,9.060
2019-03-06 06:00,0.012,0.001,0.030,9.129
2019-03-06 07:00,0.019,0.001,0.038,9.188
2019-03-06 08:00,0.033,0.001,0.054,9.325
2019-03-06 09:00,0.091,0.004,0.113,9.894
2019-03-06 10:00,0.222,0.024,0.231,10.882
2019-03-06 11:00,0.297,0.064,0.274,11.757
2019-03-06 12:00,0.250,0.056,0.231,12.355
2019-03-06 13:00,0.159,0.030,0.160,12.636
2019-03-06 14:00,0.085,0.018,0.094,12.406
2019-03-06 15:00,0.006,0.004,0.020,10.981
2019-03-06 16:00,0,0,0,9.953
2019-03-06 17:00,0,0,0,9.654
2019-03-06 18:00,0,0,0,9.724
2019-03-06 19:00,0,0,0,9.963
2019-03-06 20:00,0,0,0,9.654
2019-03-06 21:00,0,0,0,8.392
2019-03-06 22:00,0,0,0,6.636
2019-03-06 23:00,0,0,0,5.575
2019-03-07 00:00,0,0,0,5.215
2019-03-07 01:00,0,0,0,5.343
2019-03-07 02:00,0,0,0,5.419
2019-03-07 03:00,0,0,0,5.265
2019-03-07 04:00,0.008,0.013,0.013,5.170
2019-03-07 05:00,0.223,0.193,0.059,6.931
2019-03-07 06:00,0.460,0.445,0.073,8.621
2019-03-07 07:00,0.646,0.677,0.079,10.093
2019-03-07 08:00,0.758,0.831,0.086,11.301
2019-03-07 09:00,0.799,0.890,0.095,12.464
2019-03-07 10:00,0.780,0.859,0.103,13.417
2019-03-07 11:00,0.717,0.768,0.105,14.013
2019-03-07 12:00,0.596,0.600,0.106,14.284
2019-03-07 13:00,0.370,0.307,0.117,14.038
2019-03-07 14:00,0.162,0.106,0.087,13.005
2019-03-07 15:00,0.013,0.013,0.020,10.946
2019-03-07 16:00,0,0,0,9.749
2019-03-07 17:00,0,0,0,9.336
2019-03-07 18:00,0,0,0,9.039
2019-03-07 19:00,0,0,0,8.975
2019-03-07 20:00,0,0,0,9.179
2019-03-07 21:00,0,0,0,9.302
2019-03-07 22:00,0,0,0,9.226
2019-03-07 23:00,0,0,0,9.025
2019-03-08 00:00,0,0,0,8.775
2019-03-08 01:00,0,0,0,8.559
2019-03-08 02:00,0,0,0,8.338
2019-03-08 03:00,0,0,0,8.078
2019-03-08 04:00,0.008,0.012,0.013,8.057
2019-03-08 05:00,0.222,0.196,0.058,10.111
2019-03-08 06:00,0.453,0.445,0.072,11.465
2019-03-08 07:00,0.629,0.663,0.080,12.770
2019-03-08 08:00,0.741,0.823,0.086,14.337
2019-03-08 09:00,0.799,0.918,0.087,15.628
2019-03-08 10:00,0.800,0.923,0.088,16.303
2019-03-08 11:00,0.747,0.845,0.086,16.724
2019-03-08 12:00,0.640,0.696,0.080,16.954
2019-03-08 13:00,0.473,0.484,0.072,16.910
2019-03-08 14:00,0.250,0.233,0.059,16.363
2019-03-08 15:00,0.032,0.035,0.020,14.818
2019-03-08 16:00,0,0,0,14.105
2019-03-08 17:00,0,0,0,13.656
2019-03-08 18:00,0,0,0,12.831
2019-03-08 19:00,0,0,0,11.826
2019-03-08 20:00,0,0,0,11.268
2019-03-08 21:00,0,0,0,11.101
2019-03-08 22:00,0,0,0,10.891
2019-03-08 23:00,0,0,0,10.552
2019-03-09 00:00,0,0,0,10.198
2019-03-09 01:00,0,0,0,9.940
2019-03-09 02:00,0,0,0,9.626
2019-03-09 03:00,0,0,0,9.368
2019-03-09 04:00,0.004,0.006,0.015,9.409
2019-03-09 05:00,0.170,0.121,0.079,10.958
2019-03-09 06:00,0.390,0.337,0.107,12.167
2019-03-09 07:00,0.546,0.511,0.125,13.287
2019-03-09 08:00,0.689,0.712,0.121,14.156
2019-03-09 09:00,0.781,0.863,0.109,14.806
2019-03-09 10:00,0.786,0.874,0.108,15.304
2019-03-09 11:00,0.695,0.724,0.125,15.670
2019-03-09 12:00,0.489,0.407,0.165,15.787
2019-03-09 13:00,0.232,0.110,0.162,15.509
2019-03-09 14:00,0.090,0.028,0.089,14.771
2019-03-09 15:00,0.010,0.007,0.022,13.406
2019-03-09 16:00,0,0,0,12.408
2019-03-09 17:00,0,0,0,11.911
2019-03-09 18:00,0,0,0,11.464
2019-03-09 19:00,0,0,0,11.064
2019-03-09 20:00,0,0,0,10.627
2019-03-09 21:00,0,0,0,10.235
2019-03-09 22:00,0,0,0,9.948
2019-03-09 23:00,0,0,0,9.694
2019-03-10 00:00,0,0,0,9.471
2019-03-10 01:00,0,0,0,9.282
2019-03-10 02:00,0,0,0,9.159
2019-03-10 03:00,0,0,0,9.042
2019-03-10 04:00,0.007,0.008,0.016,9.194
2019-03-10 05:00,0.177,0.130,0.077,10.586
2019-03-10 06:00,0.412,0.373,0.096,11.764
2019-03-10 07:00,0.597,0.600,0.102,12.978
2019-03-10 08:00,0.709,0.754,0.108,14.201
2019-03-10 09:00,0.768,0.844,0.112,15.451
2019-03-10 10:00,0.710,0.728,0.145,16.105
2019-03-10 11:00,0.461,0.316,0.223,16.132
2019-03-10 12:00,0.389,0.258,0.194,15.985
2019-03-10 13:00,0.445,0.421,0.098,15.873
2019-03-10 14:00,0.249,0.222,0.068,15.111
2019-03-10 15:00,0.034,0.034,0.023,13.121
2019-03-10 16:00,0,0,0,11.680
2019-03-10 17:00,0,0,0,11.475
2019-03-10 18:00,0,0,0,11.498
2019-03-10 19:00,0,0,0,11.304
2019-03-10 20:00,0,0,0,11.256
2019-03-10 21:00,0,0,0,11.254
2019-03-10 22:00,0,0,0,11.144
2019-03-10 23:00,0,0,0,10.955
2019-03-11 00:00,0,0,0,10.878
2019-03-11 01:00,0,0,0,10.850
2019-03-11 02:00,0,0,0,10.858
2019-03-11 03:00,0,0,0,10.829
2019-03-11 04:00,0,0.001,0.011,10.785
2019-03-11 05:00,0.066,0.015,0.076,11.227
2019-03-11 06:00,0.199,0.073,0.159,11.984
2019-03-11 07:00,0.382,0.229,0.208,13.215
2019-03-11 08:00,0.539,0.420,0.211,14.509
2019-03-11 09:00,0.626,0.546,0.204,15.349
2019-03-11 10:00,0.620,0.537,0.207,15.903
2019-03-11 11:00,0.566,0.472,0.201,16.316
2019-03-11 12:00,0.517,0.449,0.162,16.692
2019-03-11 13:00,0.399,0.340,0.126,16.930
2019-03-11 14:00,0.193,0.134,0.097,16.734
2019-03-11 15:00,0.017,0.012,0.026,15.496
2019-03-11 16:00,0,0,0,14.678
2019-03-11 17:00,0,0,0,13.608
2019-03-11 18:00,0,0,0,12.836
2019-03-11 19:00,0,0,0,12.478
2019-03-11 20:00,0,0,0,12.196
2019-03-11 21:00,0,0,0,11.818
2019-03-11 22:00,0,0,0,11.474
2019-03-11 23:00,0,0,0,11.054
2019-03-12 00:00,0,0,0,10.841
2019-03-12 01:00,0,0,0,10.913
2019-03-12 02:00,0,0,0,11.433
2019-03-12 03:00,0,0,0,11.753
2019-03-12 04:00,0.003,0.002,0.017,12.067
2019-03-12 05:00,0.099,0.029,0.098,12.871
2019-03-12 06:00,0.290,0.155,0.179,13.742
2019-03-12 07:00,0.437,0.275,0.231,14.633
2019-03-12 08:00,0.319,0.090,0.278,14.887
2019-03-12 09:00,0.267,0.041,0.268,14.737
2019-03-12 10:00,0.141,0.008,0.164,13.966
2019-03-12 11:00,0.068,0.002,0.091,12.603
2019-03-12 12:00,0.036,0.001,0.057,10.382
2019-03-12 13:00,0.025,0.001,0.045,8.122
2019-03-12 14:00,0.012,0.001,0.030,7.299
2019-03-12 15:00,0,0,0.007,7.170
2019-03-12 16:00,0,0,0,6.959
2019-03-12 17:00,0,0,0,6.615
2019-03-12 18:00,0,0,0,6.208
2019-03-12 19:00,0,0,0,5.862
2019-03-12 20:00,0,0,0,5.630
2019-03-12 21:00,0,0,0,5.575
2019-03-12 22:00,0,0,0,5.533
2019-03-12 23:00,0,0,0,5.614
2019-03-13 00:00,0,0,0,5.797
2019-03-13 01:00,0,0,0,5.987
2019-03-13 02:00,0,0,0,6.140
2019-03-13 03:00,0,0,0,6.128
2019-03-13 04:00,0,0,0.005,6.085
2019-03-13 05:00,0.012,0.001,0.030,6.184
2019-03-13 06:00,0.070,0.004,0.089,6.370
2019-03-13 07:00,0.165,0.017,0.174,6.598
2019-03-13 08:00,0.243,0.035,0.238,6.765
2019-03-13 09:00,0.279,0.044,0.267,7.003
2019-03-13 10:00,0.302,0.056,0.281,7.327
2019-03-13 11:00,0.322,0.076,0.282,7.557
2019-03-13 12:00,0.273,0.066,0.240,7.621
2019-03-13 13:00,0.226,0.065,0.190,7.581
2019-03-13 14:00,0.128,0.037,0.116,7.233
2019-03-13 15:00,0.013,0.005,0.027,6.566
2019-03-13 16:00,0,0,0,5.958
2019-03-13 17:00,0,0,0,5.719
2019-03-13 18:00,0,0,0,5.515
2019-03-13 19:00,0,0,0,5.298
2019-03-13 20:00,0,0,0,5.090
2019-03-13 21:00,0,0,0,4.923
2019-03-13 22:00,0,0,0,4.827
2019-03-13 23:00,0,0,0,4.746
2019-03-14 00:00,0,0,0,4.667
2019-03-14 01:00,0,0,0,4.557
2019-03-14 02:00,0,0,0,4.458
2019-03-14 03:00,0,0,0,4.368
2019-03-14 04:00,0.016,0.013,0.022,4.677
2019-03-14 05:00,0.208,0.153,0.083,6.727
2019-03-14 06:00,0.392,0.312,0.125,7.857
2019-03-14 07:00,0.479,0.360,0.180,8.600
2019-03-14 08:00,0.517,0.359,0.228,9.235
2019-03-14 09:00,0.586,0.439,0.237,9.742
2019-03-14 10:00,0.609,0.478,0.228,10.019
2019-03-14 11:00,0.573,0.442,0.217,10.108
2019-03-14 12:00,0.421,0.257,0.218,9.817
2019-03-14 13:00,0.238,0.093,0.177,9.182
2019-03-14 14:00,0.098,0.024,0.099,8.379
2019-03-14 15:00,0.008,0.003,0.022,7.568
2019-03-14 16:00,0,0,0,6.851
2019-03-14 17:00,0,0,0,6.379
2019-03-14 18:00,0,0,0,5.914
2019-03-14 19:00,0,0,0,5.555
2019-03-14 20:00,0,0,0,5.443
2019-03-14 21:00,0,0,0,5.566
2019-03-14 22:00,0,0,0,5.707
2019-03-14 23:00,0,0,0,5.770
2019-03-15 00:00,0,0,0,5.663
2019-03-15 01:00,0,0,0,5.486
2019-03-15 02:00,0,0,0,5.334
2019-03-15 03:00,0,0,0,5.179
2019-03-15 04:00,0,0,0.010,5.119
2019-03-15 05:00,0.063,0.010,0.076,5.809
2019-03-15 06:00,0.168,0.036,0.157,6.250
2019-03-15 07:00,0.237,0.054,0.213,6.611
2019-03-15 08:00,0.304,0.080,0.258,7.014
2019-03-15 09:00,0.461,0.221,0.295,7.595
2019-03-15 10:00,0.588,0.415,0.258,8.372
2019-03-15 11:00,0.569,0.423,0.229,9.054
2019-03-15 12:00,0.520,0.402,0.189,9.211
2019-03-15 13:00,0.363,0.247,0.160,9.037
2019-03-15 14:00,0.218,0.143,0.105,8.577
2019-03-15 15:00,0.034,0.021,0.035,7.534
2019-03-15 16:00,0,0,0,6.089
2019-03-15 17:00,0,0,0,5.541
2019-03-15 18:00,0,0,0,5.176
2019-03-15 19:00,0,0,0,4.999
2019-03-15 20:00,0,0,0,5.096
2019-03-15 21:00,0,0,0,5.343
2019-03-15 22:00,0,0,0,5.398
2019-03-15 23:00,0,0,0,5.465
2019-03-16 00:00,0,0,0,5.408
2019-03-16 01:00,0,0,0,5.197
2019-03-16 02:00,0,0,0,4.841
2019-03-16 03:00,0,0,0,4.463
2019-03-16 04:00,0.023,0.019,0.024,4.381
2019-03-16 05:00,0.242,0.198,0.072,6.258
2019-03-16 06:00,0.475,0.447,0.087,7.870
2019-03-16 07:00,0.653,0.666,0.095,9.318
2019-03-16 08:00,0.755,0.800,0.108,10.285
2019-03-16 09:00,0.802,0.866,0.116,10.870
2019-03-16 10:00,0.814,0.888,0.113,11.300
2019-03-16 11:00,0.751,0.791,0.118,11.575
2019-03-16 12:00,0.546,0.467,0.164,11.593
2019-03-16 13:00,0.209,0.068,0.173,11.125
2019-03-16 14:00,0.046,0.005,0.064,10.316
2019-03-16 15:00,0,0.001,0.012,9.673
2019-03-16 16:00,0,0,0,9.568
2019-03-16 17:00,0,0,0,9.912
2019-03-16 18:00,0,0,0,9.906
2019-03-16 19:00,0,0,0,9.816
2019-03-16 20:00,0,0,0,9.710
2019-03-16 21:00,0,0,0,9.704
2019-03-16 22:00,0,0,0,9.566
2019-03-16 23:00,0,0,0,9.261
2019-03-17 00:00,0,0,0,8.898
2019-03-17 01:00,0,0,0,8.514
2019-03-17 02:00,0,0,0,8.075
2019-03-17 03:00,0,0,0,7.913
2019-03-17 04:00,0.009,0.005,0.022,8.235
2019-03-17 05:00,0.148,0.080,0.096,9.453
2019-03-17 06:00,0.403,0.344,0.113,11.009
2019-03-17 07:00,0.632,0.649,0.097,12.401
2019-03-17 08:00,0.744,0.808,0.101,13.467
2019-03-17 09:00,0.803,0.898,0.104,14.187
2019-03-17 10:00,0.803,0.901,0.105,14.734
2019-03-17 11:00,0.751,0.826,0.102,15.176
2019-03-17 12:00,0.642,0.675,0.098,15.449
2019-03-17 13:00,0.477,0.465,0.091,15.461
2019-03-17 14:00,0.245,0.202,0.084,14.886
2019-03-17 15:00,0.039,0.025,0.037,13.008
2019-03-17 16:00,0,0,0,11.275
2019-03-17 17:00,0,0,0,10.850
2019-03-17 18:00,0,0,0,10.693
2019-03-17 19:00,0,0,0,10.570
2019-03-17 20:00,0,0,0,10.453
2019-03-17 21:00,0,0,0,10.286
2019-03-17 22:00,0,0,0,10.104
2019-03-17 23:00,0,0,0,9.887
2019-03-18 00:00,0,0,0,9.647
2019-03-18 01:00,0,0,0,9.409
2019-03-18 02:00,0,0,0,9.209
2019-03-18 03:00,0,0,0,9.030
2019-03-18 04:00,0.030,0.029,0.023,9.428
2019-03-18 05:00,0.255,0.231,0.060,11.807
2019-03-18 06:00,0.479,0.481,0.072,13.160
2019-03-18 07:00,0.649,0.698,0.080,14.553
2019-03-18 08:00,0.759,0.857,0.086,15.599
2019-03-18 09:00,0.813,0.943,0.090,16.503
2019-03-18 10:00,0.814,0.949,0.090,17.315
2019-03-18 11:00,0.762,0.873,0.088,17.997
2019-03-18 12:00,0.656,0.724,0.083,18.504
2019-03-18 13:00,0.495,0.514,0.075,18.782
2019-03-18 14:00,0.281,0.266,0.064,18.757
2019-03-18 15:00,0.056,0.047,0.035,17.450
2019-03-18 16:00,0,0,0,15.665
2019-03-18 17:00,0,0,0,14.275
2019-03-18 18:00,0,0,0,13.332
2019-03-18 19:00,0,0,0,12.913
2019-03-18 20:00,0,0,0,12.687
2019-03-18 21:00,0,0,0,12.159
2019-03-18 22:00,0,0,0,11.503
2019-03-18 23:00,0,0,0,11.055
2019-03-19 00:00,0,0,0,10.713
2019-03-19 01:00,0,0,0,10.336
2019-03-19 02:00,0,0,0,9.939
2019-03-19 03:00,0,0,0,9.544
2019-03-19 04:00,0.031,0.028,0.026,9.854
2019-03-19 05:00,0.250,0.220,0.066,11.963
2019-03-19 06:00,0.471,0.464,0.079,13.283
2019-03-19 07:00,0.639,0.677,0.088,14.427
2019-03-19 08:00,0.750,0.834,0.094,15.260
2019-03-19 09:00,0.805,0.918,0.098,15.895
2019-03-19 10:00,0.803,0.915,0.101,16.448
2019-03-19 11:00,0.738,0.813,0.105,16.937
2019-03-19 12:00,0.605,0.617,0.113,17.295
2019-03-19 13:00,0.419,0.374,0.116,17.419
2019-03-19 14:00,0.215,0.158,0.097,17.066
2019-03-19 15:00,0.043,0.027,0.040,15.741
2019-03-19 16:00,0,0,0,13.928
2019-03-19 17:00,0,0,0,12.716
2019-03-19 18:00,0,0,0,11.889
2019-03-19 19:00,0,0,0,11.373
2019-03-19 20:00,0,0,0,11.210
2019-03-19 21:00,0,0,0,11.473
2019-03-19 22:00,0,0,0,11.601
2019-03-19 23:00,0,0,0,10.836
2019-03-20 00:00,0,0,0,9.699
2019-03-20 01:00,0,0,0,8.832
2019-03-20 02:00,0,0,0,8.280
2019-03-20 03:00,0,0,0,7.949
2019-03-20 04:00,0.023,0.015,0.029,8.278
2019-03-20 05:00,0.199,0.141,0.088,9.166
2019-03-20 06:00,0.461,0.434,0.089,10.165
2019-03-20 07:00,0.649,0.674,0.089,11.133
2019-03-20 08:00,0.763,0.833,0.095,11.805
2019-03-20 09:00,0.818,0.914,0.099,12.189
2019-03-20 10:00,0.824,0.924,0.099,12.312
2019-03-20 11:00,0.775,0.851,0.096,12.021
2019-03-20 12:00,0.667,0.698,0.092,11.450
2019-03-20 13:00,0.503,0.491,0.084,10.678
2019-03-20 14:00,0.285,0.249,0.073,9.686
2019-03-20 15:00,0.059,0.043,0.040,8.576
2019-03-20 16:00,0,0,0,7.550
2019-03-20 17:00,0,0,0,7.191
2019-03-20 18:00,0,0,0,6.968
2019-03-20 19:00,0,0,0,6.731
2019-03-20 20:00,0,0,0,6.462
2019-03-20 21:00,0,0,0,6.253
2019-03-20 22:00,0,0,0,6.300
2019-03-20 23:00,0,0,0,6.572
2019-03-21 00:00,0,0,0,6.885
2019-03-21 01:00,0,0,0,7.245
2019-03-21 02:00,0,0,0,7.652
2019-03-21 03:00,0,0,0,7.785
2019-03-21 04:00,0.008,0.003,0.023,7.933
2019-03-21 05:00,0.147,0.069,0.105,8.538
2019-03-21 06:00,0.443,0.393,0.107,9.541
2019-03-21 07:00,0.632,0.634,0.104,10.531
2019-03-21 08:00,0.754,0.805,0.107,11.247
2019-03-21 09:00,0.810,0.886,0.111,11.641
2019-03-21 10:00,0.809,0.881,0.115,11.735
2019-03-21 11:00,0.744,0.780,0.119,11.496
2019-03-21 12:00,0.630,0.620,0.118,11.042
2019-03-21 13:00,0.450,0.393,0.117,10.361
2019-03-21 14:00,0.232,0.161,0.103,9.496
2019-03-21 15:00,0.032,0.012,0.042,8.573
2019-03-21 16:00,0,0,0,7.981
2019-03-21 17:00,0,0,0,7.704
2019-03-21 18:00,0,0,0,7.596
2019-03-21 19:00,0,0,0,7.457
2019-03-21 20:00,0,0,0,7.232
2019-03-21 21:00,0,0,0,6.543
2019-03-21 22:00,0,0,0,6.104
2019-03-21 23:00,0,0,0,5.698
2019-03-22 00:00,0,0,0,5.241
2019-03-22 01:00,0,0,0,4.971
2019-03-22 02:00,0,0,0,4.757
2019-03-22 03:00,0,0,0,4.565
2019-03-22 04:00,0.044,0.038,0.027,5.195
2019-03-22 05:00,0.278,0.250,0.060,7.253
2019-03-22 06:00,0.512,0.509,0.069,8.297
2019-03-22 07:00,0.684,0.725,0.078,9.316
2019-03-22 08:00,0.794,0.879,0.086,10.238
2019-03-22 09:00,0.846,0.959,0.090,11.023
2019-03-22 10:00,0.846,0.962,0.091,11.602
2019-03-22 11:00,0.794,0.884,0.090,11.887
2019-03-22 12:00,0.684,0.730,0.085,11.911
2019-03-22 13:00,0.521,0.522,0.077,11.685
2019-03-22 14:00,0.303,0.276,0.067,11.130
2019-03-22 15:00,0.070,0.054,0.041,9.793
2019-03-22 16:00,0,0,0,7.778
2019-03-22 17:00,0,0,0,7.100
2019-03-22 18:00,0,0,0,6.659
2019-03-22 19:00,0,0,0,6.326
2019-03-22 20:00,0,0,0,6.027
2019-03-22 21:00,0,0,0,5.872
2019-03-22 22:00,0,0,0,5.891
2019-03-22 23:00,0,0,0,5.983
2019-03-23 00:00,0,0,0,6.046
2019-03-23 01:00,0,0,0,6.006
2019-03-23 02:00,0,0,0,5.897
2019-03-23 03:00,0,0,0,5.749
2019-03-23 04:00,0.030,0.017,0.034,6.279
2019-03-23 05:00,0.225,0.165,0.091,8.086
2019-03-23 06:00,0.467,0.432,0.097,10.059
2019-03-23 07:00,0.644,0.658,0.102,11.693
2019-03-23 08:00,0.757,0.816,0.108,12.696
2019-03-23 09:00,0.808,0.891,0.114,13.343
2019-03-23 10:00,0.805,0.884,0.117,13.603
2019-03-23 11:00,0.756,0.811,0.115,13.464
2019-03-23 12:00,0.641,0.641,0.119,13.004
2019-03-23 13:00,0.368,0.253,0.164,12.022
2019-03-23 14:00,0.112,0.028,0.111,10.640
2019-03-23 15:00,0.019,0.004,0.035,9.357
2019-03-23 16:00,0,0,0,8.300
2019-03-23 17:00,0,0,0,7.359
2019-03-23 18:00,0,0,0,6.499
2019-03-23 19:00,0,0,0,5.795
2019-03-23 20:00,0,0,0,5.328
2019-03-23 21:00,0,0,0,4.904
2019-03-23 22:00,0,0,0,4.549
2019-03-23 23:00,0,0,0,4.205
2019-03-24 00:00,0,0,0,3.927
2019-03-24 01:00,0,0,0,3.721
2019-03-24 02:00,0,0,0,3.610
2019-03-24 03:00,0,0,0,3.465
2019-03-24 04:00,0.052,0.046,0.028,4.221
2019-03-24 05:00,0.291,0.267,0.057,6.634
2019-03-24 06:00,0.518,0.515,0.069,7.730
2019-03-24 07:00,0.686,0.723,0.080,8.632
2019-03-24 08:00,0.774,0.835,0.095,9.312
2019-03-24 09:00,0.830,0.917,0.100,9.834
2019-03-24 10:00,0.836,0.929,0.099,10.131
2019-03-24 11:00,0.783,0.852,0.097,10.218
2019-03-24 12:00,0.687,0.722,0.088,10.147
2019-03-24 13:00,0.523,0.517,0.080,9.862
2019-03-24 14:00,0.310,0.280,0.068,9.321
2019-03-24 15:00,0.077,0.058,0.043,8.301
2019-03-24 16:00,0,0,0.001,6.541
2019-03-24 17:00,0,0,0,5.910
2019-03-24 18:00,0,0,0,5.479
2019-03-24 19:00,0,0,0,5.122
2019-03-24 20:00,0,0,0,4.805
2019-03-24 21:00,0,0,0,4.533
2019-03-24 22:00,0,0,0,4.302
2019-03-24 23:00,0,0,0,4.148
2019-03-25 00:00,0,0,0,4.119
2019-03-25 01:00,0,0,0,4.171
2019-03-25 02:00,0,0,0,4.186
2019-03-25 03:00,0,0,0,4.076
2019-03-25 04:00,0.053,0.045,0.030,4.469
2019-03-25 05:00,0.287,0.260,0.059,6.462
2019-03-25 06:00,0.514,0.509,0.070,7.847
2019-03-25 07:00,0.684,0.724,0.079,9.091
2019-03-25 08:00,0.795,0.880,0.086,10.237
2019-03-25 09:00,0.851,0.970,0.089,11.285
2019-03-25 10:00,0.849,0.974,0.089,12.346
2019-03-25 11:00,0.796,0.898,0.087,13.177
2019-03-25 12:00,0.690,0.749,0.082,13.587
2019-03-25 13:00,0.527,0.540,0.074,13.705
2019-03-25 14:00,0.312,0.293,0.064,13.434
2019-03-25 15:00,0.080,0.064,0.042,12.199
2019-03-25 16:00,0,0,0.001,10.322
2019-03-25 17:00,0,0,0,9.260
2019-03-25 18:00,0,0,0,8.334
2019-03-25 19:00,0,0,0,7.490
2019-03-25 20:00,0,0,0,6.880
2019-03-25 21:00,0,0,0,6.592
2019-03-25 22:00,0,0,0,6.607
2019-03-25 23:00,0,0,0,6.820
2019-03-26 00:00,0,0,0,7.056
2019-03-26 01:00,0,0,0,7.160
2019-03-26 02:00,0,0,0,7.100
2019-03-26 03:00,0,0,0,6.649
2019-03-26 04:00,0.054,0.040,0.037,6.523
2019-03-26 05:00,0.288,0.259,0.063,8.165
2019-03-26 06:00,0.514,0.510,0.074,9.579
2019-03-26 07:00,0.682,0.728,0.083,11.630
2019-03-26 08:00,0.785,0.879,0.091,13.434
2019-03-26 09:00,0.834,0.961,0.095,15.066
2019-03-26 10:00,0.833,0.961,0.097,15.639
2019-03-26 11:00,0.779,0.874,0.098,15.539
2019-03-26 12:00,0.644,0.663,0.111,15.050
2019-03-26 13:00,0.387,0.292,0.153,13.970
2019-03-26 14:00,0.150,0.056,0.124,12.353
2019-03-26 15:00,0.027,0.006,0.042,10.563
2019-03-26 16:00,0,0,0.001,9.078
2019-03-26 17:00,0,0,0,8.466
2019-03-26 18:00,0,0,0,8.138
2019-03-26 19:00,0,0,0,7.971
2019-03-26 20:00,0,0,0,7.874
2019-03-26 21:00,0,0,0,7.789
2019-03-26 22:00,0,0,0,7.703
2019-03-26 23:00,0,0,0,7.604
2019-03-27 00:00,0,0,0,7.480
2019-03-27 01:00,0,0,0,7.439
2019-03-27 02:00,0,0,0,7.478
2019-03-27 03:00,0,0,0,7.613
2019-03-27 04:00,0.011,0.001,0.028,8.043
2019-03-27 05:00,0.103,0.018,0.111,8.974
2019-03-27 06:00,0.233,0.068,0.197,9.634
2019-03-27 07:00,0.388,0.176,0.262,10.403
2019-03-27 08:00,0.445,0.203,0.302,10.854
2019-03-27 09:00,0.466,0.204,0.327,11.019
2019-03-27 10:00,0.466,0.201,0.330,11.162
2019-03-27 11:00,0.421,0.165,0.312,11.215
2019-03-27 12:00,0.331,0.106,0.268,11.046
2019-03-27 13:00,0.252,0.076,0.212,10.765
2019-03-27 14:00,0.139,0.033,0.134,10.267
2019-03-27 15:00,0.032,0.005,0.049,9.531
2019-03-27 16:00,0,0,0.001,8.588
2019-03-27 17:00,0,0,0,8.011
2019-03-27 18:00,0,0,0,7.349
2019-03-27 19:00,0,0,0,6.862
2019-03-27 20:00,0,0,0,6.567
2019-03-27 21:00,0,0,0,6.430
2019-03-27 22:00,0,0,0,6.265
2019-03-27 23:00,0,0,0,6.006
2019-03-28 00:00,0,0,0,5.781
2019-03-28 01:00,0,0,0,5.585
2019-03-28 02:00,0,0,0,5.417
2019-03-28 03:00,0,0,0,5.203
2019-03-28 04:00,0.052,0.032,0.042,5.990
2019-03-28 05:00,0.260,0.211,0.081,7.809
2019-03-28 06:00,0.454,0.405,0.106,9.013
2019-03-28 07:00,0.601,0.568,0.126,9.767
2019-03-28 08:00,0.700,0.689,0.140,10.258
2019-03-28 09:00,0.763,0.779,0.142,10.438
2019-03-28 10:00,0.787,0.824,0.131,10.432
2019-03-28 11:00,0.777,0.831,0.109,10.268
2019-03-28 12:00,0.707,0.748,0.089,9.878
2019-03-28 13:00,0.527,0.510,0.089,9.198
2019-03-28 14:00,0.263,0.194,0.102,8.250
2019-03-28 15:00,0.049,0.018,0.054,7.252
2019-03-28 16:00,0,0,0.002,6.492
2019-03-28 17:00,0,0,0,6.170
2019-03-28 18:00,0,0,0,5.904
2019-03-28 19:00,0,0,0,5.649
2019-03-28 20:00,0,0,0,5.325
2019-03-28 21:00,0,0,0,5.072
2019-03-28 22:00,0,0,0,4.928
2019-03-28 23:00,0,0,0,4.814
2019-03-29 00:00,0,0,0,4.742
2019-03-29 01:00,0,0,0,4.713
2019-03-29 02:00,0,0,0,4.717
2019-03-29 03:00,0,0,0,4.688
2019-03-29 04:00,0.061,0.045,0.038,5.367
2019-03-29 05:00,0.297,0.270,0.060,6.641
2019-03-29 06:00,0.525,0.521,0.071,7.471
2019-03-29 07:00,0.688,0.721,0.082,8.155
2019-03-29 08:00,0.795,0.865,0.092,8.606
2019-03-29 09:00,0.833,0.911,0.104,8.861
2019-03-29 10:00,0.825,0.894,0.110,8.905
2019-03-29 11:00,0.772,0.815,0.109,8.768
2019-03-29 12:00,0.668,0.674,0.104,8.447
2019-03-29 13:00,0.510,0.481,0.094,7.870
2019-03-29 14:00,0.302,0.256,0.080,7.213
2019-03-29 15:00,0.086,0.059,0.050,6.539
2019-03-29 16:00,0,0,0.002,5.862
2019-03-29 17:00,0,0,0,5.705
2019-03-29 18:00,0,0,0,5.485
2019-03-29 19:00,0,0,0,5.196
2019-03-29 20:00,0,0,0,5.040
2019-03-29 21:00,0,0,0,4.870
2019-03-29 22:00,0,0,0,4.751
2019-03-29 23:00,0,0,0,4.667
2019-03-30 00:00,0,0,0,4.623
2019-03-30 01:00,0,0,0,4.640
2019-03-30 02:00,0,0,0,4.792
2019-03-30 03:00,0,0,0,4.990
2019-03-30 04:00,0.052,0.030,0.045,5.597
2019-03-30 05:00,0.253,0.199,0.084,6.606
2019-03-30 06:00,0.474,0.436,0.096,7.511
2019-03-30 07:00,0.632,0.621,0.108,8.308
2019-03-30 08:00,0.778,0.834,0.100,9.043
2019-03-30 09:00,0.847,0.941,0.098,9.375
2019-03-30 10:00,0.842,0.930,0.102,9.369
2019-03-30 11:00,0.799,0.870,0.097,9.272
2019-03-30 12:00,0.707,0.747,0.086,9.062
2019-03-30 13:00,0.548,0.548,0.077,8.634
2019-03-30 14:00,0.331,0.303,0.067,8.060
2019-03-30 15:00,0.094,0.071,0.048,7.346
2019-03-30 16:00,0,0,0.003,6.592
2019-03-30 17:00,0,0,0,6.312
2019-03-30 18:00,0,0,0,6.176
2019-03-30 19:00,0,0,0,5.943
2019-03-30 20:00,0,0,0,5.723
2019-03-30 21:00,0,0,0,5.621
2019-03-30 22:00,0,0,0,5.635
2019-03-30 23:00,0,0,0,5.658
2019-03-31 00:00,0,0,0,5.606
2019-03-31 01:00,0,0,0,5.594
2019-03-31 02:00,0,0,0,5.661
2019-03-31 03:00,0,0,0.001,5.679
2019-03-31 04:00,0.064,0.047,0.041,6.534
2019-03-31 05:00,0.297,0.269,0.063,7.923
2019-03-31 06:00,0.522,0.519,0.073,8.818
2019-03-31 07:00,0.691,0.733,0.081,9.485
2019-03-31 08:00,0.803,0.888,0.088,9.944
2019-03-31 09:00,0.853,0.962,0.094,10.265
2019-03-31 10:00,0.856,0.965,0.095,10.503
2019-03-31 11:00,0.800,0.881,0.095,10.561
2019-03-31 12:00,0.679,0.702,0.099,10.393
2019-03-31 13:00,0.490,0.452,0.105,10.004
2019-03-31 14:00,0.269,0.202,0.102,9.505
2019-03-31 15:00,0.060,0.024,0.060,8.813
2019-03-31 16:00,0,0,0.002,8.026
2019-03-31 17:00,0,0,0,7.634
2019-03-31 18:00,0,0,0,7.281
2019-03-31 19:00,0,0,0,6.888
2019-03-31 20:00,0,0,0,6.566
2019-03-31 21:00,0,0,0,6.402
2019-03-31 22:00,0,0,0,6.374
2019-03-31 23:00,0,0,0,6.277
2019-04-01 00:00,0,0,0,6.115
2019-04-01 01:00,0,0,0,5.915
2019-04-01 02:00,0,0,0,5.743
2019-04-01 03:00,0,0,0.001,5.562
2019-04-01 04:00,0.047,0.018,0.051,6.584
2019-04-01 05:00,0.204,0.120,0.113,8.232
2019-04-01 06:00,0.428,0.353,0.128,9.251
2019-04-01 07:00,0.609,0.579,0.128,10.332
2019-04-01 08:00,0.724,0.737,0.132,11.336
2019-04-01 09:00,0.784,0.827,0.133,12.069
2019-04-01 10:00,0.785,0.831,0.134,12.524
2019-04-01 11:00,0.732,0.755,0.133,12.752
2019-04-01 12:00,0.630,0.618,0.126,12.789
2019-04-01 13:00,0.487,0.448,0.113,12.587
2019-04-01 14:00,0.263,0.192,0.109,12.028
2019-04-01 15:00,0.065,0.028,0.063,11.019
2019-04-01 16:00,0,0,0.003,9.145
2019-04-01 17:00,0,0,0,8.310
2019-04-01 18:00,0,0,0,7.714
2019-04-01 19:00,0,0,0,7.214
2019-04-01 20:00,0,0,0,6.912
2019-04-01 21:00,0,0,0,6.734
2019-04-01 22:00,0,0,0,6.634
2019-04-01 23:00,0,0,0,6.512
2019-04-02 00:00,0,0,0,6.411
2019-04-02 01:00,0,0,0,6.350
2019-04-02 02:00,0,0,0,6.265
2019-04-02 03:00,0,0,0.001,6.356
2019-04-02 04:00,0.030,0.006,0.045,7.239
2019-04-02 05:00,0.169,0.072,0.125,8.565
2019-04-02 06:00,0.423,0.344,0.135,10.336
2019-04-02 07:00,0.621,0.607,0.123,11.889
2019-04-02 08:00,0.737,0.769,0.125,12.670
2019-04-02 09:00,0.793,0.850,0.129,12.913
2019-04-02 10:00,0.798,0.857,0.129,12.770
2019-04-02 11:00,0.750,0.785,0.127,12.416
2019-04-02 12:00,0.636,0.622,0.128,11.861
2019-04-02 13:00,0.478,0.425,0.121,11.116
2019-04-02 14:00,0.271,0.196,0.111,10.137
2019-04-02 15:00,0.065,0.024,0.065,9.073
2019-04-02 16:00,0,0,0.003,8.222
2019-04-02 17:00,0,0,0,7.838
2019-04-02 18:00,0,0,0,7.543
2019-04-02 19:00,0,0,0,7.266
2019-04-02 20:00,0,0,0,6.952
2019-04-02 21:00,0,0,0,6.619
2019-04-02 22:00,0,0,0,6.156
2019-04-02 23:00,0,0,0,5.775
2019-04-03 00:00,0,0,0,5.453
2019-04-03 01:00,0,0,0,5.275
2019-04-03 02:00,0,0,0,5.203
2019-04-03 03:00,0,0,0.001,5.176
2019-04-03 04:00,0.061,0.032,0.053,6.442
2019-04-03 05:00,0.273,0.223,0.084,8.530
2019-04-03 06:00,0.492,0.464,0.095,9.740
2019-04-03 07:00,0.655,0.663,0.106,10.663
2019-04-03 08:00,0.735,0.756,0.128,11.302
2019-04-03 09:00,0.756,0.764,0.153,11.697
2019-04-03 10:00,0.702,0.651,0.189,11.772
2019-04-03 11:00,0.619,0.519,0.206,11.578
2019-04-03 12:00,0.535,0.426,0.190,11.235
2019-04-03 13:00,0.407,0.297,0.163,10.673
2019-04-03 14:00,0.230,0.133,0.129,9.939
2019-04-03 15:00,0.074,0.031,0.067,9.107
2019-04-03 16:00,0,0,0.004,8.055
2019-04-03 17:00,0,0,0,7.276
2019-04-03 18:00,0,0,0,6.927
2019-04-03 19:00,0,0,0,6.651
2019-04-03 20:00,0,0,0,6.337
2019-04-03 21:00,0,0,0,6.089
2019-04-03 22:00,0,0,0,5.914
2019-04-03 23:00,0,0,0,5.819
2019-04-04 00:00,0,0,0,5.831
2019-04-04 01:00,0,0,0,5.907
2019-04-04 02:00,0,0,0,6.064
2019-04-04 03:00,0,0,0.002,6.077
2019-04-04 04:00,0.048,0.015,0.056,7.010
2019-04-04 05:00,0.219,0.131,0.118,8.406
2019-04-04 06:00,0.407,0.313,0.145,9.500
2019-04-04 07:00,0.591,0.538,0.146,10.476
2019-04-04 08:00,0.700,0.683,0.152,11.306
2019-04-04 09:00,0.744,0.738,0.163,11.863
2019-04-04 10:00,0.736,0.720,0.170,12.098
2019-04-04 11:00,0.689,0.656,0.167,12.095
2019-04-04 12:00,0.591,0.530,0.159,11.859
2019-04-04 13:00,0.436,0.347,0.149,11.383
2019-04-04 14:00,0.244,0.151,0.127,10.614
2019-04-04 15:00,0.070,0.025,0.069,9.499
2019-04-04 16:00,0,0,0.005,8.012
2019-04-04 17:00,0,0,0,7.108
2019-04-04 18:00,0,0,0,6.494
2019-04-04 19:00,0,0,0,5.961
2019-04-04 20:00,0,0,0,5.587
2019-04-04 21:00,0,0,0,5.500
2019-04-04 22:00,0,0,0,5.462
2019-04-04 23:00,0,0,0,5.539
2019-04-05 00:00,0,0,0,5.800
2019-04-05 01:00,0,0,0,5.984
2019-04-05 02:00,0,0,0,6.039
2019-04-05 03:00,0,0,0.002,5.960
2019-04-05 04:00,0.041,0.010,0.053,6.793
2019-04-05 05:00,0.179,0.081,0.126,7.483
2019-04-05 06:00,0.404,0.309,0.143,8.420
2019-04-05 07:00,0.646,0.643,0.111,9.791
2019-04-05 08:00,0.777,0.842,0.103,11.211
2019-04-05 09:00,0.835,0.936,0.104,12.329
2019-04-05 10:00,0.835,0.942,0.104,13.297
2019-04-05 11:00,0.783,0.869,0.102,14.207
2019-04-05 12:00,0.679,0.722,0.097,14.467
2019-04-05 13:00,0.521,0.517,0.091,14.190
2019-04-05 14:00,0.313,0.276,0.082,13.405
2019-04-05 15:00,0.095,0.062,0.061,12.012
2019-04-05 16:00,0,0,0.006,10.015
2019-04-05 17:00,0,0,0,8.764
2019-04-05 18:00,0,0,0,8.061
2019-04-05 19:00,0,0,0,7.671
2019-04-05 20:00,0,0,0,7.399
2019-04-05 21:00,0,0,0,7.326
2019-04-05 22:00,0,0,0,7.289
2019-04-05 23:00,0,0,0,7.346
2019-04-06 00:00,0,0,0,7.312
2019-04-06 01:00,0,0,0,7.311
2019-04-06 02:00,0,0,0,7.354
2019-04-06 03:00,0,0,0.002,7.433
2019-04-06 04:00,0.039,0.006,0.055,8.151
2019-04-06 05:00,0.182,0.069,0.142,9.137
2019-04-06 06:00,0.402,0.280,0.174,10.693
2019-04-06 07:00,0.566,0.471,0.188,12.217
2019-04-06 08:00,0.562,0.390,0.267,13.189
2019-04-06 09:00,0.480,0.227,0.328,13.710
2019-04-06 10:00,0.474,0.215,0.333,13.985
2019-04-06 11:00,0.517,0.297,0.305,14.117
2019-04-06 12:00,0.395,0.171,0.283,13.782
2019-04-06 13:00,0.218,0.045,0.209,12.913
2019-04-06 14:00,0.088,0.008,0.106,11.680
2019-04-06 15:00,0.018,0.001,0.037,10.508
2019-04-06 16:00,0,0,0.002,9.613
2019-04-06 17:00,0,0,0,9.162
2019-04-06 18:00,0,0,0,8.993
2019-04-06 19:00,0,0,0,8.916
2019-04-06 20:00,0,0,0,8.896
2019-04-06 21:00,0,0,0,8.904
2019-04-06 22:00,0,0,0,8.831
2019-04-06 23:00,0,0,0,8.589
2019-04-07 00:00,0,0,0,8.442
2019-04-07 01:00,0,0,0,8.419
2019-04-07 02:00,0,0,0,8.434
2019-04-07 03:00,0,0,0.002,8.517
2019-04-07 04:00,0.028,0.003,0.046,9.278
2019-04-07 05:00,0.118,0.021,0.125,10.181
2019-04-07 06:00,0.231,0.060,0.205,11.356
2019-04-07 07:00,0.347,0.127,0.269,12.751
2019-04-07 08:00,0.448,0.213,0.305,14.214
2019-04-07 09:00,0.551,0.352,0.298,15.135
2019-04-07 10:00,0.682,0.609,0.225,16.159
2019-04-07 11:00,0.691,0.671,0.179,16.938
2019-04-07 12:00,0.582,0.523,0.175,17.317
2019-04-07 13:00,0.415,0.311,0.175,17.425
2019-04-07 14:00,0.216,0.105,0.151,17.201
2019-04-07 15:00,0.058,0.012,0.072,16.358
2019-04-07 16:00,0,0,0.005,14.600
2019-04-07 17:00,0,0,0,13.336
2019-04-07 18:00,0,0,0,12.757
2019-04-07 19:00,0,0,0,12.406
2019-04-07 20:00,0,0,0,12.202
2019-04-07 21:00,0,0,0,12.111
2019-04-07 22:00,0,0,0,12.090
2019-04-07 23:00,0,0,0,12.114
2019-04-08 00:00,0,0,0,12.046
2019-04-08 01:00,0,0,0,11.920
2019-04-08 02:00,0,0,0,11.786
2019-04-08 03:00,0,0,0.003,11.571
2019-04-08 04:00,0.052,0.013,0.064,12.410
2019-04-08 05:00,0.205,0.105,0.135,13.439
2019-04-08 06:00,0.356,0.225,0.185,14.655
2019-04-08 07:00,0.479,0.336,0.223,15.725
2019-04-08 08:00,0.517,0.338,0.272,16.446
2019-04-08 09:00,0.535,0.340,0.296,17.031
2019-04-08 10:00,0.601,0.457,0.269,17.762
2019-04-08 11:00,0.577,0.449,0.246,18.298
2019-04-08 12:00,0.494,0.363,0.224,18.556
2019-04-08 13:00,0.386,0.266,0.187,18.408
2019-04-08 14:00,0.228,0.125,0.145,17.730
2019-04-08 15:00,0.071,0.021,0.078,16.321
2019-04-08 16:00,0,0,0.007,14.305
2019-04-08 17:00,0,0,0,12.993
2019-04-08 18:00,0,0,0,11.853
2019-04-08 19:00,0,0,0,11.033
2019-04-08 20:00,0,0,0,10.637
2019-04-08 21:00,0,0,0,10.631
2019-04-08 22:00,0,0,0,10.713
2019-04-08 23:00,0,0,0,10.915
2019-04-09 00:00,0,0,0,11.319
2019-04-09 01:00,0,0,0,11.234
2019-04-09 02:00,0,0,0,11.480
2019-04-09 03:00,0,0,0.002,11.769
2019-04-09 04:00,0.048,0.010,0.063,12.617
2019-04-09 05:00,0.237,0.149,0.126,13.848
2019-04-09 06:00,0.424,0.341,0.149,14.615
2019-04-09 07:00,0.578,0.521,0.163,15.077
2019-04-09 08:00,0.679,0.646,0.179,15.591
2019-04-09 09:00,0.647,0.542,0.240,15.821
2019-04-09 10:00,0.572,0.389,0.292,15.938
2019-04-09 11:00,0.462,0.232,0.307,15.945
2019-04-09 12:00,0.359,0.139,0.277,15.727
2019-04-09 13:00,0.271,0.091,0.224,15.289
2019-04-09 14:00,0.159,0.040,0.151,14.621
2019-04-09 15:00,0.056,0.009,0.072,13.813
2019-04-09 16:00,0,0,0.007,12.744
2019-04-09 17:00,0,0,0,12.015
2019-04-09 18:00,0,0,0,11.516
2019-04-09 19:00,0,0,0,11.175
2019-04-09 20:00,0,0,0,10.941
2019-04-09 21:00,0,0,0,10.735
2019-04-09 22:00,0,0,0,10.708
2019-04-09 23:00,0,0,0,10.654
2019-04-10 00:00,0,0,0,10.671
2019-04-10 01:00,0,0,0,10.668
2019-04-10 02:00,0,0,0,10.541
2019-04-10 03:00,0,0,0.002,10.493
2019-04-10 04:00,0.015,0.001,0.034,10.841
2019-04-10 05:00,0.070,0.004,0.091,11.196
2019-04-10 06:00,0.120,0.007,0.140,11.552
2019-04-10 07:00,0.156,0.010,0.176,11.884
2019-04-10 08:00,0.228,0.020,0.244,12.304
2019-04-10 09:00,0.276,0.030,0.286,12.804
2019-04-10 10:00,0.329,0.051,0.326,13.326
2019-04-10 11:00,0.300,0.044,0.301,13.647
2019-04-10 12:00,0.251,0.033,0.257,13.799
2019-04-10 13:00,0.201,0.027,0.208,13.790
2019-04-10 14:00,0.154,0.025,0.160,13.617
2019-04-10 15:00,0.048,0.004,0.068,13.044
2019-04-10 16:00,0,0,0.006,12.032
2019-04-10 17:00,0,0,0,11.573
2019-04-10 18:00,0,0,0,11.288
2019-04-10 19:00,0,0,0,11.129
2019-04-10 20:00,0,0,0,11.046
2019-04-10 21:00,0,0,0,10.969
2019-04-10 22:00,0,0,0,10.829
2019-04-10 23:00,0,0,0,10.612
2019-04-11 00:00,0,0,0,10.286
2019-04-11 01:00,0,0,0,10.063
2019-04-11 02:00,0,0,0,10.029
2019-04-11 03:00,0,0,0.003,10.181
2019-04-11 04:00,0.022,0.001,0.042,10.982
2019-04-11 05:00,0.069,0.005,0.090,11.591
2019-04-11 06:00,0.106,0.007,0.127,11.969
2019-04-11 07:00,0.123,0.007,0.145,12.379
2019-04-11 08:00,0.157,0.009,0.179,12.954
2019-04-11 09:00,0.187,0.013,0.208,13.719
2019-04-11 10:00,0.286,0.039,0.291,14.738
2019-04-11 11:00,0.417,0.147,0.338,15.895
2019-04-11 12:00,0.473,0.286,0.269,16.628
2019-04-11 13:00,0.457,0.367,0.170,16.930
2019-04-11 14:00,0.305,0.235,0.120,16.630
2019-04-11 15:00,0.109,0.059,0.080,15.642
2019-04-11 16:00,0,0,0.012,13.973
2019-04-11 17:00,0,0,0,13.097
2019-04-11 18:00,0,0,0,12.563
2019-04-11 19:00,0,0,0,12.155
2019-04-11 20:00,0,0,0,11.845
2019-04-11 21:00,0,0,0,11.458
2019-04-11 22:00,0,0,0,11.157
2019-04-11 23:00,0,0,0,11.028
2019-04-12 00:00,0,0,0,10.967
2019-04-12 01:00,0,0,0,10.798
2019-04-12 02:00,0,0,0,10.737
2019-04-12 03:00,0,0,0.006,10.984
2019-04-12 04:00,0.049,0.006,0.067,12.123
2019-04-12 05:00,0.110,0.013,0.125,12.825
2019-04-12 06:00,0.189,0.027,0.196,13.511
2019-04-12 07:00,0.240,0.034,0.245,14.378
2019-04-12 08:00,0.267,0.035,0.274,14.808
2019-04-12 09:00,0.279,0.038,0.285,14.677
2019-04-12 10:00,0.465,0.176,0.365,15.223
2019-04-12 11:00,0.524,0.291,0.326,16.109
2019-04-12 12:00,0.401,0.160,0.307,16.658
2019-04-12 13:00,0.150,0.014,0.169,16.226
2019-04-12 14:00,0.068,0.004,0.090,15.470
2019-04-12 15:00,0.049,0.004,0.070,15.005
2019-04-12 16:00,0,0,0.007,13.982
2019-04-12 17:00,0,0,0,13.612
2019-04-12 18:00,0,0,0,13.578
2019-04-12 19:00,0,0,0,13.424
2019-04-12 20:00,0,0,0,13.201
2019-04-12 21:00,0,0,0,12.905
2019-04-12 22:00,0,0,0,12.509
2019-04-12 23:00,0,0,0,12.261
2019-04-13 00:00,0,0,0,11.918
2019-04-13 01:00,0,0,0,11.723
2019-04-13 02:00,0,0,0,11.755
2019-04-13 03:00,0,0,0.005,11.871
2019-04-13 04:00,0.036,0.003,0.057,12.416
2019-04-13 05:00,0.076,0.005,0.097,12.913
2019-04-13 06:00,0.124,0.009,0.144,13.377
2019-04-13 07:00,0.218,0.026,0.228,13.942
2019-04-13 08:00,0.352,0.085,0.320,14.742
2019-04-13 09:00,0.487,0.215,0.356,15.587
2019-04-13 10:00,0.546,0.310,0.338,16.305
2019-04-13 11:00,0.538,0.327,0.311,16.794
2019-04-13 12:00,0.437,0.220,0.291,16.863
2019-04-13 13:00,0.281,0.087,0.241,16.611
2019-04-13 14:00,0.146,0.024,0.155,15.999
2019-04-13 15:00,0.038,0.003,0.059,15.000
2019-04-13 16:00,0,0,0.005,13.794
2019-04-13 17:00,0,0,0,13.131
2019-04-13 18:00,0,0,0,12.777
2019-04-13 19:00,0,0,0,12.481
2019-04-13 20:00,0,0,0,12.223
2019-04-13 21:00,0,0,0,12.001
2019-04-13 22:00,0,0,0,11.829
2019-04-13 23:00,0,0,0,11.689
2019-04-14 00:00,0,0,0,11.532
2019-04-14 01:00,0,0,0,11.364
2019-04-14 02:00,0,0,0,11.235
2019-04-14 03:00,0,0,0.004,10.989
2019-04-14 04:00,0.044,0.004,0.063,11.193
2019-04-14 05:00,0.155,0.033,0.151,11.734
2019-04-14 06:00,0.307,0.118,0.232,12.541
2019-04-14 07:00,0.401,0.172,0.287,13.288
2019-04-14 08:00,0.467,0.210,0.330,14.060
2019-04-14 09:00,0.461,0.175,0.358,14.405
2019-04-14 10:00,0.385,0.098,0.344,14.215
2019-04-14 11:00,0.362,0.088,0.328,13.862
2019-04-14 12:00,0.313,0.070,0.289,13.437
2019-04-14 13:00,0.205,0.030,0.209,12.901
2019-04-14 14:00,0.112,0.011,0.129,12.319
2019-04-14 15:00,0.044,0.003,0.064,11.706
2019-04-14 16:00,0,0,0.008,10.968
2019-04-14 17:00,0,0,0,10.360
2019-04-14 18:00,0,0,0,9.896
2019-04-14 19:00,0,0,0,9.592
2019-04-14 20:00,0,0,0,9.437
2019-04-14 21:00,0,0,0,9.412
2019-04-14 22:00,0,0,0,9.485
2019-04-14 23:00,0,0,0,9.456
2019-04-15 00:00,0,0,0,9.466
2019-04-15 01:00,0,0,0,9.520
2019-04-15 02:00,0,0,0,9.578
2019-04-15 03:00,0,0,0.005,9.517
2019-04-15 04:00,0.037,0.003,0.056,9.866
2019-04-15 05:00,0.167,0.042,0.154,10.083
2019-04-15 06:00,0.303,0.119,0.223,10.411
2019-04-15 07:00,0.453,0.252,0.263,10.913
2019-04-15 08:00,0.567,0.379,0.279,11.586
2019-04-15 09:00,0.564,0.337,0.318,11.900
2019-04-15 10:00,0.488,0.217,0.343,11.770
2019-04-15 11:00,0.428,0.160,0.327,11.485
2019-04-15 12:00,0.412,0.177,0.290,11.200
2019-04-15 13:00,0.332,0.139,0.235,10.810
2019-04-15 14:00,0.205,0.068,0.169,10.245
2019-04-15 15:00,0.082,0.017,0.090,9.515
2019-04-15 16:00,0,0,0.012,8.648
2019-04-15 17:00,0,0,0,8.162
2019-04-15 18:00,0,0,0,7.983
2019-04-15 19:00,0,0,0,7.757
2019-04-15 20:00,0,0,0,7.457
2019-04-15 21:00,0,0,0,7.143
2019-04-15 22:00,0,0,0,6.886
2019-04-15 23:00,0,0,0,6.564
2019-04-16 00:00,0,0,0,6.357
2019-04-16 01:00,0,0,0,6.223
2019-04-16 02:00,0,0,0,6.118
2019-04-16 03:00,0,0,0.008,6.139
2019-04-16 04:00,0.083,0.042,0.066,7.797
2019-04-16 05:00,0.282,0.226,0.092,9.160
2019-04-16 06:00,0.476,0.435,0.106,10.256
2019-04-16 07:00,0.631,0.625,0.115,11.033
2019-04-16 08:00,0.758,0.808,0.111,11.661
2019-04-16 09:00,0.826,0.919,0.106,12.143
2019-04-16 10:00,0.836,0.940,0.103,12.387
2019-04-16 11:00,0.793,0.877,0.099,12.381
2019-04-16 12:00,0.697,0.742,0.092,12.189
2019-04-16 13:00,0.547,0.550,0.083,11.836
2019-04-16 14:00,0.345,0.318,0.073,11.309
2019-04-16 15:00,0.122,0.090,0.059,10.524
2019-04-16 16:00,0,0,0.015,8.780
2019-04-16 17:00,0,0,0,7.706
2019-04-16 18:00,0,0,0,7.298
2019-04-16 19:00,0,0,0,6.998
2019-04-16 20:00,0,0,0,6.784
2019-04-16 21:00,0,0,0,6.678
2019-04-16 22:00,0,0,0,6.767
2019-04-16 23:00,0,0,0,6.975
2019-04-17 00:00,0,0,0,7.169
2019-04-17 01:00,0,0,0,7.209
2019-04-17 02:00,0,0,0,7.391
2019-04-17 03:00,0,0,0.009,7.442
2019-04-17 04:00,0.094,0.058,0.061,8.416
2019-04-17 05:00,0.307,0.266,0.080,9.958
2019-04-17 06:00,0.512,0.498,0.090,11.381
2019-04-17 07:00,0.666,0.693,0.101,12.528
2019-04-17 08:00,0.750,0.800,0.118,13.332
2019-04-17 09:00,0.770,0.809,0.141,13.798
2019-04-17 10:00,0.740,0.743,0.163,14.077
2019-04-17 11:00,0.655,0.599,0.186,14.157
2019-04-17 12:00,0.548,0.455,0.187,14.109
2019-04-17 13:00,0.416,0.308,0.170,13.945
2019-04-17 14:00,0.253,0.152,0.140,13.572
2019-04-17 15:00,0.095,0.035,0.087,12.861
2019-04-17 16:00,0,0,0.015,11.120
2019-04-17 17:00,0,0,0,9.700
2019-04-17 18:00,0,0,0,8.741
2019-04-17 19:00,0,0,0,7.954
2019-04-17 20:00,0,0,0,7.357
2019-04-17 21:00,0,0,0,6.990
2019-04-17 22:00,0,0,0,6.805
2019-04-17 23:00,0,0,0,6.660
2019-04-18 00:00,0,0,0,6.575
2019-04-18 01:00,0,0,0,6.557
2019-04-18 02:00,0,0,0,6.684
2019-04-18 03:00,0,0,0.007,7.265
2019-04-18 04:00,0.048,0.005,0.066,8.401
2019-04-18 05:00,0.134,0.021,0.140,9.066
2019-04-18 06:00,0.258,0.068,0.224,9.439
2019-04-18 07:00,0.395,0.161,0.283,9.831
2019-04-18 08:00,0.529,0.304,0.301,10.491
2019-04-18 09:00,0.616,0.425,0.295,11.179
2019-04-18 10:00,0.602,0.399,0.303,11.493
2019-04-18 11:00,0.534,0.312,0.304,11.517
2019-04-18 12:00,0.477,0.272,0.274,11.465
2019-04-18 13:00,0.325,0.134,0.235,11.203
2019-04-18 14:00,0.238,0.100,0.172,10.840
2019-04-18 15:00,0.088,0.018,0.096,10.088
2019-04-18 16:00,0,0,0.009,9.333
2019-04-18 17:00,0,0,0,8.943
2019-04-18 18:00,0,0,0,8.624
2019-04-18 19:00,0,0,0,8.333
2019-04-18 20:00,0,0,0,8.072
2019-04-18 21:00,0,0,0,7.939
2019-04-18 22:00,0,0,0,7.858
2019-04-18 23:00,0,0,0,7.718
2019-04-19 00:00,0,0,0,7.714
2019-04-19 01:00,0,0,0,7.637
2019-04-19 02:00,0,0,0,7.537
2019-04-19 03:00,0,0,0.009,7.405
2019-04-19 04:00,0.079,0.029,0.076,8.252
2019-04-19 05:00,0.280,0.215,0.101,9.262
2019-04-19 06:00,0.491,0.455,0.103,10.049
2019-04-19 07:00,0.645,0.644,0.113,10.699
2019-04-19 08:00,0.746,0.776,0.123,11.180
2019-04-19 09:00,0.784,0.825,0.133,11.538
2019-04-19 10:00,0.807,0.871,0.123,11.859
2019-04-19 11:00,0.774,0.833,0.113,12.055
2019-04-19 12:00,0.689,0.722,0.100,12.085
2019-04-19 13:00,0.540,0.533,0.092,11.887
2019-04-19 14:00,0.315,0.259,0.098,11.423
2019-04-19 15:00,0.112,0.061,0.078,10.675
2019-04-19 16:00,0.002,0,0.018,8.996
2019-04-19 17:00,0,0,0,7.823
2019-04-19 18:00,0,0,0,7.721
2019-04-19 19:00,0,0,0,7.469
2019-04-19 20:00,0,0,0,7.147
2019-04-19 21:00,0,0,0,7.026
2019-04-19 22:00,0,0,0,6.914
2019-04-19 23:00,0,0,0,6.862
2019-04-20 00:00,0,0,0,6.699
2019-04-20 01:00,0,0,0,6.395
2019-04-20 02:00,0,0,0,6.117
2019-04-20 03:00,0,0,0.012,6.016
2019-04-20 04:00,0.099,0.042,0.081,7.607
2019-04-20 05:00,0.292,0.206,0.122,8.682
2019-04-20 06:00,0.397,0.250,0.196,9.139
2019-04-20 07:00,0.500,0.314,0.254,9.453
2019-04-20 08:00,0.498,0.245,0.320,9.561
2019-04-20 09:00,0.462,0.162,0.360,9.631
2019-04-20 10:00,0.296,0.042,0.291,9.207
2019-04-20 11:00,0.281,0.039,0.278,8.795
2019-04-20 12:00,0.345,0.087,0.299,8.944
2019-04-20 13:00,0.277,0.066,0.246,9.091
2019-04-20 14:00,0.105,0.009,0.122,8.587
2019-04-20 15:00,0.031,0.001,0.051,7.743
2019-04-20 16:00,0,0,0.013,7.005
2019-04-20 17:00,0,0,0,6.458
2019-04-20 18:00,0,0,0,6.300
2019-04-20 19:00,0,0,0,6.171
2019-04-20 20:00,0,0,0,5.996
2019-04-20 21:00,0,0,0,5.857
2019-04-20 22:00,0,0,0,5.689
2019-04-20 23:00,0,0,0,5.519
2019-04-21 00:00,0,0,0,5.333
2019-04-21 01:00,0,0,0,5.158
2019-04-21 02:00,0,0,0,4.985
2019-04-21 03:00,0,0,0.012,4.988
2019-04-21 04:00,0.103,0.069,0.058,6.947
2019-04-21 05:00,0.322,0.287,0.073,8.534
2019-04-21 06:00,0.527,0.519,0.083,9.900
2019-04-21 07:00,0.681,0.714,0.093,10.926
2019-04-21 08:00,0.782,0.857,0.099,11.835
2019-04-21 09:00,0.846,0.961,0.098,12.568
2019-04-21 10:00,0.847,0.964,0.099,12.983
2019-04-21 11:00,0.785,0.864,0.104,13.115
2019-04-21 12:00,0.654,0.660,0.118,12.995
2019-04-21 13:00,0.448,0.367,0.147,12.638
2019-04-21 14:00,0.254,0.151,0.141,12.128
2019-04-21 15:00,0.097,0.033,0.091,11.336
2019-04-21 16:00,0.002,0,0.019,9.705
2019-04-21 17:00,0,0,0,8.695
2019-04-21 18:00,0,0,0,8.134
2019-04-21 19:00,0,0,0,7.655
2019-04-21 20:00,0,0,0,7.345
2019-04-21 21:00,0,0,0,7.173
2019-04-21 22:00,0,0,0,7.148
2019-04-21 23:00,0,0,0,7.184
2019-04-22 00:00,0,0,0,7.170
2019-04-22 01:00,0,0,0,7.096
2019-04-22 02:00,0,0,0,6.887
2019-04-22 03:00,0,0,0.013,6.537
2019-04-22 04:00,0.105,0.078,0.052,7.634
2019-04-22 05:00,0.327,0.302,0.065,9.239
2019-04-22 06:00,0.534,0.538,0.074,10.446
2019-04-22 07:00,0.691,0.741,0.082,11.398
2019-04-22 08:00,0.795,0.890,0.088,12.194
2019-04-22 09:00,0.847,0.973,0.091,12.902
2019-04-22 10:00,0.847,0.975,0.092,13.504
2019-04-22 11:00,0.797,0.900,0.091,13.823
2019-04-22 12:00,0.696,0.756,0.086,13.905
2019-04-22 13:00,0.545,0.557,0.080,13.732
2019-04-22 14:00,0.346,0.325,0.071,13.292
2019-04-22 15:00,0.127,0.097,0.059,12.446
2019-04-22 16:00,0.003,0,0.020,10.436
2019-04-22 17:00,0,0,0,8.842
2019-04-22 18:00,0,0,0,8.158
2019-04-22 19:00,0,0,0,7.671
2019-04-22 20:00,0,0,0,7.303
2019-04-22 21:00,0,0,0,6.996
2019-04-22 22:00,0,0,0,6.675
2019-04-22 23:00,0,0,0,6.548
2019-04-23 00:00,0,0,0,6.606
2019-04-23 01:00,0,0,0,6.552
2019-04-23 02:00,0,0,0,6.590
2019-04-23 03:00,0,0,0.011,6.789
2019-04-23 04:00,0.047,0.004,0.065,7.937
2019-04-23 05:00,0.158,0.035,0.151,9.052
2019-04-23 06:00,0.392,0.254,0.190,10.825
2019-04-23 07:00,0.650,0.641,0.130,12.557
2019-04-23 08:00,0.757,0.802,0.127,13.639
2019-04-23 09:00,0.812,0.888,0.129,14.391
2019-04-23 10:00,0.787,0.836,0.146,14.916
2019-04-23 11:00,0.712,0.703,0.168,15.259
2019-04-23 12:00,0.496,0.343,0.236,15.124
2019-04-23 13:00,0.387,0.237,0.209,14.814
2019-04-23 14:00,0.244,0.111,0.173,14.246
2019-04-23 15:00,0.038,0.003,0.059,12.785
2019-04-23 16:00,0,0,0.014,11.341
2019-04-23 17:00,0,0,0,9.813
2019-04-23 18:00,0,0,0,9.133
2019-04-23 19:00,0,0,0,8.797
2019-04-23 20:00,0,0,0,8.814
2019-04-23 21:00,0,0,0,8.900
2019-04-23 22:00,0,0,0,9.083
2019-04-23 23:00,0,0,0,9.413
2019-04-24 00:00,0,0,0,9.744
2019-04-24 01:00,0,0,0,9.969
2019-04-24 02:00,0,0,0,10.022
2019-04-24 03:00,0,0,0.008,9.958
2019-04-24 04:00,0.053,0.006,0.071,10.824
2019-04-24 05:00,0.205,0.085,0.154,11.876
2019-04-24 06:00,0.439,0.357,0.148,13.518
2019-04-24 07:00,0.612,0.594,0.136,15.256
2019-04-24 08:00,0.713,0.745,0.137,17.010
2019-04-24 09:00,0.784,0.872,0.127,18.767
2019-04-24 10:00,0.784,0.881,0.126,19.656
2019-04-24 11:00,0.736,0.807,0.125,20.047
2019-04-24 12:00,0.638,0.666,0.123,20.208
2019-04-24 13:00,0.485,0.458,0.122,19.919
2019-04-24 14:00,0.293,0.225,0.121,19.254
2019-04-24 15:00,0.107,0.042,0.096,17.742
2019-04-24 16:00,0.004,0,0.020,14.999
2019-04-24 17:00,0,0,0,13.199
2019-04-24 18:00,0,0,0,12.299
2019-04-24 19:00,0,0,0,11.795
2019-04-24 20:00,0,0,0,11.507
2019-04-24 21:00,0,0,0,11.356
2019-04-24 22:00,0,0,0,11.182
2019-04-24 23:00,0,0,0,11.030
2019-04-25 00:00,0,0,0,10.903
2019-04-25 01:00,0,0,0,10.822
2019-04-25 02:00,0,0,0,10.813
2019-04-25 03:00,0,0,0.013,10.846
2019-04-25 04:00,0.066,0.010,0.081,11.834
2019-04-25 05:00,0.188,0.062,0.159,12.720
2019-04-25 06:00,0.346,0.189,0.208,14.187
2019-04-25 07:00,0.521,0.407,0.206,15.843
2019-04-25 08:00,0.647,0.598,0.191,17.434
2019-04-25 09:00,0.725,0.737,0.172,18.813
2019-04-25 10:00,0.740,0.773,0.162,19.464
2019-04-25 11:00,0.699,0.718,0.157,19.507
2019-04-25 12:00,0.598,0.570,0.157,19.161
2019-04-25 13:00,0.456,0.387,0.152,18.524
2019-04-25 14:00,0.279,0.188,0.139,17.500
2019-04-25 15:00,0.107,0.038,0.099,15.908
2019-04-25 16:00,0.006,0,0.023,13.907
2019-04-25 17:00,0,0,0,12.278
2019-04-25 18:00,0,0,0,11.424
2019-04-25 19:00,0,0,0,10.942
2019-04-25 20:00,0,0,0,10.718
2019-04-25 21:00,0,0,0,10.696
2019-04-25 22:00,0,0,0,10.746
2019-04-25 23:00,0,0,0,10.756
2019-04-26 00:00,0,0,0,10.735
2019-04-26 01:00,0,0,0,10.740
2019-04-26 02:00,0,0,0,10.734
2019-04-26 03:00,0,0,0.011,10.707
2019-04-26 04:00,0.070,0.012,0.084,11.473
2019-04-26 05:00,0.251,0.148,0.141,12.506
2019-04-26 06:00,0.428,0.334,0.158,13.761
2019-04-26 07:00,0.548,0.459,0.187,14.969
2019-04-26 08:00,0.590,0.472,0.232,15.882
2019-04-26 09:00,0.619,0.496,0.251,16.546
2019-04-26 10:00,0.668,0.596,0.220,17.072
2019-04-26 11:00,0.678,0.656,0.176,17.401
2019-04-26 12:00,0.619,0.604,0.145,17.513
2019-04-26 13:00,0.492,0.455,0.125,17.282
2019-04-26 14:00,0.311,0.250,0.112,16.704
2019-04-26 15:00,0.122,0.065,0.088,15.691
2019-04-26 16:00,0.008,0,0.026,13.950
2019-04-26 17:00,0,0,0,12.366
2019-04-26 18:00,0,0,0,11.462
2019-04-26 19:00,0,0,0,10.728
2019-04-26 20:00,0,0,0,10.266
2019-04-26 21:00,0,0,0,9.964
2019-04-26 22:00,0,0,0,9.740
2019-04-26 23:00,0,0,0,9.604
2019-04-27 00:00,0,0,0,9.509
2019-04-27 01:00,0,0,0,9.498
2019-04-27 02:00,0,0,0,9.522
2019-04-27 03:00,0.002,0,0.018,9.563
2019-04-27 04:00,0.107,0.069,0.066,10.993
2019-04-27 05:00,0.315,0.280,0.079,12.445
2019-04-27 06:00,0.512,0.508,0.088,13.887
2019-04-27 07:00,0.662,0.705,0.096,15.712
2019-04-27 08:00,0.756,0.848,0.103,17.844
2019-04-27 09:00,0.797,0.915,0.109,19.245
2019-04-27 10:00,0.792,0.908,0.113,19.967
2019-04-27 11:00,0.744,0.837,0.111,20.439
2019-04-27 12:00,0.649,0.699,0.107,20.868
2019-04-27 13:00,0.494,0.486,0.108,20.910
2019-04-27 14:00,0.291,0.226,0.119,20.503
2019-04-27 15:00,0.088,0.022,0.097,19.259
2019-04-27 16:00,0.003,0,0.020,17.188
2019-04-27 17:00,0,0,0,15.685
2019-04-27 18:00,0,0,0,14.891
2019-04-27 19:00,0,0,0,14.330
2019-04-27 20:00,0,0,0,14.047
2019-04-27 21:00,0,0,0,14.122
2019-04-27 22:00,0,0,0,14.404
2019-04-27 23:00,0,0,0,14.600
2019-04-28 00:00,0,0,0,14.488
2019-04-28 01:00,0,0,0,14.278
2019-04-28 02:00,0,0,0,14.079
2019-04-28 03:00,0,0,0.015,13.750
2019-04-28 04:00,0.094,0.032,0.090,14.722
2019-04-28 05:00,0.263,0.180,0.127,15.703
2019-04-28 06:00,0.443,0.378,0.140,16.939
2019-04-28 07:00,0.589,0.563,0.148,18.132
2019-04-28 08:00,0.688,0.704,0.151,18.991
2019-04-28 09:00,0.763,0.833,0.140,19.653
2019-04-28 10:00,0.752,0.811,0.148,20.177
2019-04-28 11:00,0.688,0.703,0.161,20.565
2019-04-28 12:00,0.532,0.446,0.198,20.684
2019-04-28 13:00,0.403,0.291,0.187,20.729
2019-04-28 14:00,0.248,0.138,0.158,20.606
2019-04-28 15:00,0.106,0.035,0.103,20.285
2019-04-28 16:00,0.007,0,0.026,19.356
2019-04-28 17:00,0,0,0,18.127
2019-04-28 18:00,0,0,0,17.250
2019-04-28 19:00,0,0,0,16.716
2019-04-28 20:00,0,0,0,16.260
2019-04-28 21:00,0,0,0,15.948
2019-04-28 22:00,0,0,0,15.557
2019-04-28 23:00,0,0,0,15.065
2019-04-29 00:00,0,0,0,14.638
2019-04-29 01:00,0,0,0,14.234
2019-04-29 02:00,0,0,0,13.815
2019-04-29 03:00,0.003,0,0.020,13.800
2019-04-29 04:00,0.096,0.038,0.087,15.303
2019-04-29 05:00,0.286,0.226,0.107,16.571
2019-04-29 06:00,0.481,0.459,0.110,18.037
2019-04-29 07:00,0.618,0.633,0.123,19.124
2019-04-29 08:00,0.702,0.744,0.137,19.966
2019-04-29 09:00,0.749,0.811,0.146,20.746
2019-04-29 10:00,0.682,0.663,0.195,21.410
2019-04-29 11:00,0.555,0.428,0.251,21.878
2019-04-29 12:00,0.443,0.279,0.254,22.221
2019-04-29 13:00,0.370,0.240,0.203,22.568
2019-04-29 14:00,0.278,0.198,0.136,22.699
2019-04-29 15:00,0.120,0.064,0.091,22.080
2019-04-29 16:00,0.010,0,0.030,20.306
2019-04-29 17:00,0,0,0,18.813
2019-04-29 18:00,0,0,0,17.850
2019-04-29 19:00,0,0,0,16.729
2019-04-29 20:00,0,0,0,15.882
2019-04-29 21:00,0,0,0,15.285
2019-04-29 22:00,0,0,0,14.804
2019-04-29 23:00,0,0,0,14.345
2019-04-30 00:00,0,0,0,13.912
2019-04-30 01:00,0,0,0,13.579
2019-04-30 02:00,0,0,0,13.389
2019-04-30 03:00,0.003,0,0.019,13.646
2019-04-30 04:00,0.113,0.088,0.056,15.860
2019-04-30 05:00,0.324,0.310,0.068,17.205
2019-04-30 06:00,0.517,0.539,0.078,18.354
2019-04-30 07:00,0.665,0.737,0.086,19.421
2019-04-30 08:00,0.759,0.876,0.094,20.282
2019-04-30 09:00,0.803,0.947,0.099,21.001
2019-04-30 10:00,0.803,0.949,0.100,21.559
2019-04-30 11:00,0.757,0.880,0.098,21.922
2019-04-30 12:00,0.663,0.741,0.093,22.118
2019-04-30 13:00,0.521,0.547,0.086,22.051
2019-04-30 14:00,0.334,0.320,0.078,21.597
2019-04-30 15:00,0.129,0.097,0.067,20.602
2019-04-30 16:00,0.009,0,0.028,18.742
2019-04-30 17:00,0,0,0,17.151
2019-04-30 18:00,0,0,0,16.438
2019-04-30 19:00,0,0,0,15.776
2019-04-30 20:00,0,0,0,15.189
2019-04-30 21:00,0,0,0,14.731
2019-04-30 22:00,0,0,0,14.628
2019-04-30 23:00,0,0,0,14.635
2019-05-01 00:00,0,0,0,14.760
2019-05-01 01:00,0,0,0,14.794
2019-05-01 02:00,0,0,0,14.737
2019-05-01 03:00,0,0,0.016,14.866
2019-05-01 04:00,0.058,0.006,0.078,15.642
2019-05-01 05:00,0.207,0.084,0.161,16.486
2019-05-01 06:00,0.450,0.386,0.143,17.485
2019-05-01 07:00,0.603,0.591,0.140,18.308
2019-05-01 08:00,0.682,0.689,0.157,18.944
2019-05-01 09:00,0.737,0.773,0.158,19.477
2019-05-01 10:00,0.739,0.780,0.156,19.905
2019-05-01 11:00,0.726,0.785,0.134,20.266
2019-05-01 12:00,0.648,0.686,0.118,20.437
2019-05-01 13:00,0.495,0.476,0.118,20.377
2019-05-01 14:00,0.309,0.255,0.111,19.986
2019-05-01 15:00,0.133,0.090,0.078,19.170
2019-05-01 16:00,0.014,0,0.034,17.461
2019-05-01 17:00,0,0,0,16.081
2019-05-01 18:00,0,0,0,15.555
2019-05-01 19:00,0,0,0,15.280
2019-05-01 20:00,0,0,0,14.780
2019-05-01 21:00,0,0,0,14.383
2019-05-01 22:00,0,0,0,14.067
2019-05-01 23:00,0,0,0,13.943
2019-05-02 00:00,0,0,0,13.895
2019-05-02 01:00,0,0,0,13.761
2019-05-02 02:00,0,0,0,13.500
2019-05-02 03:00,0.007,0,0.024,13.556
2019-05-02 04:00,0.111,0.048,0.093,14.890
2019-05-02 05:00,0.280,0.193,0.132,15.744
2019-05-02 06:00,0.439,0.349,0.164,16.499
2019-05-02 07:00,0.550,0.453,0.202,17.006
2019-05-02 08:00,0.588,0.449,0.257,17.258
2019-05-02 09:00,0.583,0.398,0.302,17.331
2019-05-02 10:00,0.573,0.369,0.317,17.352
2019-05-02 11:00,0.498,0.266,0.322,17.287
2019-05-02 12:00,0.415,0.187,0.298,17.180
2019-05-02 13:00,0.317,0.117,0.252,16.993
2019-05-02 14:00,0.197,0.048,0.186,16.702
2019-05-02 15:00,0.071,0.006,0.092,16.203
2019-05-02 16:00,0.007,0,0.025,15.328
2019-05-02 17:00,0,0,0,14.631
2019-05-02 18:00,0,0,0,14.431
2019-05-02 19:00,0,0,0,14.324
2019-05-02 20:00,0,0,0,13.999
2019-05-02 21:00,0,0,0,13.531
2019-05-02 22:00,0,0,0,13.063
2019-05-02 23:00,0,0,0,12.623
2019-05-03 00:00,0,0,0,12.263
2019-05-03 01:00,0,0,0,11.959
2019-05-03 02:00,0,0,0,11.653
2019-05-03 03:00,0.006,0,0.024,11.860
2019-05-03 04:00,0.108,0.055,0.082,13.799
2019-05-03 05:00,0.276,0.205,0.116,15.140
2019-05-03 06:00,0.456,0.407,0.126,16.462
2019-05-03 07:00,0.619,0.627,0.122,17.514
2019-05-03 08:00,0.723,0.781,0.123,18.288
2019-05-03 09:00,0.778,0.869,0.123,18.856
2019-05-03 10:00,0.777,0.867,0.125,19.232
2019-05-03 11:00,0.733,0.803,0.122,19.458
2019-05-03 12:00,0.643,0.677,0.115,19.543
2019-05-03 13:00,0.507,0.503,0.104,19.484
2019-05-03 14:00,0.328,0.294,0.092,19.235
2019-05-03 15:00,0.132,0.090,0.075,18.653
2019-05-03 16:00,0.015,0,0.036,17.164
2019-05-03 17:00,0,0,0,15.790
2019-05-03 18:00,0,0,0,15.296
2019-05-03 19:00,0,0,0,14.910
2019-05-03 20:00,0,0,0,14.598
2019-05-03 21:00,0,0,0,14.541
2019-05-03 22:00,0,0,0,14.695
2019-05-03 23:00,0,0,0,14.643
2019-05-04 00:00,0,0,0,14.204
2019-05-04 01:00,0,0,0,13.870
2019-05-04 02:00,0,0,0,13.587
2019-05-04 03:00,0.007,0,0.025,13.709
2019-05-04 04:00,0.118,0.075,0.073,15.549
2019-05-04 05:00,0.315,0.276,0.090,16.621
2019-05-04 06:00,0.501,0.494,0.101,18.045
2019-05-04 07:00,0.646,0.686,0.110,19.306
2019-05-04 08:00,0.742,0.828,0.116,20.272
2019-05-04 09:00,0.789,0.903,0.120,20.993
2019-05-04 10:00,0.788,0.902,0.122,21.531
2019-05-04 11:00,0.728,0.800,0.132,21.890
2019-05-04 12:00,0.572,0.527,0.176,21.912
2019-05-04 13:00,0.365,0.213,0.222,21.510
2019-05-04 14:00,0.171,0.037,0.173,20.954
2019-05-04 15:00,0.052,0.003,0.075,20.053
2019-05-04 16:00,0,0,0.016,18.661
2019-05-04 17:00,0,0,0,17.574
2019-05-04 18:00,0,0,0,17.004
2019-05-04 19:00,0,0,0,16.505
2019-05-04 20:00,0,0,0,16.070
2019-05-04 21:00,0,0,0,15.814
2019-05-04 22:00,0,0,0,15.594
2019-05-04 23:00,0,0,0,15.216
2019-05-05 00:00,0,0,0,14.710
2019-05-05 01:00,0,0,0,14.484
2019-05-05 02:00,0,0,0,14.481
2019-05-05 03:00,0,0,0.012,14.730
2019-05-05 04:00,0.038,0.001,0.061,15.378
2019-05-05 05:00,0.065,0.003,0.089,15.441
2019-05-05 06:00,0.087,0.003,0.112,15.479
2019-05-05 07:00,0.205,0.019,0.224,16.195
2019-05-05 08:00,0.602,0.427,0.302,18.455
2019-05-05 09:00,0.746,0.750,0.203,20.991
2019-05-05 10:00,0.736,0.741,0.205,22.376
2019-05-05 11:00,0.656,0.578,0.249,22.910
2019-05-05 12:00,0.350,0.091,0.326,21.463
2019-05-05 13:00,0.073,0.003,0.099,18.318
2019-05-05 14:00,0.033,0.001,0.056,17.235
2019-05-05 15:00,0.008,0,0.026,16.895
2019-05-05 16:00,0,0,0.008,16.790
2019-05-05 17:00,0,0,0,16.831
2019-05-05 18:00,0,0,0,16.903
2019-05-05 19:00,0,0,0,17.009
2019-05-05 20:00,0,0,0,16.931
2019-05-05 21:00,0,0,0,16.450
2019-05-05 22:00,0,0,0,16.198
2019-05-05 23:00,0,0,0,15.887
2019-05-06 00:00,0,0,0,15.584
2019-05-06 01:00,0,0,0,15.229
2019-05-06 02:00,0,0,0,14.932
2019-05-06 03:00,0.008,0,0.026,15.109
2019-05-06 04:00,0.105,0.041,0.094,16.610
2019-05-06 05:00,0.275,0.199,0.123,17.515
2019-05-06 06:00,0.453,0.405,0.131,18.669
2019-05-06 07:00,0.603,0.603,0.133,19.676
2019-05-06 08:00,0.710,0.766,0.130,20.452
2019-05-06 09:00,0.776,0.881,0.122,21.178
2019-05-06 10:00,0.779,0.890,0.121,21.745
2019-05-06 11:00,0.730,0.815,0.121,22.093
2019-05-06 12:00,0.641,0.685,0.116,22.224
2019-05-06 13:00,0.487,0.470,0.119,22.045
2019-05-06 14:00,0.304,0.245,0.117,21.616
2019-05-06 15:00,0.125,0.061,0.099,21.000
2019-05-06 16:00,0.016,0,0.037,19.653
2019-05-06 17:00,0,0,0,18.502
2019-05-06 18:00,0,0,0,17.941
2019-05-06 19:00,0,0,0,17.361
2019-05-06 20:00,0,0,0,16.930
2019-05-06 21:00,0,0,0,16.455
2019-05-06 22:00,0,0,0,15.908
2019-05-06 23:00,0,0,0,15.478
2019-05-07 00:00,0,0,0,15.003
2019-05-07 01:00,0,0,0,14.667
2019-05-07 02:00,0,0,0,14.669
2019-05-07 03:00,0.012,0,0.032,14.856
2019-05-07 04:00,0.120,0.060,0.090,15.609
2019-05-07 05:00,0.306,0.242,0.113,16.343
2019-05-07 06:00,0.479,0.432,0.132,16.966
2019-05-07 07:00,0.607,0.578,0.155,17.494
2019-05-07 08:00,0.669,0.632,0.190,17.843
2019-05-07 09:00,0.671,0.586,0.238,17.827
2019-05-07 10:00,0.588,0.402,0.306,17.531
2019-05-07 11:00,0.471,0.222,0.331,17.103
2019-05-07 12:00,0.416,0.180,0.306,16.735
2019-05-07 13:00,0.289,0.083,0.253,16.256
2019-05-07 14:00,0.183,0.036,0.183,15.778
2019-05-07 15:00,0.083,0.008,0.103,15.168
2019-05-07 16:00,0.012,0,0.031,14.379
2019-05-07 17:00,0,0,0,13.585
2019-05-07 18:00,0,0,0,13.329
2019-05-07 19:00,0,0,0,12.932
2019-05-07 20:00,0,0,0,12.418
2019-05-07 21:00,0,0,0,11.996
2019-05-07 22:00,0,0,0,11.505
2019-05-07 23:00,0,0,0,11.152
2019-05-08 00:00,0,0,0,10.759
2019-05-08 01:00,0,0,0,10.434
2019-05-08 02:00,0,0,0,10.073
2019-05-08 03:00,0.014,0,0.033,10.236
2019-05-08 04:00,0.121,0.058,0.091,11.145
2019-05-08 05:00,0.300,0.220,0.120,11.577
2019-05-08 06:00,0.473,0.403,0.141,12.464
2019-05-08 07:00,0.589,0.518,0.174,13.278
2019-05-08 08:00,0.615,0.499,0.230,13.767
2019-05-08 09:00,0.684,0.598,0.228,14.183
2019-05-08 10:00,0.679,0.587,0.233,14.507
2019-05-08 11:00,0.625,0.509,0.237,14.651
2019-05-08 12:00,0.540,0.408,0.226,14.609
2019-05-08 13:00,0.421,0.284,0.202,14.470
2019-05-08 14:00,0.279,0.158,0.165,14.276
2019-05-08 15:00,0.127,0.041,0.116,13.988
2019-05-08 16:00,0.019,0,0.040,13.450
2019-05-08 17:00,0,0,0,13.012
2019-05-08 18:00,0,0,0,12.779
2019-05-08 19:00,0,0,0,12.563
2019-05-08 20:00,0,0,0,12.415
2019-05-08 21:00,0,0,0,12.250
2019-05-08 22:00,0,0,0,12.013
2019-05-08 23:00,0,0,0,11.738
2019-05-09 00:00,0,0,0,11.381
2019-05-09 01:00,0,0,0,11.023
2019-05-09 02:00,0,0,0,10.794
2019-05-09 03:00,0.013,0,0.032,11.029
2019-05-09 04:00,0.123,0.078,0.074,12.588
2019-05-09 05:00,0.322,0.281,0.088,13.496
2019-05-09 06:00,0.500,0.477,0.105,14.271
2019-05-09 07:00,0.630,0.632,0.123,14.974
2019-05-09 08:00,0.719,0.750,0.134,15.662
2019-05-09 09:00,0.771,0.828,0.136,16.211
2019-05-09 10:00,0.778,0.845,0.133,16.616
2019-05-09 11:00,0.744,0.805,0.123,16.918
2019-05-09 12:00,0.659,0.691,0.113,17.034
2019-05-09 13:00,0.526,0.523,0.100,16.996
2019-05-09 14:00,0.343,0.308,0.092,16.762
2019-05-09 15:00,0.132,0.067,0.096,16.280
2019-05-09 16:00,0.021,0,0.043,15.393
2019-05-09 17:00,0,0,0,14.354
2019-05-09 18:00,0,0,0,13.772
2019-05-09 19:00,0,0,0,13.680
2019-05-09 20:00,0,0,0,13.618
2019-05-09 21:00,0,0,0,13.570
2019-05-09 22:00,0,0,0,13.583
2019-05-09 23:00,0,0,0,13.624
2019-05-10 00:00,0,0,0,13.684
2019-05-10 01:00,0,0,0,13.693
2019-05-10 02:00,0,0,0,13.568
2019-05-10 03:00,0.003,0,0.020,13.626
2019-05-10 04:00,0.052,0.002,0.075,14.347
2019-05-10 05:00,0.100,0.005,0.123,14.575
2019-05-10 06:00,0.137,0.007,0.161,14.731
2019-05-10 07:00,0.168,0.009,0.193,14.991
2019-05-10 08:00,0.183,0.009,0.209,15.416
2019-05-10 09:00,0.237,0.016,0.261,16.080
2019-05-10 10:00,0.346,0.048,0.354,17.109
2019-05-10 11:00,0.340,0.053,0.344,17.861
2019-05-10 12:00,0.284,0.039,0.294,18.128
2019-05-10 13:00,0.266,0.045,0.268,18.250
2019-05-10 14:00,0.195,0.031,0.203,18.120
2019-05-10 15:00,0.094,0.008,0.117,17.760
2019-05-10 16:00,0.015,0,0.035,17.006
2019-05-10 17:00,0,0,0,16.510
2019-05-10 18:00,0,0,0,16.455
2019-05-10 19:00,0,0,0,16.216
2019-05-10 20:00,0,0,0,15.860
2019-05-10 21:00,0,0,0,15.312
2019-05-10 22:00,0,0,0,14.780
2019-05-10 23:00,0,0,0,14.224
2019-05-11 00:00,0,0,0,13.796
2019-05-11 01:00,0,0,0,13.474
2019-05-11 02:00,0,0,0,13.065
2019-05-11 03:00,0.012,0,0.031,13.234
2019-05-11 04:00,0.112,0.033,0.109,14.364
2019-05-11 05:00,0.275,0.168,0.151,15.409
2019-05-11 06:00,0.392,0.250,0.206,16.318
2019-05-11 07:00,0.472,0.296,0.259,17.033
2019-05-11 08:00,0.559,0.394,0.275,17.608
2019-05-11 09:00,0.663,0.568,0.246,18.127
2019-05-11 10:00,0.625,0.493,0.269,18.368
2019-05-11 11:00,0.606,0.484,0.252,18.609
2019-05-11 12:00,0.521,0.383,0.239,18.705
2019-05-11 13:00,0.412,0.271,0.214,18.689
2019-05-11 14:00,0.243,0.102,0.185,18.453
2019-05-11 15:00,0.130,0.043,0.120,18.227
2019-05-11 16:00,0.025,0,0.048,17.454
2019-05-11 17:00,0,0,0,16.673
2019-05-11 18:00,0,0,0,16.184
2019-05-11 19:00,0,0,0,15.601
2019-05-11 20:00,0,0,0,15.058
2019-05-11 21:00,0,0,0,14.649
2019-05-11 22:00,0,0,0,14.367
2019-05-11 23:00,0,0,0,14.121
2019-05-12 00:00,0,0,0,13.903
2019-05-12 01:00,0,0,0,13.719
2019-05-12 02:00,0,0,0,13.517
2019-05-12 03:00,0.015,0,0.035,13.663
2019-05-12 04:00,0.123,0.080,0.073,15.204
2019-05-12 05:00,0.319,0.285,0.085,16.623
2019-05-12 06:00,0.503,0.504,0.094,18.057
2019-05-12 07:00,0.646,0.693,0.102,19.253
2019-05-12 08:00,0.738,0.827,0.109,20.239
2019-05-12 09:00,0.788,0.909,0.111,20.897
2019-05-12 10:00,0.789,0.914,0.111,21.353
2019-05-12 11:00,0.746,0.849,0.109,21.561
2019-05-12 12:00,0.654,0.712,0.105,21.539
2019-05-12 13:00,0.501,0.495,0.110,21.304
2019-05-12 14:00,0.295,0.224,0.126,20.711
2019-05-12 15:00,0.129,0.062,0.101,19.816
2019-05-12 16:00,0.024,0,0.046,18.208
2019-05-12 17:00,0,0,0.001,16.367
2019-05-12 18:00,0,0,0,15.351
2019-05-12 19:00,0,0,0,14.522
2019-05-12 20:00,0,0,0,13.905
2019-05-12 21:00,0,0,0,13.452
2019-05-12 22:00,0,0,0,13.096
2019-05-12 23:00,0,0,0,12.888
2019-05-13 00:00,0,0,0,12.909
2019-05-13 01:00,0,0,0,12.961
2019-05-13 02:00,0,0,0,12.994
2019-05-13 03:00,0.015,0,0.035,13.472
2019-05-13 04:00,0.127,0.093,0.065,14.854
2019-05-13 05:00,0.328,0.303,0.077,16.208
2019-05-13 06:00,0.512,0.519,0.088,17.501
2019-05-13 07:00,0.653,0.705,0.097,18.564
2019-05-13 08:00,0.747,0.841,0.104,19.333
2019-05-13 09:00,0.792,0.911,0.109,19.934
2019-05-13 10:00,0.789,0.906,0.112,20.283
2019-05-13 11:00,0.735,0.816,0.116,20.254
2019-05-13 12:00,0.637,0.670,0.115,19.900
2019-05-13 13:00,0.516,0.519,0.100,19.328
2019-05-13 14:00,0.332,0.295,0.094,18.402
2019-05-13 15:00,0.139,0.092,0.081,17.281
2019-05-13 16:00,0.024,0,0.046,15.936
2019-05-13 17:00,0,0,0.001,14.614
2019-05-13 18:00,0,0,0,14.113
2019-05-13 19:00,0,0,0,13.959
2019-05-13 20:00,0,0,0,13.836
2019-05-13 21:00,0,0,0,13.862
2019-05-13 22:00,0,0,0,14.024
2019-05-13 23:00,0,0,0,14.109
2019-05-14 00:00,0,0,0,14.167
2019-05-14 01:00,0,0,0,14.265
2019-05-14 02:00,0,0,0,14.229
2019-05-14 03:00,0,0,0.016,14.295
2019-05-14 04:00,0.024,0.001,0.045,14.507
2019-05-14 05:00,0.065,0.002,0.089,14.813
2019-05-14 06:00,0.141,0.007,0.166,15.389
2019-05-14 07:00,0.243,0.025,0.260,16.286
2019-05-14 08:00,0.448,0.147,0.380,17.753
2019-05-14 09:00,0.582,0.311,0.395,19.409
2019-05-14 10:00,0.244,0.019,0.270,19.482
2019-05-14 11:00,0.139,0.005,0.168,19.068
2019-05-14 12:00,0.182,0.011,0.210,19.143
2019-05-14 13:00,0.349,0.110,0.302,19.855
2019-05-14 14:00,0.204,0.036,0.211,19.707
2019-05-14 15:00,0.070,0.003,0.095,18.599
2019-05-14 16:00,0.005,0,0.023,17.300
2019-05-14 17:00,0,0,0,16.426
2019-05-14 18:00,0,0,0,16.022
2019-05-14 19:00,0,0,0,15.717
2019-05-14 20:00,0,0,0,15.370
2019-05-14 21:00,0,0,0,15.187
2019-05-14 22:00,0,0,0,15.169
2019-05-14 23:00,0,0,0,15.280
2019-05-15 00:00,0,0,0,15.189
2019-05-15 01:00,0,0,0,14.967
2019-05-15 02:00,0,0,0,14.814
2019-05-15 03:00,0.009,0,0.027,15.263
2019-05-15 04:00,0.091,0.010,0.111,16.509
2019-05-15 05:00,0.188,0.038,0.188,17.460
2019-05-15 06:00,0.319,0.112,0.263,18.797
2019-05-15 07:00,0.429,0.197,0.313,20.231
2019-05-15 08:00,0.435,0.164,0.357,21.561
2019-05-15 09:00,0.440,0.151,0.378,22.142
2019-05-15 10:00,0.482,0.202,0.381,22.335
2019-05-15 11:00,0.473,0.211,0.361,22.471
2019-05-15 12:00,0.401,0.152,0.328,22.271
2019-05-15 13:00,0.301,0.085,0.274,21.904
2019-05-15 14:00,0.188,0.032,0.198,21.320
2019-05-15 15:00,0.083,0.006,0.107,20.352
2019-05-15 16:00,0.013,0,0.034,18.875
2019-05-15 17:00,0,0,0.001,17.596
2019-05-15 18:00,0,0,0,17.060
2019-05-15 19:00,0,0,0,16.606
2019-05-15 20:00,0,0,0,16.452
2019-05-15 21:00,0,0,0,16.827
2019-05-15 22:00,0,0,0,17.119
2019-05-15 23:00,0,0,0,16.688
2019-05-16 00:00,0,0,0,16.225
2019-05-16 01:00,0,0,0,15.878
2019-05-16 02:00,0,0,0,15.692
2019-05-16 03:00,0.011,0,0.030,15.952
2019-05-16 04:00,0.094,0.016,0.106,16.181
2019-05-16 05:00,0.249,0.130,0.162,16.718
2019-05-16 06:00,0.433,0.349,0.160,18.062
2019-05-16 07:00,0.579,0.545,0.158,19.479
2019-05-16 08:00,0.673,0.680,0.159,20.312
2019-05-16 09:00,0.748,0.816,0.142,21.165
2019-05-16 10:00,0.773,0.876,0.127,21.897
2019-05-16 11:00,0.733,0.820,0.121,22.318
2019-05-16 12:00,0.643,0.690,0.116,22.464
2019-05-16 13:00,0.505,0.503,0.110,22.319
2019-05-16 14:00,0.328,0.288,0.103,21.746
2019-05-16 15:00,0.141,0.087,0.089,20.684
2019-05-16 16:00,0.028,0,0.051,19.051
2019-05-16 17:00,0,0,0.001,17.119
2019-05-16 18:00,0,0,0,16.005
2019-05-16 19:00,0,0,0,15.285
2019-05-16 20:00,0,0,0,14.878
2019-05-16 21:00,0,0,0,14.712
2019-05-16 22:00,0,0,0,14.639
2019-05-16 23:00,0,0,0,14.597
2019-05-17 00:00,0,0,0,14.557
2019-05-17 01:00,0,0,0,14.557
2019-05-17 02:00,0,0,0,14.693
2019-05-17 03:00,0.021,0,0.042,15.412
2019-05-17 04:00,0.121,0.029,0.124,16.383
2019-05-17 05:00,0.248,0.098,0.194,17.399
2019-05-17 06:00,0.338,0.133,0.263,18.239
2019-05-17 07:00,0.394,0.143,0.320,18.633
2019-05-17 08:00,0.457,0.177,0.364,18.863
2019-05-17 09:00,0.444,0.142,0.383,19.063
2019-05-17 10:00,0.436,0.133,0.384,19.234
2019-05-17 11:00,0.450,0.158,0.376,19.315
2019-05-17 12:00,0.325,0.065,0.317,19.002
2019-05-17 13:00,0.189,0.017,0.211,18.201
2019-05-17 14:00,0.095,0.004,0.121,17.186
2019-05-17 15:00,0.020,0,0.041,16.263
2019-05-17 16:00,0.001,0,0.016,15.534
2019-05-17 17:00,0,0,0.001,15.168
2019-05-17 18:00,0,0,0,14.863
2019-05-17 19:00,0,0,0,14.650
2019-05-17 20:00,0,0,0,14.417
2019-05-17 21:00,0,0,0,14.208
2019-05-17 22:00,0,0,0,14.315
2019-05-17 23:00,0,0,0,14.583
2019-05-18 00:00,0,0,0,14.584
2019-05-18 01:00,0,0,0,14.466
2019-05-18 02:00,0,0,0,14.296
2019-05-18 03:00,0.018,0,0.039,14.701
2019-05-18 04:00,0.113,0.027,0.117,15.583
2019-05-18 05:00,0.262,0.140,0.167,16.809
2019-05-18 06:00,0.427,0.320,0.182,18.437
2019-05-18 07:00,0.565,0.495,0.190,19.692
2019-05-18 08:00,0.608,0.508,0.240,20.487
2019-05-18 09:00,0.562,0.375,0.310,20.881
2019-05-18 10:00,0.583,0.409,0.307,21.225
2019-05-18 11:00,0.560,0.396,0.289,21.491
2019-05-18 12:00,0.475,0.295,0.277,21.612
2019-05-18 13:00,0.350,0.163,0.254,21.614
2019-05-18 14:00,0.224,0.070,0.201,21.576
2019-05-18 15:00,0.109,0.017,0.126,21.272
2019-05-18 16:00,0.027,0,0.051,19.883
2019-05-18 17:00,0,0,0.002,18.229
2019-05-18 18:00,0,0,0,17.708
2019-05-18 19:00,0,0,0,17.521
2019-05-18 20:00,0,0,0,17.466
2019-05-18 21:00,0,0,0,17.310
2019-05-18 22:00,0,0,0,16.996
2019-05-18 23:00,0,0,0,16.612
2019-05-19 00:00,0,0,0,16.214
2019-05-19 01:00,0,0,0,15.841
2019-05-19 02:00,0,0,0,15.577
2019-05-19 03:00,0.021,0,0.042,16.332
2019-05-19 04:00,0.126,0.077,0.082,17.629
2019-05-19 05:00,0.311,0.271,0.095,18.862
2019-05-19 06:00,0.485,0.474,0.107,20.040
2019-05-19 07:00,0.613,0.636,0.121,21.079
2019-05-19 08:00,0.699,0.757,0.130,21.942
2019-05-19 09:00,0.751,0.842,0.130,22.633
2019-05-19 10:00,0.758,0.861,0.126,23.215
2019-05-19 11:00,0.723,0.814,0.119,23.692
2019-05-19 12:00,0.628,0.674,0.117,24.009
2019-05-19 13:00,0.496,0.498,0.110,24.027
2019-05-19 14:00,0.322,0.284,0.104,23.673
2019-05-19 15:00,0.137,0.074,0.100,23.199
2019-05-19 16:00,0.029,0,0.053,22.073
2019-05-19 17:00,0,0,0.001,20.978
2019-05-19 18:00,0,0,0,20.290
2019-05-19 19:00,0,0,0,19.668
2019-05-19 20:00,0,0,0,19.417
2019-05-19 21:00,0,0,0,19.429
2019-05-19 22:00,0,0,0,19.291
2019-05-19 23:00,0,0,0,19.356
2019-05-20 00:00,0,0,0,19.357
2019-05-20 01:00,0,0,0,19.073
2019-05-20 02:00,0,0,0.001,18.620
2019-05-20 03:00,0.020,0,0.042,18.967
2019-05-20 04:00,0.121,0.045,0.110,20.540
2019-05-20 05:00,0.290,0.214,0.133,21.607
2019-05-20 06:00,0.407,0.308,0.181,22.649
2019-05-20 07:00,0.535,0.467,0.193,23.687
2019-05-20 08:00,0.676,0.707,0.159,24.640
2019-05-20 09:00,0.735,0.807,0.156,25.263
2019-05-20 10:00,0.645,0.590,0.233,25.433
2019-05-20 11:00,0.499,0.302,0.313,25.056
2019-05-20 12:00,0.362,0.134,0.302,24.285
2019-05-20 13:00,0.332,0.148,0.252,23.801
2019-05-20 14:00,0.282,0.172,0.168,23.538
2019-05-20 15:00,0.142,0.063,0.117,22.930
2019-05-20 16:00,0.026,0,0.050,21.540
2019-05-20 17:00,0,0,0.002,20.200
2019-05-20 18:00,0,0,0,19.680
2019-05-20 19:00,0,0,0,19.363
2019-05-20 20:00,0,0,0,19.145
2019-05-20 21:00,0,0,0,18.872
2019-05-20 22:00,0,0,0,18.479
2019-05-20 23:00,0,0,0,18.246
2019-05-21 00:00,0,0,0,18.300
2019-05-21 01:00,0,0,0,18.260
2019-05-21 02:00,0,0,0,18.103
2019-05-21 03:00,0.001,0,0.017,18.316
2019-05-21 04:00,0.023,0.001,0.045,18.974
2019-05-21 05:00,0.072,0.004,0.098,19.557
2019-05-21 06:00,0.279,0.072,0.259,20.260
2019-05-21 07:00,0.448,0.249,0.287,21.178
2019-05-21 08:00,0.634,0.574,0.218,22.402
2019-05-21 09:00,0.762,0.845,0.151,23.645
2019-05-21 10:00,0.765,0.863,0.144,24.535
2019-05-21 11:00,0.715,0.783,0.146,25.110
2019-05-21 12:00,0.616,0.623,0.156,25.337
2019-05-21 13:00,0.403,0.262,0.228,25.157
2019-05-21 14:00,0.175,0.031,0.187,24.354
2019-05-21 15:00,0.098,0.010,0.122,23.298
2019-05-21 16:00,0.020,0,0.043,22.213
2019-05-21 17:00,0,0,0.002,20.774
2019-05-21 18:00,0,0,0,19.694
2019-05-21 19:00,0,0,0,18.970
2019-05-21 20:00,0,0,0,18.365
2019-05-21 21:00,0,0,0,17.708
2019-05-21 22:00,0,0,0,17.152
2019-05-21 23:00,0,0,0,16.786
2019-05-22 00:00,0,0,0,16.577
2019-05-22 01:00,0,0,0,16.506
2019-05-22 02:00,0,0,0.001,16.535
2019-05-22 03:00,0.025,0,0.048,17.220
2019-05-22 04:00,0.118,0.028,0.122,18.394
2019-05-22 05:00,0.206,0.059,0.189,19.671
2019-05-22 06:00,0.309,0.118,0.250,21.638
2019-05-22 07:00,0.485,0.335,0.254,22.923
2019-05-22 08:00,0.644,0.609,0.206,23.934
2019-05-22 09:00,0.638,0.559,0.249,24.331
2019-05-22 10:00,0.600,0.473,0.280,24.560
2019-05-22 11:00,0.607,0.530,0.236,24.820
2019-05-22 12:00,0.611,0.608,0.164,25.031
2019-05-22 13:00,0.397,0.252,0.230,24.951
2019-05-22 14:00,0.162,0.025,0.179,24.696
2019-05-22 15:00,0.082,0.006,0.108,23.618
2019-05-22 16:00,0.014,0,0.035,21.857
2019-05-22 17:00,0,0,0.001,20.424
2019-05-22 18:00,0,0,0,19.195
2019-05-22 19:00,0,0,0,18.368
2019-05-22 20:00,0,0,0,17.966
2019-05-22 21:00,0,0,0,17.897
2019-05-22 22:00,0,0,0,17.907
2019-05-22 23:00,0,0,0,17.871
2019-05-23 00:00,0,0,0,17.662
2019-05-23 01:00,0,0,0,17.516
2019-05-23 02:00,0,0,0,17.541
2019-05-23 03:00,0.003,0,0.019,17.601
2019-05-23 04:00,0.121,0.044,0.110,18.852
2019-05-23 05:00,0.312,0.270,0.099,20.054
2019-05-23 06:00,0.487,0.483,0.104,21.306
2019-05-23 07:00,0.623,0.665,0.112,22.348
2019-05-23 08:00,0.714,0.801,0.117,23.264
2019-05-23 09:00,0.767,0.889,0.117,23.916
2019-05-23 10:00,0.768,0.893,0.117,24.229
2019-05-23 11:00,0.725,0.827,0.115,24.373
2019-05-23 12:00,0.637,0.696,0.111,24.399
2019-05-23 13:00,0.502,0.512,0.105,24.311
2019-05-23 14:00,0.332,0.305,0.095,24.059
2019-05-23 15:00,0.144,0.100,0.083,23.689
2019-05-23 16:00,0.029,0,0.054,22.658
2019-05-23 17:00,0,0,0.003,20.453
2019-05-23 18:00,0,0,0,19.371
2019-05-23 19:00,0,0,0,18.698
2019-05-23 20:00,0,0,0,18.036
2019-05-23 21:00,0,0,0,17.514
2019-05-23 22:00,0,0,0,17.163
2019-05-23 23:00,0,0,0,16.883
2019-05-24 00:00,0,0,0,16.810
2019-05-24 01:00,0,0,0,16.914
2019-05-24 02:00,0,0,0,17.080
2019-05-24 03:00,0.004,0,0.021,17.383
2019-05-24 04:00,0.045,0.001,0.068,17.668
2019-05-24 05:00,0.135,0.011,0.157,17.943
2019-05-24 06:00,0.183,0.017,0.204,17.997
2019-05-24 07:00,0.258,0.033,0.271,17.915
2019-05-24 08:00,0.346,0.068,0.337,17.934
2019-05-24 09:00,0.477,0.182,0.382,18.368
2019-05-24 10:00,0.585,0.368,0.342,18.971
2019-05-24 11:00,0.582,0.403,0.304,19.418
2019-05-24 12:00,0.492,0.296,0.292,19.547
2019-05-24 13:00,0.382,0.189,0.261,19.436
2019-05-24 14:00,0.262,0.102,0.208,19.191
2019-05-24 15:00,0.139,0.032,0.142,18.779
2019-05-24 16:00,0.036,0,0.060,18.081
2019-05-24 17:00,0,0,0.003,16.976
2019-05-24 18:00,0,0,0,16.613
2019-05-24 19:00,0,0,0,16.593
2019-05-24 20:00,0,0,0,16.505
2019-05-24 21:00,0,0,0,16.182
2019-05-24 22:00,0,0,0,15.911
2019-05-24 23:00,0,0,0,15.678
2019-05-25 00:00,0,0,0,15.524
2019-05-25 01:00,0,0,0,15.431
2019-05-25 02:00,0,0,0.001,15.420
2019-05-25 03:00,0.025,0,0.048,16.331
2019-05-25 04:00,0.124,0.046,0.110,17.335
2019-05-25 05:00,0.274,0.176,0.147,18.265
2019-05-25 06:00,0.435,0.353,0.161,19.118
2019-05-25 07:00,0.567,0.515,0.174,19.846
2019-05-25 08:00,0.599,0.507,0.226,20.231
2019-05-25 09:00,0.605,0.480,0.262,20.530
2019-05-25 10:00,0.641,0.558,0.239,20.904
2019-05-25 11:00,0.634,0.584,0.204,21.233
2019-05-25 12:00,0.590,0.563,0.163,21.480
2019-05-25 13:00,0.480,0.440,0.139,21.547
2019-05-25 14:00,0.314,0.246,0.128,21.419
2019-05-25 15:00,0.142,0.068,0.111,20.999
2019-05-25 16:00,0.035,0,0.060,20.080
2019-05-25 17:00,0,0,0.003,18.604
2019-05-25 18:00,0,0,0,18.070
2019-05-25 19:00,0,0,0,17.730
2019-05-25 20:00,0,0,0,17.484
2019-05-25 21:00,0,0,0,17.356
2019-05-25 22:00,0,0,0,17.200
2019-05-25 23:00,0,0,0,16.981
2019-05-26 00:00,0,0,0,16.756
2019-05-26 01:00,0,0,0,16.518
2019-05-26 02:00,0,0,0.001,16.275
2019-05-26 03:00,0.023,0,0.045,17.132
2019-05-26 04:00,0.129,0.087,0.075,18.493
2019-05-26 05:00,0.316,0.286,0.087,19.786
2019-05-26 06:00,0.491,0.496,0.096,21.168
2019-05-26 07:00,0.627,0.677,0.104,21.979
2019-05-26 08:00,0.718,0.809,0.110,22.583
2019-05-26 09:00,0.763,0.880,0.114,23.095
2019-05-26 10:00,0.763,0.881,0.116,23.547
2019-05-26 11:00,0.720,0.817,0.113,23.885
2019-05-26 12:00,0.633,0.690,0.108,24.062
2019-05-26 13:00,0.502,0.515,0.100,24.091
2019-05-26 14:00,0.332,0.308,0.091,23.899
2019-05-26 15:00,0.144,0.102,0.080,23.342
2019-05-26 16:00,0.029,0,0.053,22.219
2019-05-26 17:00,0,0,0.004,20.265
2019-05-26 18:00,0,0,0,19.369
2019-05-26 19:00,0,0,0,18.759
2019-05-26 20:00,0,0,0,18.239
2019-05-26 21:00,0,0,0,17.852
2019-05-26 22:00,0,0,0,17.578
2019-05-26 23:00,0,0,0,17.361
2019-05-27 00:00,0,0,0,17.128
2019-05-27 01:00,0,0,0,16.907
2019-05-27 02:00,0,0,0.001,16.711
2019-05-27 03:00,0.025,0,0.048,17.428
2019-05-27 04:00,0.131,0.083,0.082,18.681
2019-05-27 05:00,0.314,0.275,0.096,19.971
2019-05-27 06:00,0.483,0.474,0.109,21.678
2019-05-27 07:00,0.601,0.614,0.132,22.687
2019-05-27 08:00,0.609,0.559,0.201,23.315
2019-05-27 09:00,0.602,0.509,0.243,23.727
2019-05-27 10:00,0.677,0.673,0.192,24.172
2019-05-27 11:00,0.669,0.696,0.158,24.444
2019-05-27 12:00,0.611,0.635,0.134,24.398
2019-05-27 13:00,0.477,0.451,0.130,23.975
2019-05-27 14:00,0.307,0.238,0.130,23.194
2019-05-27 15:00,0.137,0.055,0.119,22.110
2019-05-27 16:00,0.035,0,0.060,20.752
2019-05-27 17:00,0,0,0.004,19.187
2019-05-27 18:00,0,0,0,18.255
2019-05-27 19:00,0,0,0,17.689
2019-05-27 20:00,0,0,0,17.348
2019-05-27 21:00,0,0,0,17.243
2019-05-27 22:00,0,0,0,17.200
2019-05-27 23:00,0,0,0,17.234
2019-05-28 00:00,0,0,0,17.215
2019-05-28 01:00,0,0,0,17.196
2019-05-28 02:00,0,0,0.002,17.194
2019-05-28 03:00,0.028,0,0.050,18.015
2019-05-28 04:00,0.125,0.049,0.109,19.443
2019-05-28 05:00,0.272,0.181,0.143,20.903
2019-05-28 06:00,0.452,0.409,0.138,22.810
2019-05-28 07:00,0.584,0.590,0.141,24.652
2019-05-28 08:00,0.667,0.715,0.147,26.441
2019-05-28 09:00,0.713,0.798,0.147,28.173
2019-05-28 10:00,0.713,0.800,0.148,29.025
2019-05-28 11:00,0.668,0.732,0.148,29.481
2019-05-28 12:00,0.581,0.601,0.147,29.633
2019-05-28 13:00,0.447,0.409,0.150,29.379
2019-05-28 14:00,0.281,0.192,0.156,29.150
2019-05-28 15:00,0.124,0.034,0.130,28.546
2019-05-28 16:00,0.029,0,0.055,26.987
2019-05-28 17:00,0,0,0.004,24.614
2019-05-28 18:00,0,0,0,22.886
2019-05-28 19:00,0,0,0,22.115
2019-05-28 20:00,0,0,0,21.453
2019-05-28 21:00,0,0,0,20.741
2019-05-28 22:00,0,0,0,20.180
2019-05-28 23:00,0,0,0,19.690
2019-05-29 00:00,0,0,0,19.344
2019-05-29 01:00,0,0,0,19.032
2019-05-29 02:00,0,0,0.002,18.844
2019-05-29 03:00,0.024,0,0.047,19.671
2019-05-29 04:00,0.128,0.090,0.073,21.297
2019-05-29 05:00,0.315,0.294,0.083,22.465
2019-05-29 06:00,0.490,0.508,0.091,23.620
2019-05-29 07:00,0.626,0.693,0.098,24.506
2019-05-29 08:00,0.717,0.829,0.104,25.237
2019-05-29 09:00,0.759,0.896,0.108,25.784
2019-05-29 10:00,0.759,0.899,0.109,26.221
2019-05-29 11:00,0.717,0.833,0.107,26.552
2019-05-29 12:00,0.630,0.705,0.103,26.730
2019-05-29 13:00,0.500,0.526,0.096,26.795
2019-05-29 14:00,0.331,0.318,0.086,26.765
2019-05-29 15:00,0.144,0.111,0.075,26.844
2019-05-29 16:00,0.028,0,0.052,25.897
2019-05-29 17:00,0,0,0.005,24.241
2019-05-29 18:00,0,0,0,23.029
2019-05-29 19:00,0,0,0,21.746
2019-05-29 20:00,0,0,0,20.572
2019-05-29 21:00,0,0,0,19.756
2019-05-29 22:00,0,0,0,19.275
2019-05-29 23:00,0,0,0,18.946
2019-05-30 00:00,0,0,0,18.758
2019-05-30 01:00,0,0,0,18.517
2019-05-30 02:00,0,0,0.002,18.262
2019-05-30 03:00,0.022,0,0.044,19.323
2019-05-30 04:00,0.130,0.098,0.067,20.757
2019-05-30 05:00,0.320,0.303,0.079,21.907
2019-05-30 06:00,0.494,0.513,0.088,23.033
2019-05-30 07:00,0.628,0.694,0.097,23.942
2019-05-30 08:00,0.716,0.826,0.103,24.710
2019-05-30 09:00,0.763,0.902,0.106,25.276
2019-05-30 10:00,0.763,0.904,0.107,25.702
2019-05-30 11:00,0.720,0.838,0.105,25.987
2019-05-30 12:00,0.634,0.710,0.101,26.132
2019-05-30 13:00,0.503,0.531,0.094,26.137
2019-05-30 14:00,0.333,0.321,0.085,25.978
2019-05-30 15:00,0.145,0.112,0.074,25.809
2019-05-30 16:00,0.028,0,0.053,24.880
2019-05-30 17:00,0,0,0.005,23.124
2019-05-30 18:00,0,0,0,22.195
2019-05-30 19:00,0,0,0,21.672
2019-05-30 20:00,0,0,0,21.386
2019-05-30 21:00,0,0,0,21.173
2019-05-30 22:00,0,0,0,20.922
2019-05-30 23:00,0,0,0,20.566
2019-05-31 00:00,0,0,0,20.347
2019-05-31 01:00,0,0,0,20.021
2019-05-31 02:00,0,0,0.002,19.588
2019-05-31 03:00,0.023,0,0.046,19.819
2019-05-31 04:00,0.130,0.094,0.071,21.024
2019-05-31 05:00,0.316,0.295,0.083,22.718
2019-05-31 06:00,0.485,0.503,0.093,24.862
2019-05-31 07:00,0.617,0.683,0.101,25.945
2019-05-31 08:00,0.700,0.803,0.111,26.589
2019-05-31 09:00,0.743,0.869,0.116,26.853
2019-05-31 10:00,0.742,0.867,0.118,27.024
2019-05-31 11:00,0.702,0.805,0.116,27.084
2019-05-31 12:00,0.623,0.690,0.108,26.876
2019-05-31 13:00,0.496,0.515,0.101,26.347
2019-05-31 14:00,0.328,0.305,0.093,25.508
2019-05-31 15:00,0.145,0.102,0.083,24.455
2019-05-31 16:00,0.032,0,0.057,23.071
2019-05-31 17:00,0,0,0.005,21.283
2019-05-31 18:00,0,0,0,20.106
2019-05-31 19:00,0,0,0,19.366
2019-05-31 20:00,0,0,0,18.896
2019-05-31 21:00,0,0,0,18.603
2019-05-31 22:00,0,0,0,18.420
2019-05-31 23:00,0,0,0,18.259
2019-06-01 00:00,0,0,0,18.089
2019-06-01 01:00,0,0,0,17.951
2019-06-01 02:00,0,0,0.002,17.881
2019-06-01 03:00,0.028,0,0.051,18.968
2019-06-01 04:00,0.132,0.083,0.084,19.993
2019-06-01 05:00,0.312,0.273,0.098,20.965
2019-06-01 06:00,0.482,0.473,0.109,21.927
2019-06-01 07:00,0.615,0.648,0.118,22.762
2019-06-01 08:00,0.702,0.773,0.126,23.419
2019-06-01 09:00,0.744,0.836,0.132,23.881
2019-06-01 10:00,0.746,0.840,0.133,24.178
2019-06-01 11:00,0.703,0.772,0.133,24.256
2019-06-01 12:00,0.593,0.591,0.149,24.055
2019-06-01 13:00,0.434,0.352,0.174,23.637
2019-06-01 14:00,0.261,0.131,0.183,22.939
2019-06-01 15:00,0.110,0.017,0.127,22.005
2019-06-01 16:00,0.027,0,0.050,20.928
2019-06-01 17:00,0,0,0.004,19.805
2019-06-01 18:00,0,0,0,19.198
2019-06-01 19:00,0,0,0,18.953
2019-06-01 20:00,0,0,0,18.827
2019-06-01 21:00,0,0,0,18.865
2019-06-01 22:00,0,0,0,18.921
2019-06-01 23:00,0,0,0,18.923
2019-06-02 00:00,0,0,0,18.943
2019-06-02 01:00,0,0,0,18.975
2019-06-02 02:00,0,0,0.001,18.968
2019-06-02 03:00,0.009,0,0.028,19.383
2019-06-02 04:00,0.040,0.001,0.064,19.865
2019-06-02 05:00,0.112,0.007,0.138,20.295
2019-06-02 06:00,0.250,0.045,0.255,21.050
2019-06-02 07:00,0.379,0.127,0.326,21.881
2019-06-02 08:00,0.461,0.196,0.361,22.558
2019-06-02 09:00,0.461,0.177,0.381,23.008
2019-06-02 10:00,0.475,0.195,0.382,23.397
2019-06-02 11:00,0.491,0.245,0.355,23.762
2019-06-02 12:00,0.465,0.259,0.307,23.933
2019-06-02 13:00,0.387,0.208,0.259,23.854
2019-06-02 14:00,0.260,0.102,0.212,23.539
2019-06-02 15:00,0.136,0.028,0.146,22.998
2019-06-02 16:00,0.041,0,0.067,22.147
2019-06-02 17:00,0,0,0.005,20.989
2019-06-02 18:00,0,0,0,20.175
2019-06-02 19:00,0,0,0,19.562
2019-06-02 20:00,0,0,0,19.138
2019-06-02 21:00,0,0,0,18.897
2019-06-02 22:00,0,0,0,18.842
2019-06-02 23:00,0,0,0,18.913
2019-06-03 00:00,0,0,0,18.973
2019-06-03 01:00,0,0,0,18.935
2019-06-03 02:00,0,0,0.003,18.881
2019-06-03 03:00,0.027,0,0.050,19.974
2019-06-03 04:00,0.130,0.090,0.076,20.927
2019-06-03 05:00,0.317,0.293,0.085,21.803
2019-06-03 06:00,0.492,0.504,0.093,22.747
2019-06-03 07:00,0.627,0.686,0.101,23.514
2019-06-03 08:00,0.715,0.816,0.108,24.184
2019-06-03 09:00,0.759,0.887,0.112,24.743
2019-06-03 10:00,0.760,0.889,0.113,25.208
2019-06-03 11:00,0.716,0.821,0.112,25.553
2019-06-03 12:00,0.626,0.686,0.110,25.735
2019-06-03 13:00,0.485,0.486,0.112,25.788
2019-06-03 14:00,0.316,0.276,0.109,25.717
2019-06-03 15:00,0.143,0.084,0.100,25.398
2019-06-03 16:00,0.037,0,0.063,24.273
2019-06-03 17:00,0,0,0.005,22.718
2019-06-03 18:00,0,0,0,21.920
2019-06-03 19:00,0,0,0,21.482
2019-06-03 20:00,0,0,0,21.080
2019-06-03 21:00,0,0,0,20.827
2019-06-03 22:00,0,0,0,20.636
2019-06-03 23:00,0,0,0,20.466
2019-06-04 00:00,0,0,0,20.227
2019-06-04 01:00,0,0,0,19.915
2019-06-04 02:00,0,0,0.001,19.537
2019-06-04 03:00,0.026,0,0.049,19.747
2019-06-04 04:00,0.114,0.024,0.123,20.485
2019-06-04 05:00,0.241,0.111,0.178,21.240
2019-06-04 06:00,0.386,0.263,0.198,21.934
2019-06-04 07:00,0.581,0.564,0.154,22.823
2019-06-04 08:00,0.669,0.694,0.156,23.462
2019-06-04 09:00,0.703,0.736,0.167,23.923
2019-06-04 10:00,0.700,0.727,0.173,24.302
2019-06-04 11:00,0.649,0.648,0.177,24.490
2019-06-04 12:00,0.583,0.570,0.159,24.590
2019-06-04 13:00,0.470,0.435,0.140,24.567
2019-06-04 14:00,0.318,0.263,0.121,24.408
2019-06-04 15:00,0.149,0.087,0.103,23.890
2019-06-04 16:00,0.039,0,0.065,23.070
2019-06-04 17:00,0,0,0.006,22.007
2019-06-04 18:00,0,0,0,21.422
2019-06-04 19:00,0,0,0,20.780
2019-06-04 20:00,0,0,0,20.139
2019-06-04 21:00,0,0,0,19.762
2019-06-04 22:00,0,0,0,19.588
2019-06-04 23:00,0,0,0,19.535
2019-06-05 00:00,0,0,0,19.598
2019-06-05 01:00,0,0,0,19.532
2019-06-05 02:00,0,0,0.003,19.316
2019-06-05 03:00,0.027,0,0.050,19.603
2019-06-05 04:00,0.130,0.087,0.078,20.641
2019-06-05 05:00,0.311,0.281,0.090,21.958
2019-06-05 06:00,0.481,0.484,0.100,23.031
2019-06-05 07:00,0.613,0.661,0.108,23.846
2019-06-05 08:00,0.703,0.792,0.114,24.452
2019-06-05 09:00,0.749,0.864,0.117,24.827
2019-06-05 10:00,0.750,0.867,0.118,25.126
2019-06-05 11:00,0.707,0.802,0.117,25.341
2019-06-05 12:00,0.622,0.678,0.112,25.488
2019-06-05 13:00,0.493,0.503,0.105,25.481
2019-06-05 14:00,0.327,0.299,0.098,25.275
2019-06-05 15:00,0.147,0.100,0.087,24.789
2019-06-05 16:00,0.035,0,0.060,23.816
2019-06-05 17:00,0,0,0.006,22.093
2019-06-05 18:00,0,0,0,21.043
2019-06-05 19:00,0,0,0,20.255
2019-06-05 20:00,0,0,0,19.654
2019-06-05 21:00,0,0,0,19.270
2019-06-05 22:00,0,0,0,19.065
2019-06-05 23:00,0,0,0,19.061
2019-06-06 00:00,0,0,0,19.252
2019-06-06 01:00,0,0,0,19.486
2019-06-06 02:00,0,0,0.003,19.811
2019-06-06 03:00,0.028,0,0.051,20.431
2019-06-06 04:00,0.130,0.086,0.080,21.749
2019-06-06 05:00,0.309,0.278,0.093,23.125
2019-06-06 06:00,0.477,0.479,0.104,24.161
2019-06-06 07:00,0.608,0.654,0.113,25.050
2019-06-06 08:00,0.690,0.770,0.123,25.709
2019-06-06 09:00,0.729,0.827,0.131,26.160
2019-06-06 10:00,0.719,0.805,0.139,26.444
2019-06-06 11:00,0.672,0.729,0.142,26.629
2019-06-06 12:00,0.590,0.611,0.137,26.706
2019-06-06 13:00,0.469,0.452,0.128,26.574
2019-06-06 14:00,0.310,0.258,0.120,26.243
2019-06-06 15:00,0.143,0.071,0.112,25.663
2019-06-06 16:00,0.038,0,0.065,24.624
2019-06-06 17:00,0,0,0.006,23.017
2019-06-06 18:00,0,0,0,22.144
2019-06-06 19:00,0,0,0,21.544
2019-06-06 20:00,0,0,0,21.021
2019-06-06 21:00,0,0,0,20.603
2019-06-06 22:00,0,0,0,20.556
2019-06-06 23:00,0,0,0,20.728
2019-06-07 00:00,0,0,0,20.785
2019-06-07 01:00,0,0,0,20.615
2019-06-07 02:00,0,0,0.003,20.170
2019-06-07 03:00,0.028,0,0.052,20.319
2019-06-07 04:00,0.129,0.082,0.082,21.391
2019-06-07 05:00,0.306,0.273,0.094,23.073
2019-06-07 06:00,0.473,0.475,0.103,24.330
2019-06-07 07:00,0.605,0.653,0.111,25.192
2019-06-07 08:00,0.694,0.783,0.117,25.863
2019-06-07 09:00,0.738,0.855,0.120,26.443
2019-06-07 10:00,0.739,0.859,0.120,26.855
2019-06-07 11:00,0.698,0.795,0.119,27.033
2019-06-07 12:00,0.615,0.672,0.114,27.001
2019-06-07 13:00,0.488,0.499,0.107,26.771
2019-06-07 14:00,0.325,0.297,0.099,26.318
2019-06-07 15:00,0.148,0.102,0.087,25.580
2019-06-07 16:00,0.035,0,0.060,24.417
2019-06-07 17:00,0,0,0.007,22.577
2019-06-07 18:00,0,0,0,21.549
2019-06-07 19:00,0,0,0,20.905
2019-06-07 20:00,0,0,0,20.443
2019-06-07 21:00,0,0,0,20.140
2019-06-07 22:00,0,0,0,19.959
2019-06-07 23:00,0,0,0,19.917
2019-06-08 00:00,0,0,0,19.878
2019-06-08 01:00,0,0,0,19.763
2019-06-08 02:00,0,0,0.003,19.545
2019-06-08 03:00,0.028,0,0.051,20.079
2019-06-08 04:00,0.130,0.084,0.081,21.297
2019-06-08 05:00,0.303,0.265,0.099,22.984
2019-06-08 06:00,0.461,0.448,0.115,24.413
2019-06-08 07:00,0.574,0.586,0.134,25.376
2019-06-08 08:00,0.661,0.709,0.141,26.116
2019-06-08 09:00,0.707,0.784,0.142,26.751
2019-06-08 10:00,0.709,0.790,0.142,27.202
2019-06-08 11:00,0.671,0.735,0.139,27.442
2019-06-08 12:00,0.595,0.630,0.129,27.446
2019-06-08 13:00,0.478,0.478,0.116,27.230
2019-06-08 14:00,0.324,0.296,0.100,26.793
2019-06-08 15:00,0.150,0.108,0.083,26.113
2019-06-08 16:00,0.032,0,0.058,25.006
2019-06-08 17:00,0,0,0.007,23.168
2019-06-08 18:00,0,0,0,22.135
2019-06-08 19:00,0,0,0,21.480
2019-06-08 20:00,0,0,0,20.965
2019-06-08 21:00,0,0,0,20.568
2019-06-08 22:00,0,0,0,20.324
2019-06-08 23:00,0,0,0,20.193
2019-06-09 00:00,0,0,0,20.008
2019-06-09 01:00,0,0,0,19.724
2019-06-09 02:00,0,0,0.003,19.517
2019-06-09 03:00,0.031,0,0.056,20.555
2019-06-09 04:00,0.130,0.070,0.096,21.908
2019-06-09 05:00,0.290,0.226,0.122,23.091
2019-06-09 06:00,0.438,0.387,0.145,24.011
2019-06-09 07:00,0.550,0.518,0.166,24.744
2019-06-09 08:00,0.622,0.602,0.186,25.256
2019-06-09 09:00,0.652,0.633,0.202,25.580
2019-06-09 10:00,0.648,0.621,0.209,25.765
2019-06-09 11:00,0.612,0.570,0.205,25.758
2019-06-09 12:00,0.542,0.484,0.191,25.580
2019-06-09 13:00,0.439,0.369,0.167,25.209
2019-06-09 14:00,0.301,0.223,0.141,24.622
2019-06-09 15:00,0.149,0.076,0.112,23.752
2019-06-09 16:00,0.041,0,0.067,22.715
2019-06-09 17:00,0,0,0.007,21.683
2019-06-09 18:00,0,0,0,21.323
2019-06-09 19:00,0,0,0,21.221
2019-06-09 20:00,0,0,0,21.124
2019-06-09 21:00,0,0,0,20.971
2019-06-09 22:00,0,0,0,20.761
2019-06-09 23:00,0,0,0,20.686
2019-06-10 00:00,0,0,0,20.665
2019-06-10 01:00,0,0,0,20.658
2019-06-10 02:00,0,0,0.003,20.648
2019-06-10 03:00,0.033,0,0.057,21.348
2019-06-10 04:00,0.126,0.034,0.128,22.214
2019-06-10 05:00,0.272,0.163,0.165,22.993
2019-06-10 06:00,0.430,0.345,0.175,23.830
2019-06-10 07:00,0.553,0.502,0.185,24.654
2019-06-10 08:00,0.640,0.621,0.194,25.318
2019-06-10 09:00,0.661,0.626,0.222,25.690
2019-06-10 10:00,0.599,0.472,0.285,25.737
2019-06-10 11:00,0.487,0.265,0.335,25.535
2019-06-10 12:00,0.361,0.118,0.319,25.166
2019-06-10 13:00,0.271,0.064,0.265,24.712
2019-06-10 14:00,0.192,0.035,0.202,24.177
2019-06-10 15:00,0.105,0.011,0.129,23.534
2019-06-10 16:00,0.032,0,0.057,22.792
2019-06-10 17:00,0,0,0.005,21.869
2019-06-10 18:00,0,0,0,21.304
2019-06-10 19:00,0,0,0,20.934
2019-06-10 20:00,0,0,0,20.593
2019-06-10 21:00,0,0,0,20.314
2019-06-10 22:00,0,0,0,20.140
2019-06-10 23:00,0,0,0,19.974
2019-06-11 00:00,0,0,0,19.834
2019-06-11 01:00,0,0,0,19.781
2019-06-11 02:00,0,0,0.003,19.888
2019-06-11 03:00,0.036,0,0.060,20.845
2019-06-11 04:00,0.132,0.034,0.134,21.623
2019-06-11 05:00,0.264,0.126,0.191,22.256
2019-06-11 06:00,0.362,0.181,0.254,23.075
2019-06-11 07:00,0.436,0.219,0.309,23.827
2019-06-11 08:00,0.473,0.222,0.356,24.309
2019-06-11 09:00,0.441,0.153,0.384,24.532
2019-06-11 10:00,0.408,0.113,0.383,24.647
2019-06-11 11:00,0.354,0.075,0.353,24.589
2019-06-11 12:00,0.279,0.042,0.296,24.386
2019-06-11 13:00,0.213,0.025,0.237,24.075
2019-06-11 14:00,0.147,0.013,0.173,23.686
2019-06-11 15:00,0.085,0.005,0.112,23.227
2019-06-11 16:00,0.028,0,0.052,22.647
2019-06-11 17:00,0,0,0.005,21.775
2019-06-11 18:00,0,0,0,21.306
2019-06-11 19:00,0,0,0,21.010
2019-06-11 20:00,0,0,0,20.774
2019-06-11 21:00,0,0,0,20.630
2019-06-11 22:00,0,0,0,20.481
2019-06-11 23:00,0,0,0,20.390
2019-06-12 00:00,0,0,0,20.174
2019-06-12 01:00,0,0,0,19.907
2019-06-12 02:00,0,0,0.003,19.648
2019-06-12 03:00,0.028,0,0.051,20.139
2019-06-12 04:00,0.110,0.014,0.129,20.916
2019-06-12 05:00,0.253,0.106,0.198,22.066
2019-06-12 06:00,0.392,0.243,0.230,23.383
2019-06-12 07:00,0.484,0.323,0.270,24.310
2019-06-12 08:00,0.521,0.323,0.321,24.957
2019-06-12 09:00,0.510,0.267,0.363,25.347
2019-06-12 10:00,0.475,0.204,0.380,25.513
2019-06-12 11:00,0.416,0.142,0.366,25.517
2019-06-12 12:00,0.361,0.107,0.331,25.429
2019-06-12 13:00,0.280,0.064,0.276,25.181
2019-06-12 14:00,0.180,0.025,0.199,24.765
2019-06-12 15:00,0.089,0.006,0.116,24.208
2019-06-12 16:00,0.026,0,0.050,23.547
2019-06-12 17:00,0,0,0.005,22.647
2019-06-12 18:00,0,0,0,22.330
2019-06-12 19:00,0,0,0,22.134
2019-06-12 20:00,0,0,0,21.811
2019-06-12 21:00,0,0,0,21.355
2019-06-12 22:00,0,0,0,20.961
2019-06-12 23:00,0,0,0,20.824
2019-06-13 00:00,0,0,0,20.577
2019-06-13 01:00,0,0,0,20.055
2019-06-13 02:00,0,0,0.004,19.694
2019-06-13 03:00,0.030,0,0.054,20.689
2019-06-13 04:00,0.128,0.072,0.091,21.941
2019-06-13 05:00,0.289,0.234,0.114,23.433
2019-06-13 06:00,0.447,0.420,0.125,24.816
2019-06-13 07:00,0.578,0.599,0.129,26.048
2019-06-13 08:00,0.671,0.741,0.130,27.134
2019-06-13 09:00,0.723,0.832,0.127,27.977
2019-06-13 10:00,0.729,0.847,0.124,28.450
2019-06-13 11:00,0.690,0.787,0.121,28.612
2019-06-13 12:00,0.607,0.664,0.117,28.462
2019-06-13 13:00,0.485,0.498,0.109,28.053
2019-06-13 14:00,0.326,0.301,0.098,27.413
2019-06-13 15:00,0.151,0.109,0.085,26.503
2019-06-13 16:00,0.035,0,0.060,25.163
2019-06-13 17:00,0,0,0.008,23.305
2019-06-13 18:00,0,0,0,22.385
2019-06-13 19:00,0,0,0,21.829
2019-06-13 20:00,0,0,0,21.389
2019-06-13 21:00,0,0,0,21.228
2019-06-13 22:00,0,0,0,21.243
2019-06-13 23:00,0,0,0,21.067
2019-06-14 00:00,0,0,0,20.888
2019-06-14 01:00,0,0,0,20.736
2019-06-14 02:00,0,0,0.004,20.664
2019-06-14 03:00,0.032,0,0.057,21.757
2019-06-14 04:00,0.131,0.076,0.092,22.995
2019-06-14 05:00,0.303,0.259,0.107,24.081
2019-06-14 06:00,0.467,0.454,0.118,25.066
2019-06-14 07:00,0.593,0.619,0.130,25.862
2019-06-14 08:00,0.675,0.732,0.141,26.430
2019-06-14 09:00,0.709,0.777,0.153,26.781
2019-06-14 10:00,0.695,0.738,0.169,26.884
2019-06-14 11:00,0.631,0.620,0.189,26.756
2019-06-14 12:00,0.521,0.435,0.215,26.486
2019-06-14 13:00,0.382,0.240,0.226,26.102
2019-06-14 14:00,0.239,0.091,0.202,25.627
2019-06-14 15:00,0.111,0.015,0.132,24.962
2019-06-14 16:00,0.030,0,0.055,24.075
2019-06-14 17:00,0,0,0.005,23.035
2019-06-14 18:00,0,0,0,22.488
2019-06-14 19:00,0,0,0,22.149
2019-06-14 20:00,0,0,0,21.865
2019-06-14 21:00,0,0,0,21.688
2019-06-14 22:00,0,0,0,21.576
2019-06-14 23:00,0,0,0,21.456
2019-06-15 00:00,0,0,0,21.358
2019-06-15 01:00,0,0,0,21.300
2019-06-15 02:00,0,0,0.003,21.293
2019-06-15 03:00,0.031,0,0.056,22.043
2019-06-15 04:00,0.124,0.026,0.134,22.910
2019-06-15 05:00,0.256,0.121,0.189,23.728
2019-06-15 06:00,0.380,0.230,0.230,24.554
2019-06-15 07:00,0.487,0.338,0.261,25.274
2019-06-15 08:00,0.520,0.337,0.309,25.808
2019-06-15 09:00,0.551,0.360,0.330,26.246
2019-06-15 10:00,0.543,0.338,0.343,26.470
2019-06-15 11:00,0.460,0.212,0.356,26.307
2019-06-15 12:00,0.352,0.104,0.324,25.840
2019-06-15 13:00,0.277,0.065,0.273,25.401
2019-06-15 14:00,0.188,0.031,0.202,24.922
2019-06-15 15:00,0.110,0.011,0.134,24.447
2019-06-15 16:00,0.038,0,0.064,23.828
2019-06-15 17:00,0,0,0.006,22.976
2019-06-15 18:00,0,0,0,22.458
2019-06-15 19:00,0,0,0,22.234
2019-06-15 20:00,0,0,0,22.091
2019-06-15 21:00,0,0,0,21.963
2019-06-15 22:00,0,0,0,21.795
2019-06-15 23:00,0,0,0,21.630
2019-06-16 00:00,0,0,0,21.488
2019-06-16 01:00,0,0,0,21.342
2019-06-16 02:00,0,0,0.002,21.225
2019-06-16 03:00,0.025,0,0.048,21.696
2019-06-16 04:00,0.106,0.011,0.130,22.506
2019-06-16 05:00,0.212,0.050,0.209,23.409
2019-06-16 06:00,0.294,0.081,0.275,24.204
2019-06-16 07:00,0.325,0.074,0.318,24.756
2019-06-16 08:00,0.321,0.056,0.333,25.032
2019-06-16 09:00,0.317,0.047,0.337,25.210
2019-06-16 10:00,0.331,0.054,0.348,25.427
2019-06-16 11:00,0.339,0.065,0.347,25.623
2019-06-16 12:00,0.343,0.087,0.330,25.805
2019-06-16 13:00,0.332,0.117,0.287,25.954
2019-06-16 14:00,0.253,0.088,0.221,25.868
2019-06-16 15:00,0.145,0.033,0.152,25.374
2019-06-16 16:00,0.047,0,0.074,24.433
2019-06-16 17:00,0,0,0.008,23.036
2019-06-16 18:00,0,0,0,22.313
2019-06-16 19:00,0,0,0,22.063
2019-06-16 20:00,0,0,0,21.837
2019-06-16 21:00,0,0,0,21.637
2019-06-16 22:00,0,0,0,21.487
2019-06-16 23:00,0,0,0,21.374
2019-06-17 00:00,0,0,0,21.326
2019-06-17 01:00,0,0,0,21.332
2019-06-17 02:00,0,0,0.003,21.408
2019-06-17 03:00,0.027,0,0.051,22.175
2019-06-17 04:00,0.102,0.010,0.127,22.994
2019-06-17 05:00,0.192,0.035,0.201,23.681
2019-06-17 06:00,0.275,0.065,0.268,24.267
2019-06-17 07:00,0.325,0.077,0.316,24.818
2019-06-17 08:00,0.377,0.101,0.356,25.309
2019-06-17 09:00,0.451,0.168,0.386,25.976
2019-06-17 10:00,0.488,0.226,0.379,26.606
2019-06-17 11:00,0.494,0.264,0.351,27.090
2019-06-17 12:00,0.447,0.238,0.315,27.335
2019-06-17 13:00,0.358,0.164,0.275,27.290
2019-06-17 14:00,0.242,0.076,0.223,26.931
2019-06-17 15:00,0.114,0.012,0.139,26.094
2019-06-17 16:00,0.027,0,0.052,24.915
2019-06-17 17:00,0,0,0.004,23.719
2019-06-17 18:00,0,0,0,23.123
2019-06-17 19:00,0,0,0,22.803
2019-06-17 20:00,0,0,0,22.561
2019-06-17 21:00,0,0,0,22.362
2019-06-17 22:00,0,0,0,22.204
2019-06-17 23:00,0,0,0,22.051
2019-06-18 00:00,0,0,0,21.901
2019-06-18 01:00,0,0,0,21.818
2019-06-18 02:00,0,0,0.003,21.734
2019-06-18 03:00,0.022,0,0.045,22.370
2019-06-18 04:00,0.087,0.006,0.114,23.174
2019-06-18 05:00,0.180,0.027,0.196,23.756
2019-06-18 06:00,0.256,0.050,0.261,24.296
2019-06-18 07:00,0.333,0.082,0.322,24.883
2019-06-18 08:00,0.393,0.113,0.365,25.361
2019-06-18 09:00,0.418,0.126,0.385,25.760
2019-06-18 10:00,0.440,0.149,0.391,26.117
2019-06-18 11:00,0.413,0.134,0.372,26.288
2019-06-18 12:00,0.363,0.108,0.335,26.337
2019-06-18 13:00,0.309,0.090,0.286,26.243
2019-06-18 14:00,0.228,0.057,0.223,25.908
2019-06-18 15:00,0.131,0.020,0.149,25.259
2019-06-18 16:00,0.043,0,0.070,24.356
2019-06-18 17:00,0,0,0.008,23.144
2019-06-18 18:00,0,0,0,22.418
2019-06-18 19:00,0,0,0,21.978
2019-06-18 20:00,0,0,0,21.623
2019-06-18 21:00,0,0,0,21.384
2019-06-18 22:00,0,0,0,21.277
2019-06-18 23:00,0,0,0,21.263
2019-06-19 00:00,0,0,0,21.228
2019-06-19 01:00,0,0,0,21.245
2019-06-19 02:00,0,0,0.003,21.307
2019-06-19 03:00,0.031,0,0.055,22.055
2019-06-19 04:00,0.107,0.009,0.133,22.866
2019-06-19 05:00,0.161,0.016,0.185,23.363
2019-06-19 06:00,0.218,0.025,0.242,23.831
2019-06-19 07:00,0.272,0.034,0.295,24.240
2019-06-19 08:00,0.289,0.034,0.316,24.482
2019-06-19 09:00,0.305,0.035,0.334,24.751
2019-06-19 10:00,0.295,0.031,0.327,24.951
2019-06-19 11:00,0.248,0.020,0.282,24.974
2019-06-19 12:00,0.215,0.016,0.249,24.942
2019-06-19 13:00,0.181,0.013,0.213,24.882
2019-06-19 14:00,0.127,0.007,0.157,24.701
2019-06-19 15:00,0.069,0.002,0.097,24.307
2019-06-19 16:00,0.021,0,0.044,23.604
2019-06-19 17:00,0,0,0.005,22.626
2019-06-19 18:00,0,0,0,22.117
2019-06-19 19:00,0,0,0,21.814
2019-06-19 20:00,0,0,0,21.580
2019-06-19 21:00,0,0,0,21.414
2019-06-19 22:00,0,0,0,21.261
2019-06-19 23:00,0,0,0,21.128
2019-06-20 00:00,0,0,0,21.047
2019-06-20 01:00,0,0,0,20.927
2019-06-20 02:00,0,0,0.002,20.915
2019-06-20 03:00,0.020,0,0.042,21.641
2019-06-20 04:00,0.080,0.005,0.105,22.425
2019-06-20 05:00,0.183,0.035,0.191,23.257
2019-06-20 06:00,0.293,0.096,0.258,24.155
2019-06-20 07:00,0.425,0.227,0.291,24.993
2019-06-20 08:00,0.539,0.392,0.280,25.730
2019-06-20 09:00,0.623,0.548,0.247,26.374
2019-06-20 10:00,0.657,0.633,0.216,26.843
2019-06-20 11:00,0.639,0.631,0.192,27.105
2019-06-20 12:00,0.572,0.551,0.173,27.170
2019-06-20 13:00,0.462,0.415,0.157,27.003
2019-06-20 14:00,0.307,0.227,0.148,26.520
2019-06-20 15:00,0.151,0.065,0.127,25.857
2019-06-20 16:00,0.045,0,0.072,24.970
2019-06-20 17:00,0,0,0.009,23.535
2019-06-20 18:00,0,0,0,22.769
2019-06-20 19:00,0,0,0,22.418
2019-06-20 20:00,0,0,0,22.188
2019-06-20 21:00,0,0,0,22.000
2019-06-20 22:00,0,0,0,21.818
2019-06-20 23:00,0,0,0,21.632
2019-06-21 00:00,0,0,0,21.479
2019-06-21 01:00,0,0,0,21.190
2019-06-21 02:00,0,0,0.004,20.906
2019-06-21 03:00,0.033,0,0.058,21.750
2019-06-21 04:00,0.128,0.068,0.097,23.117
2019-06-21 05:00,0.288,0.226,0.122,24.412
2019-06-21 06:00,0.432,0.379,0.148,25.389
2019-06-21 07:00,0.528,0.476,0.182,26.124
2019-06-21 08:00,0.604,0.569,0.198,26.674
2019-06-21 09:00,0.641,0.618,0.207,26.995
2019-06-21 10:00,0.656,0.651,0.198,27.172
2019-06-21 11:00,0.629,0.622,0.186,27.258
2019-06-21 12:00,0.549,0.511,0.180,27.166
2019-06-21 13:00,0.433,0.362,0.171,26.885
2019-06-21 14:00,0.292,0.203,0.153,26.395
2019-06-21 15:00,0.147,0.066,0.122,25.769
2019-06-21 16:00,0.043,0,0.070,24.893
2019-06-21 17:00,0,0,0.008,23.592
2019-06-21 18:00,0,0,0,22.971
2019-06-21 19:00,0,0,0,22.757
2019-06-21 20:00,0,0,0,22.728
2019-06-21 21:00,0,0,0,22.660
2019-06-21 22:00,0,0,0,22.481
2019-06-21 23:00,0,0,0,22.246
2019-06-22 00:00,0,0,0,21.959
2019-06-22 01:00,0,0,0,21.834
2019-06-22 02:00,0,0,0.003,21.733
2019-06-22 03:00,0.026,0,0.050,22.302
2019-06-22 04:00,0.093,0.006,0.120,23.169
2019-06-22 05:00,0.167,0.020,0.189,24.143
2019-06-22 06:00,0.236,0.036,0.253,25.024
2019-06-22 07:00,0.288,0.047,0.304,25.878
2019-06-22 08:00,0.328,0.058,0.342,26.493
2019-06-22 09:00,0.368,0.076,0.375,27.035
2019-06-22 10:00,0.381,0.086,0.382,27.171
2019-06-22 11:00,0.370,0.086,0.368,27.210
2019-06-22 12:00,0.331,0.074,0.332,27.124
2019-06-22 13:00,0.274,0.055,0.281,26.981
2019-06-22 14:00,0.189,0.027,0.209,26.689
2019-06-22 15:00,0.100,0.007,0.129,26.086
2019-06-22 16:00,0.032,0,0.058,25.162
2019-06-22 17:00,0,0,0.006,23.948
2019-06-22 18:00,0,0,0,23.358
2019-06-22 19:00,0,0,0,22.955
2019-06-22 20:00,0,0,0,22.693
2019-06-22 21:00,0,0,0,22.550
2019-06-22 22:00,0,0,0,22.433
2019-06-22 23:00,0,0,0,22.281
2019-06-23 00:00,0,0,0,22.137
2019-06-23 01:00,0,0,0,21.937
2019-06-23 02:00,0,0,0.004,21.812
2019-06-23 03:00,0.032,0,0.057,22.664
2019-06-23 04:00,0.121,0.043,0.114,23.872
2019-06-23 05:00,0.272,0.197,0.134,25.335
2019-06-23 06:00,0.433,0.396,0.137,26.753
2019-06-23 07:00,0.566,0.581,0.137,27.576
2019-06-23 08:00,0.662,0.729,0.135,28.279
2019-06-23 09:00,0.711,0.811,0.134,28.952
2019-06-23 10:00,0.719,0.832,0.130,29.452
2019-06-23 11:00,0.684,0.782,0.124,29.711
2019-06-23 12:00,0.605,0.667,0.118,29.768
2019-06-23 13:00,0.483,0.499,0.110,29.653
2019-06-23 14:00,0.325,0.303,0.100,29.331
2019-06-23 15:00,0.153,0.110,0.087,28.692
2019-06-23 16:00,0.035,0,0.062,27.512
2019-06-23 17:00,0,0,0.009,25.530
2019-06-23 18:00,0,0,0,24.566
2019-06-23 19:00,0,0,0,24.026
2019-06-23 20:00,0,0,0,23.590
2019-06-23 21:00,0,0,0,23.214
2019-06-23 22:00,0,0,0,22.964
2019-06-23 23:00,0,0,0,22.854
2019-06-24 00:00,0,0,0,22.739
2019-06-24 01:00,0,0,0,22.478
2019-06-24 02:00,0,0,0.004,22.176
2019-06-24 03:00,0.027,0,0.051,22.933
2019-06-24 04:00,0.124,0.086,0.075,24.019
2019-06-24 05:00,0.303,0.281,0.088,25.335
2019-06-24 06:00,0.468,0.482,0.098,27.075
2019-06-24 07:00,0.597,0.658,0.106,28.048
2019-06-24 08:00,0.683,0.787,0.112,28.739
2019-06-24 09:00,0.731,0.866,0.114,29.319
2019-06-24 10:00,0.732,0.869,0.115,29.665
2019-06-24 11:00,0.692,0.806,0.113,29.752
2019-06-24 12:00,0.611,0.683,0.109,29.606
2019-06-24 13:00,0.487,0.511,0.102,29.240
2019-06-24 14:00,0.328,0.311,0.094,28.608
2019-06-24 15:00,0.153,0.114,0.082,27.685
2019-06-24 16:00,0.034,0,0.060,26.410
2019-06-24 17:00,0,0,0.008,24.830
2019-06-24 18:00,0,0,0,23.944
2019-06-24 19:00,0,0,0,23.470
2019-06-24 20:00,0,0,0,23.132
2019-06-24 21:00,0,0,0,22.897
2019-06-24 22:00,0,0,0,22.798
2019-06-24 23:00,0,0,0,22.757
2019-06-25 00:00,0,0,0,22.711
2019-06-25 01:00,0,0,0,22.620
2019-06-25 02:00,0,0,0.004,22.580
2019-06-25 03:00,0.034,0,0.059,23.641
2019-06-25 04:00,0.123,0.042,0.118,24.732
2019-06-25 05:00,0.253,0.146,0.164,25.653
2019-06-25 06:00,0.376,0.259,0.201,26.405
2019-06-25 07:00,0.483,0.377,0.223,27.100
2019-06-25 08:00,0.584,0.528,0.214,27.699
2019-06-25 09:00,0.657,0.665,0.190,28.161
2019-06-25 10:00,0.686,0.733,0.169,28.468
2019-06-25 11:00,0.652,0.689,0.161,28.574
2019-06-25 12:00,0.578,0.587,0.151,28.517
2019-06-25 13:00,0.462,0.437,0.139,28.250
2019-06-25 14:00,0.312,0.257,0.127,27.743
2019-06-25 15:00,0.152,0.087,0.108,26.984
2019-06-25 16:00,0.041,0,0.069,26.051
2019-06-25 17:00,0,0,0.008,25.021
2019-06-25 18:00,0,0,0,24.440
2019-06-25 19:00,0,0,0,24.117
2019-06-25 20:00,0,0,0,23.862
2019-06-25 21:00,0,0,0,23.692
2019-06-25 22:00,0,0,0,23.583
2019-06-25 23:00,0,0,0,23.451
2019-06-26 00:00,0,0,0,23.311
2019-06-26 01:00,0,0,0,23.193
2019-06-26 02:00,0,0,0.004,23.168
2019-06-26 03:00,0.032,0,0.057,24.083
2019-06-26 04:00,0.125,0.067,0.095,25.058
2019-06-26 05:00,0.289,0.240,0.113,25.964
2019-06-26 06:00,0.439,0.409,0.132,26.748
2019-06-26 07:00,0.549,0.539,0.154,27.384
2019-06-26 08:00,0.642,0.676,0.155,27.960
2019-06-26 09:00,0.696,0.768,0.151,28.391
2019-06-26 10:00,0.702,0.781,0.149,28.574
2019-06-26 11:00,0.661,0.715,0.149,28.571
2019-06-26 12:00,0.576,0.587,0.149,28.390
2019-06-26 13:00,0.450,0.412,0.147,27.999
2019-06-26 14:00,0.300,0.229,0.139,27.429
2019-06-26 15:00,0.148,0.073,0.117,26.654
2019-06-26 16:00,0.042,0,0.069,25.831
2019-06-26 17:00,0,0,0.007,25.074
2019-06-26 18:00,0,0,0,24.730
2019-06-26 19:00,0,0,0,24.515
2019-06-26 20:00,0,0,0,24.282
2019-06-26 21:00,0,0,0,24.087
2019-06-26 22:00,0,0,0,23.943
2019-06-26 23:00,0,0,0,23.800
2019-06-27 00:00,0,0,0,23.678
2019-06-27 01:00,0,0,0,23.551
2019-06-27 02:00,0,0,0.004,23.445
2019-06-27 03:00,0.028,0,0.052,24.176
2019-06-27 04:00,0.121,0.081,0.078,25.196
2019-06-27 05:00,0.300,0.279,0.088,26.186
2019-06-27 06:00,0.469,0.486,0.096,27.034
2019-06-27 07:00,0.601,0.667,0.103,27.734
2019-06-27 08:00,0.691,0.801,0.108,28.276
2019-06-27 09:00,0.737,0.877,0.110,28.658
2019-06-27 10:00,0.741,0.886,0.109,28.869
2019-06-27 11:00,0.705,0.829,0.106,28.920
2019-06-27 12:00,0.626,0.710,0.100,28.779
2019-06-27 13:00,0.502,0.539,0.092,28.433
2019-06-27 14:00,0.340,0.335,0.082,27.886
2019-06-27 15:00,0.157,0.129,0.072,27.152
2019-06-27 16:00,0.028,0,0.053,26.110
2019-06-27 17:00,0,0,0.008,24.237
2019-06-27 18:00,0,0,0,23.197
2019-06-27 19:00,0,0,0,22.598
2019-06-27 20:00,0,0,0,22.116
2019-06-27 21:00,0,0,0,21.757
2019-06-27 22:00,0,0,0,21.499
2019-06-27 23:00,0,0,0,21.287
2019-06-28 00:00,0,0,0,21.106
2019-06-28 01:00,0,0,0,20.934
2019-06-28 02:00,0,0,0.004,20.685
2019-06-28 03:00,0.027,0,0.050,21.416
2019-06-28 04:00,0.125,0.087,0.074,22.848
2019-06-28 05:00,0.309,0.287,0.087,24.873
2019-06-28 06:00,0.476,0.492,0.097,26.717
2019-06-28 07:00,0.604,0.667,0.107,28.089
2019-06-28 08:00,0.686,0.792,0.115,29.225
2019-06-28 09:00,0.723,0.848,0.123,29.831
2019-06-28 10:00,0.723,0.845,0.126,29.960
2019-06-28 11:00,0.681,0.774,0.128,29.697
2019-06-28 12:00,0.592,0.630,0.132,29.043
2019-06-28 13:00,0.450,0.414,0.145,28.174
2019-06-28 14:00,0.282,0.187,0.159,27.027
2019-06-28 15:00,0.130,0.035,0.134,25.755
2019-06-28 16:00,0.034,0,0.060,24.753
2019-06-28 17:00,0,0,0.006,24.014
2019-06-28 18:00,0,0,0,23.526
2019-06-28 19:00,0,0,0,23.248
2019-06-28 20:00,0,0,0,22.941
2019-06-28 21:00,0,0,0,22.625
2019-06-28 22:00,0,0,0,22.255
2019-06-28 23:00,0,0,0,21.732
2019-06-29 00:00,0,0,0,21.707
2019-06-29 01:00,0,0,0,21.792
2019-06-29 02:00,0,0,0.004,21.696
2019-06-29 03:00,0.032,0,0.057,22.886
2019-06-29 04:00,0.122,0.059,0.100,24.275
2019-06-29 05:00,0.294,0.248,0.108,25.212
2019-06-29 06:00,0.459,0.447,0.116,25.597
2019-06-29 07:00,0.588,0.608,0.133,25.814
2019-06-29 08:00,0.570,0.485,0.229,25.443
2019-06-29 09:00,0.474,0.253,0.327,24.850
2019-06-29 10:00,0.480,0.264,0.325,24.783
2019-06-29 11:00,0.624,0.594,0.198,25.250
2019-06-29 12:00,0.618,0.658,0.125,25.272
2019-06-29 13:00,0.504,0.514,0.106,24.869
2019-06-29 14:00,0.343,0.321,0.094,24.263
2019-06-29 15:00,0.162,0.123,0.080,23.510
2019-06-29 16:00,0.033,0,0.058,22.596
2019-06-29 17:00,0,0,0.008,21.307
2019-06-29 18:00,0,0,0,20.377
2019-06-29 19:00,0,0,0,19.904
2019-06-29 20:00,0,0,0,19.594
2019-06-29 21:00,0,0,0,19.362
2019-06-29 22:00,0,0,0,19.210
2019-06-29 23:00,0,0,0,19.145
2019-06-30 00:00,0,0,0,19.138
2019-06-30 01:00,0,0,0,19.111
2019-06-30 02:00,0,0,0.004,19.100
2019-06-30 03:00,0.028,0,0.052,20.330
2019-06-30 04:00,0.123,0.081,0.077,21.982
2019-06-30 05:00,0.302,0.270,0.092,22.966
2019-06-30 06:00,0.465,0.460,0.105,23.606
2019-06-30 07:00,0.599,0.638,0.112,24.133
2019-06-30 08:00,0.696,0.783,0.113,24.662
2019-06-30 09:00,0.744,0.862,0.114,25.169
2019-06-30 10:00,0.753,0.881,0.112,25.540
2019-06-30 11:00,0.713,0.821,0.109,25.637
2019-06-30 12:00,0.631,0.700,0.104,25.503
2019-06-30 13:00,0.506,0.529,0.096,25.192
2019-06-30 14:00,0.342,0.328,0.086,24.727
2019-06-30 15:00,0.159,0.125,0.075,24.082
2019-06-30 16:00,0.031,0,0.055,23.191
2019-06-30 17:00,0,0,0.008,21.762
2019-06-30 18:00,0,0,0,20.856
2019-06-30 19:00,0,0,0,20.433
2019-06-30 20:00,0,0,0,20.094
2019-06-30 21:00,0,0,0,19.795
2019-06-30 22:00,0,0,0,19.542
2019-06-30 23:00,0,0,0,19.337
2019-07-01 00:00,0,0,0,19.177
2019-07-01 01:00,0,0,0,19.037
2019-07-01 02:00,0,0,0.004,18.934
2019-07-01 03:00,0.027,0,0.050,20.118
2019-07-01 04:00,0.122,0.082,0.075,21.583
2019-07-01 05:00,0.306,0.282,0.085,22.693
2019-07-01 06:00,0.478,0.489,0.094,23.798
2019-07-01 07:00,0.611,0.669,0.102,24.902
2019-07-01 08:00,0.699,0.802,0.107,25.848
2019-07-01 09:00,0.748,0.883,0.108,26.589
2019-07-01 10:00,0.750,0.889,0.109,27.042
2019-07-01 11:00,0.711,0.828,0.106,27.208
2019-07-01 12:00,0.628,0.705,0.101,27.143
2019-07-01 13:00,0.504,0.533,0.094,26.821
2019-07-01 14:00,0.341,0.331,0.084,26.223
2019-07-01 15:00,0.158,0.127,0.073,25.311
2019-07-01 16:00,0.030,0,0.054,24.078
2019-07-01 17:00,0,0,0.008,22.547
2019-07-01 18:00,0,0,0,21.630
2019-07-01 19:00,0,0,0,21.116
2019-07-01 20:00,0,0,0,20.711
2019-07-01 21:00,0,0,0,20.387
2019-07-01 22:00,0,0,0,20.114
2019-07-01 23:00,0,0,0,19.852
2019-07-02 00:00,0,0,0,19.589
2019-07-02 01:00,0,0,0,19.285
2019-07-02 02:00,0,0,0.004,19.116
2019-07-02 03:00,0.024,0,0.047,20.469
2019-07-02 04:00,0.121,0.089,0.067,22.094
2019-07-02 05:00,0.311,0.297,0.078,23.640
2019-07-02 06:00,0.484,0.507,0.087,24.884
2019-07-02 07:00,0.616,0.688,0.095,25.994
2019-07-02 08:00,0.704,0.821,0.102,26.889
2019-07-02 09:00,0.747,0.891,0.106,27.512
2019-07-02 10:00,0.749,0.895,0.107,27.823
2019-07-02 11:00,0.710,0.832,0.105,27.893
2019-07-02 12:00,0.627,0.706,0.101,27.709
2019-07-02 13:00,0.502,0.533,0.094,27.230
2019-07-02 14:00,0.339,0.329,0.085,26.417
2019-07-02 15:00,0.157,0.125,0.074,25.401
2019-07-02 16:00,0.030,0,0.055,24.261
2019-07-02 17:00,0,0,0.008,22.786
2019-07-02 18:00,0,0,0,21.823
2019-07-02 19:00,0,0,0,21.314
2019-07-02 20:00,0,0,0,20.923
2019-07-02 21:00,0,0,0,20.592
2019-07-02 22:00,0,0,0,20.292
2019-07-02 23:00,0,0,0,20.033
2019-07-03 00:00,0,0,0,19.823
2019-07-03 01:00,0,0,0,19.644
2019-07-03 02:00,0,0,0.004,19.527
2019-07-03 03:00,0.025,0,0.048,20.879
2019-07-03 04:00,0.121,0.086,0.070,22.406
2019-07-03 05:00,0.308,0.290,0.081,23.805
2019-07-03 06:00,0.479,0.498,0.091,25.142
2019-07-03 07:00,0.611,0.678,0.099,26.465
2019-07-03 08:00,0.697,0.811,0.105,27.672
2019-07-03 09:00,0.741,0.884,0.108,28.598
2019-07-03 10:00,0.742,0.889,0.109,29.179
2019-07-03 11:00,0.702,0.827,0.106,29.437
2019-07-03 12:00,0.621,0.704,0.102,29.340
2019-07-03 13:00,0.497,0.531,0.094,28.918
2019-07-03 14:00,0.337,0.329,0.085,28.107
2019-07-03 15:00,0.156,0.125,0.075,26.922
2019-07-03 16:00,0.030,0,0.055,25.350
2019-07-03 17:00,0,0,0.008,23.630
2019-07-03 18:00,0,0,0,22.658
2019-07-03 19:00,0,0,0,22.052
2019-07-03 20:00,0,0,0,21.549
2019-07-03 21:00,0,0,0,21.208
2019-07-03 22:00,0,0,0,20.997
2019-07-03 23:00,0,0,0,20.876
2019-07-04 00:00,0,0,0,20.861
2019-07-04 01:00,0,0,0,20.948
2019-07-04 02:00,0,0,0.004,21.184
2019-07-04 03:00,0.026,0,0.050,22.485
2019-07-04 04:00,0.120,0.081,0.075,23.967
2019-07-04 05:00,0.302,0.278,0.088,25.336
2019-07-04 06:00,0.469,0.481,0.098,26.518
2019-07-04 07:00,0.598,0.657,0.107,27.540
2019-07-04 08:00,0.684,0.785,0.114,28.424
2019-07-04 09:00,0.727,0.854,0.118,29.015
2019-07-04 10:00,0.730,0.859,0.119,29.265
2019-07-04 11:00,0.690,0.796,0.117,29.238
2019-07-04 12:00,0.609,0.672,0.114,28.877
2019-07-04 13:00,0.486,0.501,0.107,28.160
2019-07-04 14:00,0.327,0.301,0.100,27.118
2019-07-04 15:00,0.153,0.103,0.091,25.966
2019-07-04 16:00,0.036,0,0.062,24.783
2019-07-04 17:00,0,0,0.007,23.629
2019-07-04 18:00,0,0,0,23.053
2019-07-04 19:00,0,0,0,22.705
2019-07-04 20:00,0,0,0,22.417
2019-07-04 21:00,0,0,0,22.179
2019-07-04 22:00,0,0,0,22.039
2019-07-04 23:00,0,0,0,21.954
2019-07-05 00:00,0,0,0,21.886
2019-07-05 01:00,0,0,0,21.873
2019-07-05 02:00,0,0,0.003,21.845
2019-07-05 03:00,0.031,0,0.055,22.809
2019-07-05 04:00,0.119,0.056,0.099,23.992
2019-07-05 05:00,0.283,0.230,0.113,25.046
2019-07-05 06:00,0.456,0.448,0.113,26.025
2019-07-05 07:00,0.589,0.630,0.118,26.927
2019-07-05 08:00,0.677,0.761,0.123,27.602
2019-07-05 09:00,0.725,0.837,0.125,28.066
2019-07-05 10:00,0.726,0.840,0.127,28.375
2019-07-05 11:00,0.688,0.781,0.124,28.459
2019-07-05 12:00,0.608,0.664,0.118,28.324
2019-07-05 13:00,0.487,0.499,0.110,27.951
2019-07-05 14:00,0.329,0.303,0.100,27.330
2019-07-05 15:00,0.155,0.108,0.089,26.506
2019-07-05 16:00,0.036,0,0.062,25.417
2019-07-05 17:00,0,0,0.007,24.055
2019-07-05 18:00,0,0,0,23.238
2019-07-05 19:00,0,0,0,22.775
2019-07-05 20:00,0,0,0,22.406
2019-07-05 21:00,0,0,0,22.113
2019-07-05 22:00,0,0,0,21.894
2019-07-05 23:00,0,0,0,21.719
2019-07-06 00:00,0,0,0,21.583
2019-07-06 01:00,0,0,0,21.460
2019-07-06 02:00,0,0,0.003,21.417
2019-07-06 03:00,0.028,0,0.052,22.450
2019-07-06 04:00,0.118,0.068,0.086,23.638
2019-07-06 05:00,0.295,0.262,0.095,24.593
2019-07-06 06:00,0.465,0.469,0.102,25.673
2019-07-06 07:00,0.599,0.654,0.108,26.713
2019-07-06 08:00,0.688,0.788,0.113,27.574
2019-07-06 09:00,0.735,0.866,0.115,28.198
2019-07-06 10:00,0.738,0.872,0.115,28.576
2019-07-06 11:00,0.699,0.811,0.113,28.738
2019-07-06 12:00,0.616,0.688,0.108,28.693
2019-07-06 13:00,0.494,0.518,0.101,28.443
2019-07-06 14:00,0.333,0.319,0.091,27.976
2019-07-06 15:00,0.156,0.120,0.079,27.256
2019-07-06 16:00,0.031,0,0.057,26.221
2019-07-06 17:00,0,0,0.007,24.627
2019-07-06 18:00,0,0,0,23.537
2019-07-06 19:00,0,0,0,22.852
2019-07-06 20:00,0,0,0,22.206
2019-07-06 21:00,0,0,0,21.746
2019-07-06 22:00,0,0,0,21.399
2019-07-06 23:00,0,0,0,21.105
2019-07-07 00:00,0,0,0,20.883
2019-07-07 01:00,0,0,0,20.705
2019-07-07 02:00,0,0,0.003,20.590
2019-07-07 03:00,0.025,0,0.048,21.769
2019-07-07 04:00,0.118,0.081,0.073,23.316
2019-07-07 05:00,0.302,0.281,0.085,24.860
2019-07-07 06:00,0.472,0.487,0.094,26.159
2019-07-07 07:00,0.603,0.668,0.102,27.311
2019-07-07 08:00,0.691,0.802,0.108,28.201
2019-07-07 09:00,0.735,0.874,0.111,28.847
2019-07-07 10:00,0.738,0.880,0.112,29.228
2019-07-07 11:00,0.699,0.819,0.110,29.367
2019-07-07 12:00,0.619,0.699,0.104,29.305
2019-07-07 13:00,0.496,0.529,0.096,29.055
2019-07-07 14:00,0.336,0.328,0.086,28.567
2019-07-07 15:00,0.156,0.126,0.074,27.843
2019-07-07 16:00,0.029,0,0.054,26.761
2019-07-07 17:00,0,0,0.007,24.949
2019-07-07 18:00,0,0,0,23.763
2019-07-07 19:00,0,0,0,23.013
2019-07-07 20:00,0,0,0,22.418
2019-07-07 21:00,0,0,0,22.000
2019-07-07 22:00,0,0,0,21.715
2019-07-07 23:00,0,0,0,21.607
2019-07-08 00:00,0,0,0,21.813
2019-07-08 01:00,0,0,0,21.988
2019-07-08 02:00,0,0,0.003,22.170
2019-07-08 03:00,0.026,0,0.050,22.691
2019-07-08 04:00,0.119,0.078,0.078,24.156
2019-07-08 05:00,0.298,0.272,0.092,26.403
2019-07-08 06:00,0.462,0.471,0.104,28.270
2019-07-08 07:00,0.588,0.644,0.114,29.479
2019-07-08 08:00,0.674,0.772,0.121,30.295
2019-07-08 09:00,0.717,0.842,0.125,30.766
2019-07-08 10:00,0.718,0.844,0.127,31.083
2019-07-08 11:00,0.676,0.774,0.128,31.335
2019-07-08 12:00,0.581,0.620,0.135,31.375
2019-07-08 13:00,0.448,0.425,0.140,31.085
2019-07-08 14:00,0.294,0.227,0.138,30.121
2019-07-08 15:00,0.137,0.055,0.124,28.923
2019-07-08 16:00,0.036,0,0.063,27.630
2019-07-08 17:00,0,0,0.006,26.255
2019-07-08 18:00,0,0,0,25.316
2019-07-08 19:00,0,0,0,24.741
2019-07-08 20:00,0,0,0,24.386
2019-07-08 21:00,0,0,0,24.194
2019-07-08 22:00,0,0,0,23.863
2019-07-08 23:00,0,0,0,23.520
2019-07-09 00:00,0,0,0,23.087
2019-07-09 01:00,0,0,0,22.739
2019-07-09 02:00,0,0,0.003,22.467
2019-07-09 03:00,0.026,0,0.050,23.381
2019-07-09 04:00,0.117,0.075,0.079,24.732
2019-07-09 05:00,0.295,0.266,0.093,26.119
2019-07-09 06:00,0.463,0.471,0.102,27.228
2019-07-09 07:00,0.594,0.650,0.110,28.148
2019-07-09 08:00,0.682,0.783,0.116,28.957
2019-07-09 09:00,0.727,0.856,0.119,29.641
2019-07-09 10:00,0.712,0.825,0.130,30.106
2019-07-09 11:00,0.673,0.765,0.128,30.368
2019-07-09 12:00,0.605,0.672,0.115,30.465
2019-07-09 13:00,0.481,0.500,0.109,30.271
2019-07-09 14:00,0.320,0.294,0.103,29.799
2019-07-09 15:00,0.151,0.103,0.092,29.131
2019-07-09 16:00,0.035,0,0.061,28.210
2019-07-09 17:00,0,0,0.006,26.732
2019-07-09 18:00,0,0,0,25.774
2019-07-09 19:00,0,0,0,25.054
2019-07-09 20:00,0,0,0,24.437
2019-07-09 21:00,0,0,0,23.962
2019-07-09 22:00,0,0,0,23.600
2019-07-09 23:00,0,0,0,23.423
2019-07-10 00:00,0,0,0,23.326
2019-07-10 01:00,0,0,0,23.267
2019-07-10 02:00,0,0,0.003,23.201
2019-07-10 03:00,0.034,0,0.060,23.774
2019-07-10 04:00,0.131,0.046,0.123,24.806
2019-07-10 05:00,0.213,0.057,0.205,25.308
2019-07-10 06:00,0.187,0.020,0.212,24.851
2019-07-10 07:00,0.169,0.011,0.200,24.046
2019-07-10 08:00,0.164,0.009,0.196,23.290
2019-07-10 09:00,0.191,0.012,0.223,22.904
2019-07-10 10:00,0.286,0.035,0.309,23.039
2019-07-10 11:00,0.453,0.183,0.367,23.670
2019-07-10 12:00,0.534,0.405,0.254,24.442
2019-07-10 13:00,0.447,0.343,0.203,24.826
2019-07-10 14:00,0.288,0.155,0.195,24.738
2019-07-10 15:00,0.127,0.021,0.143,24.152
2019-07-10 16:00,0.029,0,0.053,23.368
2019-07-10 17:00,0,0,0.004,22.559
2019-07-10 18:00,0,0,0,22.097
2019-07-10 19:00,0,0,0,21.700
2019-07-10 20:00,0,0,0,21.445
2019-07-10 21:00,0,0,0,21.306
2019-07-10 22:00,0,0,0,21.286
2019-07-10 23:00,0,0,0,21.091
2019-07-11 00:00,0,0,0,20.920
2019-07-11 01:00,0,0,0,20.851
2019-07-11 02:00,0,0,0.002,20.637
2019-07-11 03:00,0.031,0,0.055,20.615
2019-07-11 04:00,0.123,0.019,0.139,20.802
2019-07-11 05:00,0.106,0.007,0.132,20.757
2019-07-11 06:00,0.108,0.005,0.136,20.732
2019-07-11 07:00,0.157,0.009,0.186,20.682
2019-07-11 08:00,0.209,0.015,0.237,20.586
2019-07-11 09:00,0.245,0.021,0.272,20.573
2019-07-11 10:00,0.318,0.045,0.333,20.921
2019-07-11 11:00,0.367,0.083,0.354,21.436
2019-07-11 12:00,0.419,0.170,0.332,22.013
2019-07-11 13:00,0.387,0.207,0.256,22.321
2019-07-11 14:00,0.331,0.242,0.154,22.454
2019-07-11 15:00,0.164,0.085,0.119,22.178
2019-07-11 16:00,0.042,0,0.068,21.639
2019-07-11 17:00,0,0,0.006,20.584
2019-07-11 18:00,0,0,0,19.940
2019-07-11 19:00,0,0,0,19.681
2019-07-11 20:00,0,0,0,19.488
2019-07-11 21:00,0,0,0,19.319
2019-07-11 22:00,0,0,0,19.196
2019-07-11 23:00,0,0,0,19.130
2019-07-12 00:00,0,0,0,19.140
2019-07-12 01:00,0,0,0,19.228
2019-07-12 02:00,0,0,0.003,19.413
2019-07-12 03:00,0.029,0,0.052,20.032
2019-07-12 04:00,0.117,0.051,0.101,21.178
2019-07-12 05:00,0.297,0.251,0.104,22.030
2019-07-12 06:00,0.475,0.470,0.106,22.861
2019-07-12 07:00,0.607,0.643,0.116,23.626
2019-07-12 08:00,0.690,0.758,0.128,24.229
2019-07-12 09:00,0.721,0.793,0.143,24.658
2019-07-12 10:00,0.695,0.731,0.165,24.874
2019-07-12 11:00,0.633,0.621,0.182,24.946
2019-07-12 12:00,0.542,0.488,0.186,24.903
2019-07-12 13:00,0.435,0.364,0.167,24.800
2019-07-12 14:00,0.308,0.239,0.133,24.614
2019-07-12 15:00,0.151,0.084,0.106,24.200
2019-07-12 16:00,0.037,0,0.062,23.390
2019-07-12 17:00,0,0,0.005,21.994
2019-07-12 18:00,0,0,0,21.298
2019-07-12 19:00,0,0,0,20.834
2019-07-12 20:00,0,0,0,20.421
2019-07-12 21:00,0,0,0,20.134
2019-07-12 22:00,0,0,0,20.044
2019-07-12 23:00,0,0,0,19.806
2019-07-13 00:00,0,0,0,19.590
2019-07-13 01:00,0,0,0,19.439
2019-07-13 02:00,0,0,0.002,19.237
2019-07-13 03:00,0.028,0,0.051,19.994
2019-07-13 04:00,0.118,0.063,0.089,21.285
2019-07-13 05:00,0.296,0.255,0.100,22.261
2019-07-13 06:00,0.469,0.463,0.107,23.313
2019-07-13 07:00,0.603,0.641,0.115,24.167
2019-07-13 08:00,0.692,0.770,0.122,24.861
2019-07-13 09:00,0.736,0.838,0.127,25.463
2019-07-13 10:00,0.735,0.835,0.130,25.880
2019-07-13 11:00,0.693,0.771,0.130,26.111
2019-07-13 12:00,0.597,0.622,0.134,26.156
2019-07-13 13:00,0.469,0.447,0.131,26.030
2019-07-13 14:00,0.312,0.258,0.121,25.745
2019-07-13 15:00,0.150,0.089,0.102,25.213
2019-07-13 16:00,0.036,0,0.062,24.193
2019-07-13 17:00,0,0,0.005,22.507
2019-07-13 18:00,0,0,0,21.743
2019-07-13 19:00,0,0,0,21.216
2019-07-13 20:00,0,0,0,20.712
2019-07-13 21:00,0,0,0,20.320
2019-07-13 22:00,0,0,0,20.059
2019-07-13 23:00,0,0,0,19.818
2019-07-14 00:00,0,0,0,19.619
2019-07-14 01:00,0,0,0,19.483
2019-07-14 02:00,0,0,0.001,19.400
2019-07-14 03:00,0.005,0,0.022,19.647
2019-07-14 04:00,0.024,0,0.046,20.067
2019-07-14 05:00,0.079,0.003,0.107,20.584
2019-07-14 06:00,0.185,0.013,0.214,21.259
2019-07-14 07:00,0.206,0.014,0.237,21.633
2019-07-14 08:00,0.238,0.017,0.269,21.823
2019-07-14 09:00,0.312,0.034,0.339,22.149
2019-07-14 10:00,0.356,0.052,0.373,22.485
2019-07-14 11:00,0.325,0.042,0.347,22.601
2019-07-14 12:00,0.230,0.017,0.261,22.416
2019-07-14 13:00,0.132,0.005,0.163,21.736
2019-07-14 14:00,0.065,0.002,0.092,20.759
2019-07-14 15:00,0.029,0.001,0.052,20.112
2019-07-14 16:00,0.005,0,0.023,19.579
2019-07-14 17:00,0,0,0.002,19.216
2019-07-14 18:00,0,0,0,18.960
2019-07-14 19:00,0,0,0,18.664
2019-07-14 20:00,0,0,0,18.367
2019-07-14 21:00,0,0,0,18.231
2019-07-14 22:00,0,0,0,18.199
2019-07-14 23:00,0,0,0,18.133
2019-07-15 00:00,0,0,0,18.034
2019-07-15 01:00,0,0,0,17.756
2019-07-15 02:00,0,0,0.002,17.475
2019-07-15 03:00,0.029,0,0.052,17.797
2019-07-15 04:00,0.119,0.046,0.106,18.768
2019-07-15 05:00,0.273,0.185,0.139,19.847
2019-07-15 06:00,0.411,0.317,0.172,20.869
2019-07-15 07:00,0.499,0.391,0.213,21.692
2019-07-15 08:00,0.599,0.531,0.212,22.418
2019-07-15 09:00,0.674,0.664,0.191,23.163
2019-07-15 10:00,0.690,0.704,0.179,23.727
2019-07-15 11:00,0.653,0.656,0.172,24.117
2019-07-15 12:00,0.587,0.582,0.152,24.357
2019-07-15 13:00,0.482,0.461,0.129,24.496
2019-07-15 14:00,0.327,0.283,0.112,24.381
2019-07-15 15:00,0.156,0.104,0.093,24.046
2019-07-15 16:00,0.034,0,0.059,23.430
2019-07-15 17:00,0,0,0.005,22.593
2019-07-15 18:00,0,0,0,22.165
2019-07-15 19:00,0,0,0,21.915
2019-07-15 20:00,0,0,0,21.710
2019-07-15 21:00,0,0,0,21.565
2019-07-15 22:00,0,0,0,21.381
2019-07-15 23:00,0,0,0,21.021
2019-07-16 00:00,0,0,0,20.629
2019-07-16 01:00,0,0,0,20.300
2019-07-16 02:00,0,0,0.002,19.914
2019-07-16 03:00,0.025,0,0.047,20.306
2019-07-16 04:00,0.116,0.072,0.078,21.480
2019-07-16 05:00,0.300,0.268,0.091,22.347
2019-07-16 06:00,0.474,0.476,0.100,23.380
2019-07-16 07:00,0.608,0.654,0.109,24.397
2019-07-16 08:00,0.696,0.784,0.116,25.254
2019-07-16 09:00,0.742,0.858,0.119,25.843
2019-07-16 10:00,0.746,0.866,0.119,26.218
2019-07-16 11:00,0.704,0.801,0.118,26.364
2019-07-16 12:00,0.623,0.681,0.113,26.275
2019-07-16 13:00,0.495,0.506,0.106,25.898
2019-07-16 14:00,0.330,0.300,0.100,25.254
2019-07-16 15:00,0.151,0.096,0.095,24.365
2019-07-16 16:00,0.034,0,0.059,23.216
2019-07-16 17:00,0,0,0.004,22.100
2019-07-16 18:00,0,0,0,21.618
2019-07-16 19:00,0,0,0,21.379
2019-07-16 20:00,0,0,0,21.221
2019-07-16 21:00,0,0,0,21.099
2019-07-16 22:00,0,0,0,21.026
2019-07-16 23:00,0,0,0,20.937
2019-07-17 00:00,0,0,0,20.871
2019-07-17 01:00,0,0,0,20.835
2019-07-17 02:00,0,0,0.001,20.827
2019-07-17 03:00,0.023,0,0.046,21.436
2019-07-17 04:00,0.105,0.017,0.122,22.281
2019-07-17 05:00,0.229,0.093,0.185,23.093
2019-07-17 06:00,0.383,0.255,0.208,23.873
2019-07-17 07:00,0.520,0.433,0.208,24.569
2019-07-17 08:00,0.621,0.582,0.205,25.108
2019-07-17 09:00,0.653,0.615,0.221,25.377
2019-07-17 10:00,0.630,0.554,0.246,25.402
2019-07-17 11:00,0.581,0.477,0.253,25.294
2019-07-17 12:00,0.506,0.382,0.242,25.041
2019-07-17 13:00,0.398,0.260,0.223,24.636
2019-07-17 14:00,0.258,0.118,0.194,24.047
2019-07-17 15:00,0.126,0.028,0.135,23.426
2019-07-17 16:00,0.031,0,0.056,22.781
2019-07-17 17:00,0,0,0.003,22.125
2019-07-17 18:00,0,0,0,21.760
2019-07-17 19:00,0,0,0,21.465
2019-07-17 20:00,0,0,0,21.204
2019-07-17 21:00,0,0,0,21.016
2019-07-17 22:00,0,0,0,20.835
2019-07-17 23:00,0,0,0,20.709
2019-07-18 00:00,0,0,0,20.506
2019-07-18 01:00,0,0,0,20.253
2019-07-18 02:00,0,0,0.001,20.085
2019-07-18 03:00,0.023,0,0.045,21.060
2019-07-18 04:00,0.113,0.075,0.073,22.464
2019-07-18 05:00,0.301,0.276,0.085,23.494
2019-07-18 06:00,0.476,0.487,0.095,24.468
2019-07-18 07:00,0.610,0.668,0.103,25.286
2019-07-18 08:00,0.703,0.807,0.108,25.908
2019-07-18 09:00,0.748,0.879,0.112,26.354
2019-07-18 10:00,0.752,0.886,0.112,26.706
2019-07-18 11:00,0.712,0.825,0.110,26.892
2019-07-18 12:00,0.629,0.702,0.104,26.894
2019-07-18 13:00,0.503,0.529,0.097,26.732
2019-07-18 14:00,0.338,0.326,0.087,26.336
2019-07-18 15:00,0.155,0.123,0.075,25.668
2019-07-18 16:00,0.027,0,0.051,24.575
2019-07-18 17:00,0,0,0.004,22.805
2019-07-18 18:00,0,0,0,21.960
2019-07-18 19:00,0,0,0,21.451
2019-07-18 20:00,0,0,0,21.032
2019-07-18 21:00,0,0,0,20.713
2019-07-18 22:00,0,0,0,20.476
2019-07-18 23:00,0,0,0,20.274
2019-07-19 00:00,0,0,0,20.123
2019-07-19 01:00,0,0,0,20.015
2019-07-19 02:00,0,0,0.001,19.946
2019-07-19 03:00,0.022,0,0.045,21.040
2019-07-19 04:00,0.113,0.074,0.074,22.491
2019-07-19 05:00,0.299,0.273,0.087,23.717
2019-07-19 06:00,0.472,0.481,0.097,24.736
2019-07-19 07:00,0.607,0.663,0.105,25.667
2019-07-19 08:00,0.697,0.798,0.111,26.417
2019-07-19 09:00,0.747,0.880,0.112,26.948
2019-07-19 10:00,0.751,0.889,0.112,27.211
2019-07-19 11:00,0.712,0.828,0.109,27.287
2019-07-19 12:00,0.630,0.705,0.103,27.152
2019-07-19 13:00,0.504,0.532,0.096,26.769
2019-07-19 14:00,0.339,0.327,0.086,26.135
2019-07-19 15:00,0.156,0.122,0.075,25.230
2019-07-19 16:00,0.027,0,0.051,24.111
2019-07-19 17:00,0,0,0.004,22.855
2019-07-19 18:00,0,0,0,22.185
2019-07-19 19:00,0,0,0,21.753
2019-07-19 20:00,0,0,0,21.403
2019-07-19 21:00,0,0,0,21.147
2019-07-19 22:00,0,0,0,20.991
2019-07-19 23:00,0,0,0,20.923
2019-07-20 00:00,0,0,0,20.847
2019-07-20 01:00,0,0,0,20.785
2019-07-20 02:00,0,0,0.001,20.749
2019-07-20 03:00,0.023,0,0.046,21.638
2019-07-20 04:00,0.113,0.066,0.081,23.048
2019-07-20 05:00,0.295,0.262,0.094,24.291
2019-07-20 06:00,0.463,0.461,0.107,25.209
2019-07-20 07:00,0.595,0.634,0.117,25.949
2019-07-20 08:00,0.683,0.762,0.125,26.511
2019-07-20 09:00,0.723,0.820,0.132,26.884
2019-07-20 10:00,0.725,0.823,0.134,27.085
2019-07-20 11:00,0.684,0.758,0.133,27.106
2019-07-20 12:00,0.597,0.628,0.132,26.935
2019-07-20 13:00,0.472,0.459,0.125,26.567
2019-07-20 14:00,0.315,0.269,0.114,25.969
2019-07-20 15:00,0.149,0.095,0.095,25.195
2019-07-20 16:00,0.031,0,0.056,24.226
2019-07-20 17:00,0,0,0.003,23.160
2019-07-20 18:00,0,0,0,22.548
2019-07-20 19:00,0,0,0,22.092
2019-07-20 20:00,0,0,0,21.710
2019-07-20 21:00,0,0,0,21.408
2019-07-20 22:00,0,0,0,21.175
2019-07-20 23:00,0,0,0,20.983
2019-07-21 00:00,0,0,0,20.807
2019-07-21 01:00,0,0,0,20.668
2019-07-21 02:00,0,0,0.001,20.557
2019-07-21 03:00,0.021,0,0.044,21.484
2019-07-21 04:00,0.112,0.073,0.073,22.993
2019-07-21 05:00,0.298,0.275,0.086,24.356
2019-07-21 06:00,0.472,0.484,0.096,25.447
2019-07-21 07:00,0.606,0.664,0.105,26.258
2019-07-21 08:00,0.695,0.795,0.112,26.825
2019-07-21 09:00,0.742,0.869,0.116,27.239
2019-07-21 10:00,0.745,0.875,0.116,27.501
2019-07-21 11:00,0.705,0.814,0.114,27.596
2019-07-21 12:00,0.623,0.691,0.109,27.506
2019-07-21 13:00,0.497,0.519,0.101,27.195
2019-07-21 14:00,0.333,0.315,0.091,26.657
2019-07-21 15:00,0.153,0.115,0.079,25.901
2019-07-21 16:00,0.028,0,0.052,24.825
2019-07-21 17:00,0,0,0.003,23.326
2019-07-21 18:00,0,0,0,22.463
2019-07-21 19:00,0,0,0,21.974
2019-07-21 20:00,0,0,0,21.588
2019-07-21 21:00,0,0,0,21.276
2019-07-21 22:00,0,0,0,20.973
2019-07-21 23:00,0,0,0,20.725
2019-07-22 00:00,0,0,0,20.522
2019-07-22 01:00,0,0,0,20.370
2019-07-22 02:00,0,0,0.001,20.246
2019-07-22 03:00,0.022,0,0.044,21.254
2019-07-22 04:00,0.111,0.068,0.078,22.907
2019-07-22 05:00,0.294,0.263,0.092,24.273
2019-07-22 06:00,0.465,0.469,0.102,25.590
2019-07-22 07:00,0.598,0.649,0.111,26.698
2019-07-22 08:00,0.688,0.782,0.117,27.468
2019-07-22 09:00,0.736,0.861,0.119,27.961
2019-07-22 10:00,0.739,0.867,0.120,28.239
2019-07-22 11:00,0.699,0.805,0.118,28.318
2019-07-22 12:00,0.616,0.681,0.113,28.219
2019-07-22 13:00,0.491,0.508,0.105,27.895
2019-07-22 14:00,0.328,0.306,0.096,27.348
2019-07-22 15:00,0.150,0.109,0.083,26.566
2019-07-22 16:00,0.028,0,0.053,25.417
2019-07-22 17:00,0,0,0.003,23.832
2019-07-22 18:00,0,0,0,23.001
2019-07-22 19:00,0,0,0,22.464
2019-07-22 20:00,0,0,0,22.050
2019-07-22 21:00,0,0,0,21.693
2019-07-22 22:00,0,0,0,21.373
2019-07-22 23:00,0,0,0,21.118
2019-07-23 00:00,0,0,0,20.902
2019-07-23 01:00,0,0,0,20.772
2019-07-23 02:00,0,0,0.001,20.664
2019-07-23 03:00,0.021,0,0.044,21.700
2019-07-23 04:00,0.111,0.066,0.080,23.332
2019-07-23 05:00,0.292,0.260,0.094,24.667
2019-07-23 06:00,0.464,0.467,0.103,25.979
2019-07-23 07:00,0.597,0.649,0.112,27.084
2019-07-23 08:00,0.687,0.782,0.118,27.839
2019-07-23 09:00,0.734,0.859,0.121,28.364
2019-07-23 10:00,0.736,0.864,0.121,28.684
2019-07-23 11:00,0.696,0.801,0.119,28.825
2019-07-23 12:00,0.613,0.677,0.115,28.775
2019-07-23 13:00,0.487,0.502,0.108,28.500
2019-07-23 14:00,0.324,0.299,0.099,27.940
2019-07-23 15:00,0.148,0.104,0.086,27.017
2019-07-23 16:00,0.028,0,0.053,25.602
2019-07-23 17:00,0,0,0.002,23.802
2019-07-23 18:00,0,0,0,23.001
2019-07-23 19:00,0,0,0,22.560
2019-07-23 20:00,0,0,0,22.310
2019-07-23 21:00,0,0,0,22.186
2019-07-23 22:00,0,0,0,22.170
2019-07-23 23:00,0,0,0,22.196
2019-07-24 00:00,0,0,0,22.187
2019-07-24 01:00,0,0,0,22.111
2019-07-24 02:00,0,0,0,22.038
2019-07-24 03:00,0.018,0,0.040,22.333
2019-07-24 04:00,0.101,0.015,0.120,22.721
2019-07-24 05:00,0.208,0.063,0.191,23.000
2019-07-24 06:00,0.310,0.119,0.253,23.201
2019-07-24 07:00,0.386,0.160,0.304,23.417
2019-07-24 08:00,0.458,0.218,0.339,23.642
2019-07-24 09:00,0.481,0.227,0.359,23.749
2019-07-24 10:00,0.481,0.224,0.362,23.783
2019-07-24 11:00,0.458,0.214,0.344,23.891
2019-07-24 12:00,0.431,0.222,0.301,24.051
2019-07-24 13:00,0.391,0.239,0.233,24.203
2019-07-24 14:00,0.287,0.176,0.171,24.175
2019-07-24 15:00,0.150,0.073,0.117,23.903
2019-07-24 16:00,0.034,0,0.059,23.276
2019-07-24 17:00,0,0,0.002,22.199
2019-07-24 18:00,0,0,0,21.773
2019-07-24 19:00,0,0,0,21.477
2019-07-24 20:00,0,0,0,21.237
2019-07-24 21:00,0,0,0,21.059
2019-07-24 22:00,0,0,0,20.956
2019-07-24 23:00,0,0,0,20.859
2019-07-25 00:00,0,0,0,20.768
2019-07-25 01:00,0,0,0,20.671
2019-07-25 02:00,0,0,0.001,20.585
2019-07-25 03:00,0.020,0,0.042,21.290
2019-07-25 04:00,0.110,0.066,0.078,22.769
2019-07-25 05:00,0.294,0.263,0.091,23.687
2019-07-25 06:00,0.469,0.473,0.101,24.685
2019-07-25 07:00,0.606,0.657,0.109,25.540
2019-07-25 08:00,0.695,0.786,0.116,26.139
2019-07-25 09:00,0.741,0.860,0.120,26.580
2019-07-25 10:00,0.738,0.853,0.124,26.819
2019-07-25 11:00,0.700,0.795,0.121,26.882
2019-07-25 12:00,0.621,0.680,0.113,26.820
2019-07-25 13:00,0.496,0.512,0.104,26.564
2019-07-25 14:00,0.331,0.309,0.094,26.122
2019-07-25 15:00,0.151,0.112,0.080,25.522
2019-07-25 16:00,0.026,0,0.050,24.617
2019-07-25 17:00,0,0,0.002,23.196
2019-07-25 18:00,0,0,0,22.551
2019-07-25 19:00,0,0,0,22.138
2019-07-25 20:00,0,0,0,21.783
2019-07-25 21:00,0,0,0,21.479
2019-07-25 22:00,0,0,0,21.198
2019-07-25 23:00,0,0,0,20.959
2019-07-26 00:00,0,0,0,20.739
2019-07-26 01:00,0,0,0,20.537
2019-07-26 02:00,0,0,0,20.340
2019-07-26 03:00,0.018,0,0.039,21.119
2019-07-26 04:00,0.109,0.075,0.068,22.657
2019-07-26 05:00,0.301,0.282,0.081,23.919
2019-07-26 06:00,0.478,0.496,0.091,25.009
2019-07-26 07:00,0.615,0.682,0.099,26.014
2019-07-26 08:00,0.706,0.819,0.105,26.838
2019-07-26 09:00,0.753,0.897,0.108,27.451
2019-07-26 10:00,0.756,0.904,0.109,27.812
2019-07-26 11:00,0.716,0.840,0.106,27.921
2019-07-26 12:00,0.632,0.714,0.101,27.827
2019-07-26 13:00,0.504,0.537,0.094,27.541
2019-07-26 14:00,0.337,0.329,0.084,27.001
2019-07-26 15:00,0.152,0.122,0.072,26.185
2019-07-26 16:00,0.023,0,0.046,24.936
2019-07-26 17:00,0,0,0.002,23.296
2019-07-26 18:00,0,0,0,22.471
2019-07-26 19:00,0,0,0,21.958
2019-07-26 20:00,0,0,0,21.555
2019-07-26 21:00,0,0,0,21.227
2019-07-26 22:00,0,0,0,20.899
2019-07-26 23:00,0,0,0,20.624
2019-07-27 00:00,0,0,0,20.373
2019-07-27 01:00,0,0,0,20.176
2019-07-27 02:00,0,0,0,20.021
2019-07-27 03:00,0.017,0,0.038,20.874
2019-07-27 04:00,0.109,0.078,0.065,22.682
2019-07-27 05:00,0.304,0.289,0.077,24.174
2019-07-27 06:00,0.481,0.505,0.088,25.437
2019-07-27 07:00,0.618,0.691,0.097,26.458
2019-07-27 08:00,0.708,0.827,0.103,27.191
2019-07-27 09:00,0.754,0.901,0.107,27.654
2019-07-27 10:00,0.757,0.906,0.108,27.898
2019-07-27 11:00,0.717,0.843,0.106,27.953
2019-07-27 12:00,0.633,0.715,0.101,27.817
2019-07-27 13:00,0.504,0.537,0.094,27.473
2019-07-27 14:00,0.336,0.327,0.084,26.863
2019-07-27 15:00,0.151,0.119,0.073,25.995
2019-07-27 16:00,0.023,0,0.047,24.794
2019-07-27 17:00,0,0,0.002,23.472
2019-07-27 18:00,0,0,0,22.784
2019-07-27 19:00,0,0,0,22.301
2019-07-27 20:00,0,0,0,21.973
2019-07-27 21:00,0,0,0,21.722
2019-07-27 22:00,0,0,0,21.526
2019-07-27 23:00,0,0,0,21.356
2019-07-28 00:00,0,0,0,21.189
2019-07-28 01:00,0,0,0,21.043
2019-07-28 02:00,0,0,0,20.960
2019-07-28 03:00,0.017,0,0.039,21.819
2019-07-28 04:00,0.108,0.071,0.071,23.449
2019-07-28 05:00,0.296,0.274,0.085,24.753
2019-07-28 06:00,0.472,0.486,0.096,25.748
2019-07-28 07:00,0.608,0.670,0.104,26.629
2019-07-28 08:00,0.699,0.806,0.110,27.342
2019-07-28 09:00,0.746,0.883,0.114,27.812
2019-07-28 10:00,0.749,0.890,0.114,28.121
2019-07-28 11:00,0.710,0.828,0.111,28.191
2019-07-28 12:00,0.625,0.700,0.107,28.050
2019-07-28 13:00,0.497,0.522,0.100,27.662
2019-07-28 14:00,0.330,0.312,0.091,27.041
2019-07-28 15:00,0.148,0.110,0.079,26.252
2019-07-28 16:00,0.024,0,0.048,25.227
2019-07-28 17:00,0,0,0.001,23.922
2019-07-28 18:00,0,0,0,23.220
2019-07-28 19:00,0,0,0,22.702
2019-07-28 20:00,0,0,0,22.267
2019-07-28 21:00,0,0,0,21.947
2019-07-28 22:00,0,0,0,21.713
2019-07-28 23:00,0,0,0,21.531
2019-07-29 00:00,0,0,0,21.419
2019-07-29 01:00,0,0,0,21.420
2019-07-29 02:00,0,0,0,21.435
2019-07-29 03:00,0.017,0,0.039,21.753
2019-07-29 04:00,0.108,0.067,0.076,23.076
2019-07-29 05:00,0.293,0.263,0.091,24.556
2019-07-29 06:00,0.466,0.471,0.102,25.850
2019-07-29 07:00,0.599,0.652,0.111,27.062
2019-07-29 08:00,0.688,0.784,0.119,28.062
2019-07-29 09:00,0.731,0.854,0.123,28.796
2019-07-29 10:00,0.732,0.859,0.124,29.572
2019-07-29 11:00,0.690,0.797,0.122,30.361
2019-07-29 12:00,0.604,0.669,0.118,30.705
2019-07-29 13:00,0.478,0.493,0.111,30.429
2019-07-29 14:00,0.316,0.289,0.102,29.667
2019-07-29 15:00,0.142,0.096,0.089,28.302
2019-07-29 16:00,0.025,0,0.049,26.459
2019-07-29 17:00,0,0,0.001,24.668
2019-07-29 18:00,0,0,0,23.691
2019-07-29 19:00,0,0,0,23.171
2019-07-29 20:00,0,0,0,22.826
2019-07-29 21:00,0,0,0,22.650
2019-07-29 22:00,0,0,0,22.627
2019-07-29 23:00,0,0,0,22.604
2019-07-30 00:00,0,0,0,22.560
2019-07-30 01:00,0,0,0,22.507
2019-07-30 02:00,0,0,0,22.543
2019-07-30 03:00,0.014,0,0.035,23.019
2019-07-30 04:00,0.097,0.020,0.110,24.015
2019-07-30 05:00,0.238,0.129,0.161,24.912
2019-07-30 06:00,0.400,0.314,0.174,25.884
2019-07-30 07:00,0.547,0.519,0.169,26.957
2019-07-30 08:00,0.641,0.658,0.171,27.793
2019-07-30 09:00,0.671,0.693,0.186,28.277
2019-07-30 10:00,0.672,0.689,0.191,28.582
2019-07-30 11:00,0.614,0.589,0.203,28.665
2019-07-30 12:00,0.524,0.459,0.203,28.523
2019-07-30 13:00,0.422,0.344,0.179,28.244
2019-07-30 14:00,0.278,0.189,0.154,27.746
2019-07-30 15:00,0.136,0.065,0.112,27.088
2019-07-30 16:00,0.026,0,0.051,26.166
2019-07-30 17:00,0,0,0.001,24.987
2019-07-30 18:00,0,0,0,24.380
2019-07-30 19:00,0,0,0,23.923
2019-07-30 20:00,0,0,0,23.585
2019-07-30 21:00,0,0,0,23.334
2019-07-30 22:00,0,0,0,23.123
2019-07-30 23:00,0,0,0,22.960
2019-07-31 00:00,0,0,0,22.819
2019-07-31 01:00,0,0,0,22.643
2019-07-31 02:00,0,0,0,22.435
2019-07-31 03:00,0.016,0,0.038,22.596
2019-07-31 04:00,0.106,0.055,0.085,23.569
2019-07-31 05:00,0.281,0.239,0.102,25.071
2019-07-31 06:00,0.452,0.445,0.112,26.640
2019-07-31 07:00,0.587,0.628,0.120,27.916
2019-07-31 08:00,0.677,0.765,0.125,28.951
2019-07-31 09:00,0.729,0.855,0.124,29.728
2019-07-31 10:00,0.731,0.861,0.125,30.189
2019-07-31 11:00,0.690,0.797,0.123,30.397
2019-07-31 12:00,0.606,0.669,0.118,30.305
2019-07-31 13:00,0.480,0.495,0.111,29.976
2019-07-31 14:00,0.318,0.293,0.101,29.410
2019-07-31 15:00,0.142,0.100,0.085,28.615
2019-07-31 16:00,0.023,0,0.047,27.424
2019-07-31 17:00,0,0,0.001,25.798
2019-07-31 18:00,0,0,0,24.984
2019-07-31 19:00,0,0,0,24.317
2019-07-31 20:00,0,0,0,23.780
2019-07-31 21:00,0,0,0,23.381
2019-07-31 22:00,0,0,0,23.082
2019-07-31 23:00,0,0,0,22.824
2019-08-01 00:00,0,0,0,22.589
2019-08-01 01:00,0,0,0,22.385
2019-08-01 02:00,0,0,0,22.236
2019-08-01 03:00,0.015,0,0.037,22.888
2019-08-01 04:00,0.105,0.062,0.078,24.312
2019-08-01 05:00,0.287,0.256,0.094,25.697
2019-08-01 06:00,0.460,0.465,0.104,27.082
2019-08-01 07:00,0.595,0.649,0.113,28.255
2019-08-01 08:00,0.684,0.785,0.119,29.147
2019-08-01 09:00,0.731,0.862,0.122,29.809
2019-08-01 10:00,0.733,0.866,0.123,30.196
2019-08-01 11:00,0.692,0.800,0.121,30.325
2019-08-01 12:00,0.608,0.675,0.116,30.217
2019-08-01 13:00,0.482,0.498,0.109,29.863
2019-08-01 14:00,0.318,0.294,0.099,29.230
2019-08-01 15:00,0.141,0.097,0.086,28.345
2019-08-01 16:00,0.023,0,0.046,27.135
2019-08-01 17:00,0,0,0.001,25.768
2019-08-01 18:00,0,0,0,25.149
2019-08-01 19:00,0,0,0,24.825
2019-08-01 20:00,0,0,0,24.595
2019-08-01 21:00,0,0,0,24.388
2019-08-01 22:00,0,0,0,24.185
2019-08-01 23:00,0,0,0,24.006
2019-08-02 00:00,0,0,0,23.837
2019-08-02 01:00,0,0,0,23.679
2019-08-02 02:00,0,0,0,23.538
2019-08-02 03:00,0.013,0,0.033,24.031
2019-08-02 04:00,0.104,0.057,0.082,25.175
2019-08-02 05:00,0.283,0.247,0.098,26.139
2019-08-02 06:00,0.456,0.457,0.107,27.151
2019-08-02 07:00,0.592,0.641,0.115,27.945
2019-08-02 08:00,0.684,0.777,0.122,28.544
2019-08-02 09:00,0.730,0.851,0.125,28.895
2019-08-02 10:00,0.734,0.858,0.126,29.083
2019-08-02 11:00,0.695,0.797,0.123,29.118
2019-08-02 12:00,0.611,0.671,0.118,28.993
2019-08-02 13:00,0.485,0.498,0.109,28.706
2019-08-02 14:00,0.320,0.296,0.098,28.199
2019-08-02 15:00,0.142,0.101,0.083,27.543
2019-08-02 16:00,0.022,0,0.045,26.638
2019-08-02 17:00,0,0,0.001,25.364
2019-08-02 18:00,0,0,0,24.681
2019-08-02 19:00,0,0,0,24.156
2019-08-02 20:00,0,0,0,23.758
2019-08-02 21:00,0,0,0,23.419
2019-08-02 22:00,0,0,0,23.136
2019-08-02 23:00,0,0,0,22.879
2019-08-03 00:00,0,0,0,22.728
2019-08-03 01:00,0,0,0,22.698
2019-08-03 02:00,0,0,0,22.718
2019-08-03 03:00,0.012,0,0.033,22.961
2019-08-03 04:00,0.104,0.056,0.082,23.920
2019-08-03 05:00,0.281,0.241,0.101,25.322
2019-08-03 06:00,0.447,0.435,0.117,27.085
2019-08-03 07:00,0.561,0.577,0.137,28.629
2019-08-03 08:00,0.662,0.735,0.136,29.596
2019-08-03 09:00,0.724,0.844,0.129,30.211
2019-08-03 10:00,0.726,0.850,0.130,30.608
2019-08-03 11:00,0.683,0.781,0.129,30.805
2019-08-03 12:00,0.595,0.646,0.127,30.833
2019-08-03 13:00,0.467,0.469,0.121,30.701
2019-08-03 14:00,0.305,0.269,0.111,30.413
2019-08-03 15:00,0.135,0.086,0.092,29.914
2019-08-03 16:00,0.021,0,0.045,28.744
2019-08-03 17:00,0,0,0,27.325
2019-08-03 18:00,0,0,0,26.594
2019-08-03 19:00,0,0,0,26.109
2019-08-03 20:00,0,0,0,25.728
2019-08-03 21:00,0,0,0,25.456
2019-08-03 22:00,0,0,0,25.343
2019-08-03 23:00,0,0,0,25.219
2019-08-04 00:00,0,0,0,24.853
2019-08-04 01:00,0,0,0,24.455
2019-08-04 02:00,0,0,0,24.166
2019-08-04 03:00,0,0,0.016,23.912
2019-08-04 04:00,0.035,0.001,0.059,23.930
2019-08-04 05:00,0.072,0.004,0.099,23.942
2019-08-04 06:00,0.129,0.010,0.157,24.057
2019-08-04 07:00,0.247,0.038,0.262,24.317
2019-08-04 08:00,0.386,0.129,0.339,24.755
2019-08-04 09:00,0.554,0.376,0.315,25.375
2019-08-04 10:00,0.701,0.713,0.199,26.117
2019-08-04 11:00,0.678,0.708,0.171,26.417
2019-08-04 12:00,0.613,0.632,0.149,26.391
2019-08-04 13:00,0.490,0.472,0.133,26.005
2019-08-04 14:00,0.329,0.283,0.115,25.421
2019-08-04 15:00,0.148,0.095,0.094,24.661
2019-08-04 16:00,0.024,0,0.047,23.699
2019-08-04 17:00,0,0,0,22.635
2019-08-04 18:00,0,0,0,22.230
2019-08-04 19:00,0,0,0,21.917
2019-08-04 20:00,0,0,0,21.663
2019-08-04 21:00,0,0,0,21.459
2019-08-04 22:00,0,0,0,21.311
2019-08-04 23:00,0,0,0,21.193
2019-08-05 00:00,0,0,0,21.099
2019-08-05 01:00,0,0,0,21.001
2019-08-05 02:00,0,0,0,20.918
2019-08-05 03:00,0.010,0,0.030,21.417
2019-08-05 04:00,0.103,0.061,0.077,23.167
2019-08-05 05:00,0.288,0.256,0.093,24.372
2019-08-05 06:00,0.464,0.465,0.105,25.333
2019-08-05 07:00,0.596,0.636,0.117,26.153
2019-08-05 08:00,0.681,0.757,0.128,26.748
2019-08-05 09:00,0.724,0.821,0.135,27.122
2019-08-05 10:00,0.726,0.822,0.137,27.274
2019-08-05 11:00,0.687,0.763,0.134,27.248
2019-08-05 12:00,0.605,0.646,0.126,27.060
2019-08-05 13:00,0.483,0.484,0.114,26.722
2019-08-05 14:00,0.320,0.289,0.100,26.190
2019-08-05 15:00,0.141,0.099,0.081,25.455
2019-08-05 16:00,0.019,0,0.042,24.451
2019-08-05 17:00,0,0,0,23.305
2019-08-05 18:00,0,0,0,22.660
2019-08-05 19:00,0,0,0,22.225
2019-08-05 20:00,0,0,0,21.832
2019-08-05 21:00,0,0,0,21.512
2019-08-05 22:00,0,0,0,21.284
2019-08-05 23:00,0,0,0,21.082
2019-08-06 00:00,0,0,0,20.929
2019-08-06 01:00,0,0,0,20.801
2019-08-06 02:00,0,0,0,20.720
2019-08-06 03:00,0.009,0,0.028,21.323
2019-08-06 04:00,0.103,0.067,0.070,23.162
2019-08-06 05:00,0.294,0.270,0.084,24.226
2019-08-06 06:00,0.473,0.486,0.095,25.175
2019-08-06 07:00,0.613,0.675,0.103,26.098
2019-08-06 08:00,0.706,0.815,0.109,26.866
2019-08-06 09:00,0.755,0.896,0.112,27.405
2019-08-06 10:00,0.758,0.904,0.112,27.721
2019-08-06 11:00,0.718,0.840,0.109,27.801
2019-08-06 12:00,0.633,0.712,0.104,27.634
2019-08-06 13:00,0.502,0.531,0.096,27.254
2019-08-06 14:00,0.332,0.319,0.086,26.607
2019-08-06 15:00,0.143,0.111,0.072,25.737
2019-08-06 16:00,0.017,0,0.039,24.595
2019-08-06 17:00,0,0,0,23.342
2019-08-06 18:00,0,0,0,22.649
2019-08-06 19:00,0,0,0,22.096
2019-08-06 20:00,0,0,0,21.618
2019-08-06 21:00,0,0,0,21.267
2019-08-06 22:00,0,0,0,21.022
2019-08-06 23:00,0,0,0,20.799
2019-08-07 00:00,0,0,0,20.591
2019-08-07 01:00,0,0,0,20.402
2019-08-07 02:00,0,0,0,20.277
2019-08-07 03:00,0.008,0,0.027,20.829
2019-08-07 04:00,0.103,0.069,0.067,22.640
2019-08-07 05:00,0.296,0.277,0.081,24.228
2019-08-07 06:00,0.477,0.495,0.092,25.483
2019-08-07 07:00,0.615,0.684,0.100,26.600
2019-08-07 08:00,0.707,0.824,0.107,27.494
2019-08-07 09:00,0.754,0.900,0.110,28.101
2019-08-07 10:00,0.756,0.906,0.111,28.423
2019-08-07 11:00,0.716,0.842,0.108,28.515
2019-08-07 12:00,0.631,0.714,0.103,28.359
2019-08-07 13:00,0.501,0.533,0.095,27.957
2019-08-07 14:00,0.330,0.320,0.085,27.260
2019-08-07 15:00,0.141,0.111,0.071,26.251
2019-08-07 16:00,0.016,0,0.038,24.881
2019-08-07 17:00,0,0,0,23.639
2019-08-07 18:00,0,0,0,23.059
2019-08-07 19:00,0,0,0,22.660
2019-08-07 20:00,0,0,0,22.246
2019-08-07 21:00,0,0,0,21.800
2019-08-07 22:00,0,0,0,21.400
2019-08-07 23:00,0,0,0,20.996
2019-08-08 00:00,0,0,0,20.719
2019-08-08 01:00,0,0,0,20.477
2019-08-08 02:00,0,0,0,20.246
2019-08-08 03:00,0.007,0,0.025,20.671
2019-08-08 04:00,0.103,0.076,0.061,22.549
2019-08-08 05:00,0.303,0.292,0.074,24.242
2019-08-08 06:00,0.485,0.514,0.085,25.659
2019-08-08 07:00,0.624,0.706,0.093,26.990
2019-08-08 08:00,0.715,0.846,0.100,28.062
2019-08-08 09:00,0.759,0.920,0.104,28.779
2019-08-08 10:00,0.761,0.926,0.105,29.211
2019-08-08 11:00,0.720,0.859,0.103,29.318
2019-08-08 12:00,0.635,0.728,0.098,29.155
2019-08-08 13:00,0.504,0.545,0.090,28.687
2019-08-08 14:00,0.333,0.329,0.080,27.854
2019-08-08 15:00,0.141,0.115,0.067,26.692
2019-08-08 16:00,0.015,0,0.036,25.095
2019-08-08 17:00,0,0,0,23.593
2019-08-08 18:00,0,0,0,22.954
2019-08-08 19:00,0,0,0,22.485
2019-08-08 20:00,0,0,0,21.994
2019-08-08 21:00,0,0,0,21.583
2019-08-08 22:00,0,0,0,21.297
2019-08-08 23:00,0,0,0,21.035
2019-08-09 00:00,0,0,0,20.798
2019-08-09 01:00,0,0,0,20.585
2019-08-09 02:00,0,0,0,20.389
2019-08-09 03:00,0.006,0,0.024,20.845
2019-08-09 04:00,0.101,0.075,0.060,22.771
2019-08-09 05:00,0.300,0.290,0.073,24.443
2019-08-09 06:00,0.482,0.510,0.084,25.780
2019-08-09 07:00,0.620,0.701,0.093,27.006
2019-08-09 08:00,0.711,0.840,0.099,28.018
2019-08-09 09:00,0.757,0.917,0.103,28.763
2019-08-09 10:00,0.759,0.923,0.104,29.188
2019-08-09 11:00,0.718,0.857,0.101,29.265
2019-08-09 12:00,0.633,0.726,0.096,29.003
2019-08-09 13:00,0.502,0.542,0.089,28.358
2019-08-09 14:00,0.330,0.325,0.079,27.324
2019-08-09 15:00,0.139,0.112,0.067,26.053
2019-08-09 16:00,0.014,0,0.035,24.656
2019-08-09 17:00,0,0,0,23.573
2019-08-09 18:00,0,0,0,23.140
2019-08-09 19:00,0,0,0,22.881
2019-08-09 20:00,0,0,0,22.703
2019-08-09 21:00,0,0,0,22.596
2019-08-09 22:00,0,0,0,22.573
2019-08-09 23:00,0,0,0,22.281
2019-08-10 00:00,0,0,0,22.015
2019-08-10 01:00,0,0,0,21.870
2019-08-10 02:00,0,0,0,21.804
2019-08-10 03:00,0.006,0,0.025,22.258
2019-08-10 04:00,0.098,0.057,0.074,23.904
2019-08-10 05:00,0.280,0.248,0.092,25.268
2019-08-10 06:00,0.456,0.459,0.103,26.495
2019-08-10 07:00,0.594,0.648,0.111,27.618
2019-08-10 08:00,0.688,0.791,0.115,28.506
2019-08-10 09:00,0.738,0.874,0.117,29.134
2019-08-10 10:00,0.743,0.886,0.116,29.548
2019-08-10 11:00,0.703,0.825,0.112,29.671
2019-08-10 12:00,0.619,0.697,0.107,29.514
2019-08-10 13:00,0.490,0.518,0.098,29.073
2019-08-10 14:00,0.321,0.308,0.088,28.347
2019-08-10 15:00,0.135,0.103,0.073,27.225
2019-08-10 16:00,0.014,0,0.036,25.691
2019-08-10 17:00,0,0,0,24.408
2019-08-10 18:00,0,0,0,23.853
2019-08-10 19:00,0,0,0,23.425
2019-08-10 20:00,0,0,0,23.047
2019-08-10 21:00,0,0,0,22.761
2019-08-10 22:00,0,0,0,22.541
2019-08-10 23:00,0,0,0,22.350
2019-08-11 00:00,0,0,0,22.179
2019-08-11 01:00,0,0,0,22.022
2019-08-11 02:00,0,0,0,21.940
2019-08-11 03:00,0.005,0,0.023,22.398
2019-08-11 04:00,0.098,0.065,0.067,23.902
2019-08-11 05:00,0.285,0.262,0.085,25.232
2019-08-11 06:00,0.470,0.488,0.092,26.446
2019-08-11 07:00,0.609,0.679,0.100,27.505
2019-08-11 08:00,0.701,0.819,0.106,28.303
2019-08-11 09:00,0.751,0.903,0.108,28.830
2019-08-11 10:00,0.755,0.911,0.108,29.091
2019-08-11 11:00,0.715,0.847,0.105,29.150
2019-08-11 12:00,0.629,0.717,0.100,28.924
2019-08-11 13:00,0.499,0.533,0.092,28.331
2019-08-11 14:00,0.326,0.316,0.083,27.447
2019-08-11 15:00,0.135,0.105,0.070,26.371
2019-08-11 16:00,0.013,0,0.034,25.272
2019-08-11 17:00,0,0,0,24.416
2019-08-11 18:00,0,0,0,24.041
2019-08-11 19:00,0,0,0,23.767
2019-08-11 20:00,0,0,0,23.520
2019-08-11 21:00,0,0,0,23.350
2019-08-11 22:00,0,0,0,23.226
2019-08-11 23:00,0,0,0,23.100
2019-08-12 00:00,0,0,0,22.933
2019-08-12 01:00,0,0,0,22.738
2019-08-12 02:00,0,0,0,22.437
2019-08-12 03:00,0.004,0,0.022,22.659
2019-08-12 04:00,0.098,0.071,0.061,24.195
2019-08-12 05:00,0.295,0.283,0.075,25.741
2019-08-12 06:00,0.477,0.506,0.085,27.067
2019-08-12 07:00,0.616,0.699,0.094,28.124
2019-08-12 08:00,0.709,0.841,0.100,28.854
2019-08-12 09:00,0.757,0.921,0.103,29.295
2019-08-12 10:00,0.759,0.926,0.104,29.427
2019-08-12 11:00,0.717,0.855,0.103,29.276
2019-08-12 12:00,0.631,0.720,0.098,28.777
2019-08-12 13:00,0.499,0.533,0.091,28.153
2019-08-12 14:00,0.325,0.317,0.082,27.351
2019-08-12 15:00,0.134,0.106,0.069,26.384
2019-08-12 16:00,0.012,0,0.033,25.309
2019-08-12 17:00,0,0,0,24.506
2019-08-12 18:00,0,0,0,24.201
2019-08-12 19:00,0,0,0,23.965
2019-08-12 20:00,0,0,0,23.753
2019-08-12 21:00,0,0,0,23.572
2019-08-12 22:00,0,0,0,23.448
2019-08-12 23:00,0,0,0,23.324
2019-08-13 00:00,0,0,0,23.176
2019-08-13 01:00,0,0,0,22.988
2019-08-13 02:00,0,0,0,22.830
2019-08-13 03:00,0.004,0,0.021,22.933
2019-08-13 04:00,0.097,0.068,0.063,24.031
2019-08-13 05:00,0.292,0.278,0.077,25.384
2019-08-13 06:00,0.475,0.500,0.087,26.674
2019-08-13 07:00,0.615,0.693,0.096,27.764
2019-08-13 08:00,0.707,0.836,0.102,28.597
2019-08-13 09:00,0.755,0.916,0.105,29.126
2019-08-13 10:00,0.758,0.921,0.106,29.276
2019-08-13 11:00,0.717,0.853,0.104,29.095
2019-08-13 12:00,0.631,0.719,0.099,28.673
2019-08-13 13:00,0.499,0.534,0.091,28.016
2019-08-13 14:00,0.326,0.317,0.082,27.109
2019-08-13 15:00,0.133,0.104,0.069,26.053
2019-08-13 16:00,0.011,0,0.032,24.911
2019-08-13 17:00,0,0,0,24.062
2019-08-13 18:00,0,0,0,23.717
2019-08-13 19:00,0,0,0,23.461
2019-08-13 20:00,0,0,0,23.199
2019-08-13 21:00,0,0,0,22.939
2019-08-13 22:00,0,0,0,22.768
2019-08-13 23:00,0,0,0,22.599
2019-08-14 00:00,0,0,0,22.395
2019-08-14 01:00,0,0,0,22.254
2019-08-14 02:00,0,0,0,22.227
2019-08-14 03:00,0.003,0,0.021,22.623
2019-08-14 04:00,0.088,0.032,0.088,23.777
2019-08-14 05:00,0.256,0.194,0.118,24.808
2019-08-14 06:00,0.432,0.404,0.125,25.910
2019-08-14 07:00,0.589,0.627,0.121,27.074
2019-08-14 08:00,0.678,0.759,0.129,28.056
2019-08-14 09:00,0.716,0.816,0.137,28.769
2019-08-14 10:00,0.716,0.813,0.141,29.126
2019-08-14 11:00,0.670,0.739,0.142,29.152
2019-08-14 12:00,0.577,0.595,0.142,28.809
2019-08-14 13:00,0.442,0.405,0.144,28.199
2019-08-14 14:00,0.232,0.131,0.156,27.183
2019-08-14 15:00,0.104,0.037,0.103,25.933
2019-08-14 16:00,0.009,0,0.029,24.645
2019-08-14 17:00,0,0,0,23.795
2019-08-14 18:00,0,0,0,23.444
2019-08-14 19:00,0,0,0,23.191
2019-08-14 20:00,0,0,0,23.018
2019-08-14 21:00,0,0,0,23.022
2019-08-14 22:00,0,0,0,23.136
2019-08-14 23:00,0,0,0,23.195
2019-08-15 00:00,0,0,0,23.247
2019-08-15 01:00,0,0,0,23.383
2019-08-15 02:00,0,0,0,23.470
2019-08-15 03:00,0,0,0.016,23.612
2019-08-15 04:00,0.068,0.010,0.089,24.259
2019-08-15 05:00,0.156,0.038,0.159,24.810
2019-08-15 06:00,0.277,0.110,0.228,25.566
2019-08-15 07:00,0.433,0.281,0.251,26.566
2019-08-15 08:00,0.598,0.550,0.213,27.582
2019-08-15 09:00,0.633,0.599,0.220,28.155
2019-08-15 10:00,0.641,0.616,0.217,28.423
2019-08-15 11:00,0.617,0.595,0.201,28.483
2019-08-15 12:00,0.546,0.505,0.186,28.242
2019-08-15 13:00,0.392,0.293,0.190,27.556
2019-08-15 14:00,0.253,0.153,0.158,26.623
2019-08-15 15:00,0.108,0.039,0.105,25.623
2019-08-15 16:00,0.009,0,0.029,24.597
2019-08-15 17:00,0,0,0,23.818
2019-08-15 18:00,0,0,0,23.466
2019-08-15 19:00,0,0,0,23.234
2019-08-15 20:00,0,0,0,23.069
2019-08-15 21:00,0,0,0,22.930
2019-08-15 22:00,0,0,0,22.792
2019-08-15 23:00,0,0,0,22.754
2019-08-16 00:00,0,0,0,22.705
2019-08-16 01:00,0,0,0,22.594
2019-08-16 02:00,0,0,0,22.593
2019-08-16 03:00,0.002,0,0.019,22.886
2019-08-16 04:00,0.079,0.017,0.093,23.682
2019-08-16 05:00,0.186,0.070,0.161,24.377
2019-08-16 06:00,0.334,0.193,0.212,25.169
2019-08-16 07:00,0.434,0.281,0.250,25.810
2019-08-16 08:00,0.495,0.332,0.282,26.238
2019-08-16 09:00,0.543,0.389,0.291,26.498
2019-08-16 10:00,0.565,0.433,0.279,26.547
2019-08-16 11:00,0.567,0.474,0.241,26.497
2019-08-16 12:00,0.553,0.512,0.182,26.389
2019-08-16 13:00,0.432,0.369,0.161,25.941
2019-08-16 14:00,0.280,0.204,0.136,25.202
2019-08-16 15:00,0.118,0.057,0.097,24.263
2019-08-16 16:00,0.009,0,0.028,23.176
2019-08-16 17:00,0,0,0,22.351
2019-08-16 18:00,0,0,0,22.070
2019-08-16 19:00,0,0,0,21.933
2019-08-16 20:00,0,0,0,21.848
2019-08-16 21:00,0,0,0,21.797
2019-08-16 22:00,0,0,0,21.734
2019-08-16 23:00,0,0,0,21.683
2019-08-17 00:00,0,0,0,21.653
2019-08-17 01:00,0,0,0,21.599
2019-08-17 02:00,0,0,0,21.581
2019-08-17 03:00,0.001,0,0.017,21.709
2019-08-17 04:00,0.084,0.019,0.096,22.226
2019-08-17 05:00,0.249,0.152,0.148,22.957
2019-08-17 06:00,0.413,0.324,0.176,23.894
2019-08-17 07:00,0.470,0.330,0.245,24.545
2019-08-17 08:00,0.536,0.381,0.285,24.989
2019-08-17 09:00,0.536,0.339,0.326,25.036
2019-08-17 10:00,0.470,0.219,0.357,24.745
2019-08-17 11:00,0.353,0.095,0.331,24.186
2019-08-17 12:00,0.271,0.050,0.276,23.593
2019-08-17 13:00,0.182,0.022,0.202,22.957
2019-08-17 14:00,0.086,0.006,0.112,22.132
2019-08-17 15:00,0.030,0.001,0.052,21.483
2019-08-17 16:00,0,0,0.010,21.001
2019-08-17 17:00,0,0,0,20.734
2019-08-17 18:00,0,0,0,20.583
2019-08-17 19:00,0,0,0,20.465
2019-08-17 20:00,0,0,0,20.305
2019-08-17 21:00,0,0,0,20.058
2019-08-17 22:00,0,0,0,19.802
2019-08-17 23:00,0,0,0,19.529
2019-08-18 00:00,0,0,0,19.233
2019-08-18 01:00,0,0,0,18.963
2019-08-18 02:00,0,0,0,18.755
2019-08-18 03:00,0.001,0,0.017,19.010
2019-08-18 04:00,0.093,0.056,0.068,20.864
2019-08-18 05:00,0.283,0.253,0.086,22.272
2019-08-18 06:00,0.461,0.460,0.100,23.483
2019-08-18 07:00,0.600,0.641,0.111,24.369
2019-08-18 08:00,0.690,0.770,0.120,25.052
2019-08-18 09:00,0.730,0.826,0.130,25.561
2019-08-18 10:00,0.715,0.793,0.140,25.846
2019-08-18 11:00,0.683,0.750,0.133,25.926
2019-08-18 12:00,0.595,0.624,0.127,25.705
2019-08-18 13:00,0.461,0.447,0.118,25.301
2019-08-18 14:00,0.310,0.281,0.093,24.814
2019-08-18 15:00,0.126,0.092,0.071,24.144
2019-08-18 16:00,0.006,0,0.024,22.834
2019-08-18 17:00,0,0,0,21.503
2019-08-18 18:00,0,0,0,20.993
2019-08-18 19:00,0,0,0,20.536
2019-08-18 20:00,0,0,0,20.153
2019-08-18 21:00,0,0,0,19.896
2019-08-18 22:00,0,0,0,19.768
2019-08-18 23:00,0,0,0,19.684
2019-08-19 00:00,0,0,0,19.621
2019-08-19 01:00,0,0,0,19.537
2019-08-19 02:00,0,0,0,19.495
2019-08-19 03:00,0,0,0.016,19.690
2019-08-19 04:00,0.091,0.058,0.066,21.562
2019-08-19 05:00,0.283,0.256,0.083,22.770
2019-08-19 06:00,0.468,0.475,0.093,23.628
2019-08-19 07:00,0.611,0.667,0.102,24.377
2019-08-19 08:00,0.712,0.818,0.106,25.023
2019-08-19 09:00,0.760,0.896,0.109,25.460
2019-08-19 10:00,0.764,0.903,0.109,25.673
2019-08-19 11:00,0.723,0.839,0.106,25.686
2019-08-19 12:00,0.631,0.701,0.102,25.498
2019-08-19 13:00,0.495,0.514,0.095,25.087
2019-08-19 14:00,0.315,0.294,0.086,24.435
2019-08-19 15:00,0.123,0.089,0.070,23.590
2019-08-19 16:00,0.005,0,0.023,22.620
2019-08-19 17:00,0,0,0,21.862
2019-08-19 18:00,0,0,0,21.496
2019-08-19 19:00,0,0,0,21.236
2019-08-19 20:00,0,0,0,21.063
2019-08-19 21:00,0,0,0,20.863
2019-08-19 22:00,0,0,0,20.749
2019-08-19 23:00,0,0,0,20.658
2019-08-20 00:00,0,0,0,20.568
2019-08-20 01:00,0,0,0,20.461
2019-08-20 02:00,0,0,0,20.368
2019-08-20 03:00,0,0,0.015,20.541
2019-08-20 04:00,0.090,0.054,0.068,22.212
2019-08-20 05:00,0.278,0.248,0.087,23.483
2019-08-20 06:00,0.460,0.464,0.098,24.456
2019-08-20 07:00,0.603,0.654,0.107,25.251
2019-08-20 08:00,0.698,0.794,0.113,25.887
2019-08-20 09:00,0.750,0.878,0.115,26.306
2019-08-20 10:00,0.751,0.881,0.116,26.508
2019-08-20 11:00,0.707,0.810,0.115,26.514
2019-08-20 12:00,0.614,0.669,0.112,26.339
2019-08-20 13:00,0.476,0.481,0.107,25.984
2019-08-20 14:00,0.300,0.266,0.098,25.423
2019-08-20 15:00,0.115,0.073,0.079,24.700
2019-08-20 16:00,0.004,0,0.022,23.716
2019-08-20 17:00,0,0,0,22.923
2019-08-20 18:00,0,0,0,22.481
2019-08-20 19:00,0,0,0,22.067
2019-08-20 20:00,0,0,0,21.746
2019-08-20 21:00,0,0,0,21.570
2019-08-20 22:00,0,0,0,21.419
2019-08-20 23:00,0,0,0,21.303
2019-08-21 00:00,0,0,0,21.208
2019-08-21 01:00,0,0,0,21.149
2019-08-21 02:00,0,0,0,21.124
2019-08-21 03:00,0,0,0.015,21.324
2019-08-21 04:00,0.078,0.022,0.087,22.632
2019-08-21 05:00,0.186,0.077,0.153,23.489
2019-08-21 06:00,0.369,0.263,0.183,24.518
2019-08-21 07:00,0.528,0.476,0.180,25.583
2019-08-21 08:00,0.609,0.577,0.197,26.339
2019-08-21 09:00,0.618,0.561,0.228,26.661
2019-08-21 10:00,0.625,0.570,0.229,26.727
2019-08-21 11:00,0.593,0.535,0.218,26.689
2019-08-21 12:00,0.523,0.455,0.198,26.538
2019-08-21 13:00,0.400,0.307,0.182,26.174
2019-08-21 14:00,0.231,0.122,0.162,25.518
2019-08-21 15:00,0.074,0.014,0.091,24.736
2019-08-21 16:00,0.002,0,0.018,23.926
2019-08-21 17:00,0,0,0,23.273
2019-08-21 18:00,0,0,0,22.943
2019-08-21 19:00,0,0,0,22.656
2019-08-21 20:00,0,0,0,22.436
2019-08-21 21:00,0,0,0,22.255
2019-08-21 22:00,0,0,0,22.112
2019-08-21 23:00,0,0,0,21.991
2019-08-22 00:00,0,0,0,21.915
2019-08-22 01:00,0,0,0,21.841
2019-08-22 02:00,0,0,0,21.772
2019-08-22 03:00,0,0,0.013,21.895
2019-08-22 04:00,0.083,0.040,0.075,23.007
2019-08-22 05:00,0.259,0.211,0.103,24.325
2019-08-22 06:00,0.436,0.418,0.116,25.770
2019-08-22 07:00,0.575,0.603,0.125,26.958
2019-08-22 08:00,0.670,0.742,0.131,27.650
2019-08-22 09:00,0.722,0.826,0.132,27.996
2019-08-22 10:00,0.726,0.832,0.133,28.129
2019-08-22 11:00,0.681,0.762,0.132,28.151
2019-08-22 12:00,0.591,0.628,0.128,28.077
2019-08-22 13:00,0.453,0.441,0.122,27.823
2019-08-22 14:00,0.280,0.232,0.112,27.267
2019-08-22 15:00,0.105,0.057,0.085,26.355
2019-08-22 16:00,0.003,0,0.020,24.940
2019-08-22 17:00,0,0,0,23.848
2019-08-22 18:00,0,0,0,23.378
2019-08-22 19:00,0,0,0,23.008
2019-08-22 20:00,0,0,0,22.762
2019-08-22 21:00,0,0,0,22.563
2019-08-22 22:00,0,0,0,22.363
2019-08-22 23:00,0,0,0,22.154
2019-08-23 00:00,0,0,0,21.961
2019-08-23 01:00,0,0,0,21.827
2019-08-23 02:00,0,0,0,21.741
2019-08-23 03:00,0,0,0.013,21.854
2019-08-23 04:00,0.084,0.045,0.071,23.332
2019-08-23 05:00,0.265,0.226,0.096,24.665
2019-08-23 06:00,0.445,0.440,0.107,25.933
2019-08-23 07:00,0.588,0.632,0.114,26.929
2019-08-23 08:00,0.684,0.775,0.120,27.637
2019-08-23 09:00,0.733,0.853,0.123,28.052
2019-08-23 10:00,0.735,0.857,0.124,28.217
2019-08-23 11:00,0.692,0.787,0.123,28.156
2019-08-23 12:00,0.596,0.639,0.122,27.925
2019-08-23 13:00,0.460,0.455,0.116,27.526
2019-08-23 14:00,0.286,0.246,0.105,26.863
2019-08-23 15:00,0.107,0.063,0.080,25.912
2019-08-23 16:00,0.002,0,0.019,24.616
2019-08-23 17:00,0,0,0,23.653
2019-08-23 18:00,0,0,0,23.218
2019-08-23 19:00,0,0,0,22.839
2019-08-23 20:00,0,0,0,22.548
2019-08-23 21:00,0,0,0,22.402
2019-08-23 22:00,0,0,0,22.351
2019-08-23 23:00,0,0,0,22.325
2019-08-24 00:00,0,0,0,22.337
2019-08-24 01:00,0,0,0,22.385
2019-08-24 02:00,0,0,0,22.429
2019-08-24 03:00,0,0,0.012,22.603
2019-08-24 04:00,0.082,0.044,0.070,24.181
2019-08-24 05:00,0.264,0.227,0.094,25.221
2019-08-24 06:00,0.446,0.444,0.105,26.301
2019-08-24 07:00,0.588,0.635,0.113,27.402
2019-08-24 08:00,0.682,0.776,0.119,28.347
2019-08-24 09:00,0.730,0.855,0.122,29.091
2019-08-24 10:00,0.732,0.860,0.123,29.491
2019-08-24 11:00,0.690,0.794,0.120,29.516
2019-08-24 12:00,0.600,0.657,0.116,29.244
2019-08-24 13:00,0.465,0.472,0.109,28.681
2019-08-24 14:00,0.290,0.258,0.099,27.824
2019-08-24 15:00,0.107,0.067,0.077,26.655
2019-08-24 16:00,0.001,0,0.018,25.163
2019-08-24 17:00,0,0,0,24.083
2019-08-24 18:00,0,0,0,23.521
2019-08-24 19:00,0,0,0,23.129
2019-08-24 20:00,0,0,0,22.848
2019-08-24 21:00,0,0,0,22.664
2019-08-24 22:00,0,0,0,22.471
2019-08-24 23:00,0,0,0,22.301
2019-08-25 00:00,0,0,0,22.177
2019-08-25 01:00,0,0,0,22.093
2019-08-25 02:00,0,0,0,22.037
2019-08-25 03:00,0,0,0.011,22.141
2019-08-25 04:00,0.082,0.047,0.067,23.728
2019-08-25 05:00,0.268,0.236,0.089,24.958
2019-08-25 06:00,0.452,0.457,0.099,26.251
2019-08-25 07:00,0.595,0.652,0.107,27.464
2019-08-25 08:00,0.690,0.796,0.112,28.372
2019-08-25 09:00,0.740,0.880,0.114,29.061
2019-08-25 10:00,0.741,0.883,0.116,29.568
2019-08-25 11:00,0.696,0.812,0.114,29.761
2019-08-25 12:00,0.607,0.677,0.109,29.616
2019-08-25 13:00,0.473,0.491,0.101,29.048
2019-08-25 14:00,0.297,0.275,0.091,28.033
2019-08-25 15:00,0.109,0.074,0.072,26.655
2019-08-25 16:00,0.001,0,0.017,25.191
2019-08-25 17:00,0,0,0,24.374
2019-08-25 18:00,0,0,0,24.127
2019-08-25 19:00,0,0,0,23.991
2019-08-25 20:00,0,0,0,23.798
2019-08-25 21:00,0,0,0,23.581
2019-08-25 22:00,0,0,0,23.439
2019-08-25 23:00,0,0,0,23.298
2019-08-26 00:00,0,0,0,23.148
2019-08-26 01:00,0,0,0,23.024
2019-08-26 02:00,0,0,0,22.900
2019-08-26 03:00,0,0,0.010,22.894
2019-08-26 04:00,0.081,0.047,0.066,23.951
2019-08-26 05:00,0.266,0.235,0.089,25.226
2019-08-26 06:00,0.451,0.456,0.099,26.415
2019-08-26 07:00,0.593,0.648,0.108,27.452
2019-08-26 08:00,0.686,0.787,0.115,28.265
2019-08-26 09:00,0.734,0.865,0.118,28.808
2019-08-26 10:00,0.737,0.870,0.119,29.167
2019-08-26 11:00,0.693,0.802,0.117,29.262
2019-08-26 12:00,0.605,0.670,0.111,29.030
2019-08-26 13:00,0.472,0.487,0.102,28.497
2019-08-26 14:00,0.296,0.273,0.091,27.609
2019-08-26 15:00,0.108,0.073,0.071,26.428
2019-08-26 16:00,0,0,0.016,25.100
2019-08-26 17:00,0,0,0,24.305
2019-08-26 18:00,0,0,0,23.951
2019-08-26 19:00,0,0,0,23.745
2019-08-26 20:00,0,0,0,23.540
2019-08-26 21:00,0,0,0,23.308
2019-08-26 22:00,0,0,0,23.123
2019-08-26 23:00,0,0,0,22.997
2019-08-27 00:00,0,0,0,22.996
2019-08-27 01:00,0,0,0,23.195
2019-08-27 02:00,0,0,0,23.073
2019-08-27 03:00,0,0,0.010,22.964
2019-08-27 04:00,0.082,0.053,0.061,24.064
2019-08-27 05:00,0.271,0.247,0.083,25.279
2019-08-27 06:00,0.454,0.465,0.095,26.369
2019-08-27 07:00,0.598,0.658,0.104,27.259
2019-08-27 08:00,0.693,0.801,0.110,27.956
2019-08-27 09:00,0.745,0.888,0.111,28.438
2019-08-27 10:00,0.749,0.895,0.111,28.751
2019-08-27 11:00,0.707,0.830,0.108,28.823
2019-08-27 12:00,0.618,0.696,0.103,28.672
2019-08-27 13:00,0.482,0.508,0.094,28.222
2019-08-27 14:00,0.303,0.287,0.084,27.420
2019-08-27 15:00,0.109,0.079,0.066,26.260
2019-08-27 16:00,0,0,0.015,24.919
2019-08-27 17:00,0,0,0,24.066
2019-08-27 18:00,0,0,0,23.679
2019-08-27 19:00,0,0,0,23.391
2019-08-27 20:00,0,0,0,23.103
2019-08-27 21:00,0,0,0,22.901
2019-08-27 22:00,0,0,0,22.713
2019-08-27 23:00,0,0,0,22.470
2019-08-28 00:00,0,0,0,22.294
2019-08-28 01:00,0,0,0,22.150
2019-08-28 02:00,0,0,0,22.034
2019-08-28 03:00,0,0,0.009,22.021
2019-08-28 04:00,0.083,0.058,0.057,23.389
2019-08-28 05:00,0.280,0.265,0.075,24.708
2019-08-28 06:00,0.469,0.493,0.085,25.839
2019-08-28 07:00,0.615,0.691,0.093,26.685
2019-08-28 08:00,0.712,0.837,0.099,27.282
2019-08-28 09:00,0.761,0.919,0.102,27.689
2019-08-28 10:00,0.765,0.926,0.102,27.888
2019-08-28 11:00,0.722,0.858,0.100,27.886
2019-08-28 12:00,0.632,0.720,0.094,27.670
2019-08-28 13:00,0.493,0.528,0.087,27.240
2019-08-28 14:00,0.310,0.302,0.077,26.531
2019-08-28 15:00,0.110,0.085,0.061,25.553
2019-08-28 16:00,0,0,0.014,24.308
2019-08-28 17:00,0,0,0,23.470
2019-08-28 18:00,0,0,0,23.055
2019-08-28 19:00,0,0,0,22.719
2019-08-28 20:00,0,0,0,22.434
2019-08-28 21:00,0,0,0,22.118
2019-08-28 22:00,0,0,0,21.770
2019-08-28 23:00,0,0,0,21.536
2019-08-29 00:00,0,0,0,21.387
2019-08-29 01:00,0,0,0,21.278
2019-08-29 02:00,0,0,0,21.196
2019-08-29 03:00,0,0,0.008,21.211
2019-08-29 04:00,0.081,0.055,0.058,22.619
2019-08-29 05:00,0.276,0.255,0.078,24.041
2019-08-29 06:00,0.464,0.479,0.089,25.042
2019-08-29 07:00,0.610,0.675,0.098,25.817
2019-08-29 08:00,0.707,0.820,0.104,26.414
2019-08-29 09:00,0.754,0.895,0.109,26.892
2019-08-29 10:00,0.758,0.904,0.108,27.209
2019-08-29 11:00,0.716,0.838,0.105,27.296
2019-08-29 12:00,0.625,0.702,0.100,27.124
2019-08-29 13:00,0.487,0.513,0.092,26.703
2019-08-29 14:00,0.304,0.289,0.081,26.031
2019-08-29 15:00,0.107,0.079,0.064,25.095
2019-08-29 16:00,0,0,0.013,23.923
2019-08-29 17:00,0,0,0,23.141
2019-08-29 18:00,0,0,0,22.729
2019-08-29 19:00,0,0,0,22.384
2019-08-29 20:00,0,0,0,22.098
2019-08-29 21:00,0,0,0,21.852
2019-08-29 22:00,0,0,0,21.570
2019-08-29 23:00,0,0,0,21.322
2019-08-30 00:00,0,0,0,21.129
2019-08-30 01:00,0,0,0,20.983
2019-08-30 02:00,0,0,0,20.881
2019-08-30 03:00,0,0,0.007,20.857
2019-08-30 04:00,0.080,0.051,0.060,22.454
2019-08-30 05:00,0.272,0.245,0.083,23.910
2019-08-30 06:00,0.456,0.461,0.096,24.950
2019-08-30 07:00,0.594,0.640,0.109,25.710
2019-08-30 08:00,0.686,0.772,0.119,26.277
2019-08-30 09:00,0.731,0.838,0.125,26.660
2019-08-30 10:00,0.732,0.840,0.127,26.850
2019-08-30 11:00,0.686,0.767,0.126,26.812
2019-08-30 12:00,0.593,0.629,0.122,26.584
2019-08-30 13:00,0.459,0.453,0.112,26.154
2019-08-30 14:00,0.287,0.254,0.095,25.475
2019-08-30 15:00,0.102,0.068,0.068,24.441
2019-08-30 16:00,0,0,0.013,23.167
2019-08-30 17:00,0,0,0,22.334
2019-08-30 18:00,0,0,0,21.941
2019-08-30 19:00,0,0,0,21.657
2019-08-30 20:00,0,0,0,21.543
2019-08-30 21:00,0,0,0,21.343
2019-08-30 22:00,0,0,0,21.059
2019-08-30 23:00,0,0,0,20.798
2019-08-31 00:00,0,0,0,20.568
2019-08-31 01:00,0,0,0,20.360
2019-08-31 02:00,0,0,0,20.216
2019-08-31 03:00,0,0,0.006,20.294
2019-08-31 04:00,0.072,0.038,0.064,21.757
2019-08-31 05:00,0.255,0.215,0.093,23.119
2019-08-31 06:00,0.444,0.437,0.103,24.157
2019-08-31 07:00,0.610,0.668,0.101,25.156
2019-08-31 08:00,0.709,0.820,0.106,26.046
2019-08-31 09:00,0.757,0.897,0.110,26.619
2019-08-31 10:00,0.759,0.901,0.110,26.873
2019-08-31 11:00,0.715,0.831,0.108,26.856
2019-08-31 12:00,0.623,0.693,0.103,26.594
2019-08-31 13:00,0.482,0.499,0.096,26.114
2019-08-31 14:00,0.297,0.274,0.087,25.450
2019-08-31 15:00,0.101,0.068,0.067,24.615
2019-08-31 16:00,0,0,0.011,23.574
2019-08-31 17:00,0,0,0,23.108
2019-08-31 18:00,0,0,0,22.807
2019-08-31 19:00,0,0,0,22.425
2019-08-31 20:00,0,0,0,22.039
2019-08-31 21:00,0,0,0,21.650
2019-08-31 22:00,0,0,0,21.286
2019-08-31 23:00,0,0,0,21.004
2019-09-01 00:00,0,0,0,20.827
2019-09-01 01:00,0,0,0,20.698
2019-09-01 02:00,0,0,0,20.628
2019-09-01 03:00,0,0,0.006,20.615
2019-09-01 04:00,0.075,0.043,0.062,22.165
2019-09-01 05:00,0.239,0.188,0.102,23.654
2019-09-01 06:00,0.435,0.419,0.110,24.747
2019-09-01 07:00,0.588,0.626,0.114,25.665
2019-09-01 08:00,0.686,0.772,0.120,26.418
2019-09-01 09:00,0.738,0.856,0.122,27.024
2019-09-01 10:00,0.739,0.859,0.123,27.384
2019-09-01 11:00,0.693,0.786,0.122,27.409
2019-09-01 12:00,0.600,0.647,0.118,27.151
2019-09-01 13:00,0.459,0.456,0.111,26.654
2019-09-01 14:00,0.278,0.239,0.100,25.894
2019-09-01 15:00,0.092,0.053,0.072,24.951
2019-09-01 16:00,0,0,0.010,23.947
2019-09-01 17:00,0,0,0,23.340
2019-09-01 18:00,0,0,0,23.001
2019-09-01 19:00,0,0,0,22.697
2019-09-01 20:00,0,0,0,22.456
2019-09-01 21:00,0,0,0,22.208
2019-09-01 22:00,0,0,0,21.917
2019-09-01 23:00,0,0,0,21.651
2019-09-02 00:00,0,0,0,21.418
2019-09-02 01:00,0,0,0,21.197
2019-09-02 02:00,0,0,0,21.006
2019-09-02 03:00,0,0,0.005,20.931
2019-09-02 04:00,0.073,0.042,0.060,22.261
2019-09-02 05:00,0.260,0.228,0.087,23.693
2019-09-02 06:00,0.452,0.455,0.097,24.816
2019-09-02 07:00,0.600,0.654,0.105,25.838
2019-09-02 08:00,0.698,0.800,0.111,26.672
2019-09-02 09:00,0.748,0.882,0.114,27.186
2019-09-02 10:00,0.750,0.885,0.115,27.447
2019-09-02 11:00,0.704,0.812,0.114,27.438
2019-09-02 12:00,0.609,0.667,0.111,27.225
2019-09-02 13:00,0.467,0.473,0.104,26.749
2019-09-02 14:00,0.278,0.241,0.098,25.968
2019-09-02 15:00,0.087,0.048,0.072,24.921
2019-09-02 16:00,0,0,0.009,23.834
2019-09-02 17:00,0,0,0,23.327
2019-09-02 18:00,0,0,0,23.160
2019-09-02 19:00,0,0,0,23.018
2019-09-02 20:00,0,0,0,22.727
2019-09-02 21:00,0,0,0,22.331
2019-09-02 22:00,0,0,0,22.059
2019-09-02 23:00,0,0,0,21.850
2019-09-03 00:00,0,0,0,21.669
2019-09-03 01:00,0,0,0,21.541
2019-09-03 02:00,0,0,0,21.437
2019-09-03 03:00,0,0,0.005,21.446
2019-09-03 04:00,0.065,0.031,0.063,22.637
2019-09-03 05:00,0.225,0.165,0.109,24.032
2019-09-03 06:00,0.405,0.368,0.126,25.442
2019-09-03 07:00,0.569,0.594,0.123,26.458
2019-09-03 08:00,0.685,0.774,0.119,27.156
2019-09-03 09:00,0.744,0.874,0.117,27.619
2019-09-03 10:00,0.747,0.881,0.117,27.857
2019-09-03 11:00,0.703,0.811,0.115,27.842
2019-09-03 12:00,0.609,0.669,0.110,27.593
2019-09-03 13:00,0.468,0.477,0.103,27.112
2019-09-03 14:00,0.284,0.256,0.092,26.374
2019-09-03 15:00,0.092,0.059,0.067,25.377
2019-09-03 16:00,0,0,0.009,24.163
2019-09-03 17:00,0,0,0,23.381
2019-09-03 18:00,0,0,0,22.857
2019-09-03 19:00,0,0,0,22.411
2019-09-03 20:00,0,0,0,22.111
2019-09-03 21:00,0,0,0,21.886
2019-09-03 22:00,0,0,0,21.696
2019-09-03 23:00,0,0,0,21.518
2019-09-04 00:00,0,0,0,21.356
2019-09-04 01:00,0,0,0,21.210
2019-09-04 02:00,0,0,0,21.095
2019-09-04 03:00,0,0,0.004,21.014
2019-09-04 04:00,0.073,0.048,0.055,22.488
2019-09-04 05:00,0.267,0.245,0.078,24.140
2019-09-04 06:00,0.458,0.473,0.089,25.420
2019-09-04 07:00,0.605,0.671,0.098,26.404
2019-09-04 08:00,0.703,0.818,0.104,27.125
2019-09-04 09:00,0.754,0.901,0.107,27.607
2019-09-04 10:00,0.757,0.907,0.107,27.876
2019-09-04 11:00,0.713,0.838,0.105,27.922
2019-09-04 12:00,0.620,0.697,0.100,27.727
2019-09-04 13:00,0.479,0.503,0.092,27.277
2019-09-04 14:00,0.293,0.276,0.082,26.517
2019-09-04 15:00,0.094,0.067,0.061,25.363
2019-09-04 16:00,0,0,0.008,23.885
2019-09-04 17:00,0,0,0,22.947
2019-09-04 18:00,0,0,0,22.438
2019-09-04 19:00,0,0,0,22.071
2019-09-04 20:00,0,0,0,21.811
2019-09-04 21:00,0,0,0,21.639
2019-09-04 22:00,0,0,0,21.490
2019-09-04 23:00,0,0,0,21.394
2019-09-05 00:00,0,0,0,21.353
2019-09-05 01:00,0,0,0,21.333
2019-09-05 02:00,0,0,0,21.344
2019-09-05 03:00,0,0,0.004,21.239
2019-09-05 04:00,0.065,0.035,0.059,22.260
2019-09-05 05:00,0.242,0.198,0.095,23.573
2019-09-05 06:00,0.445,0.443,0.100,24.762
2019-09-05 07:00,0.596,0.647,0.106,25.741
2019-09-05 08:00,0.695,0.794,0.112,26.428
2019-09-05 09:00,0.748,0.880,0.114,26.857
2019-09-05 10:00,0.751,0.886,0.114,27.048
2019-09-05 11:00,0.707,0.815,0.112,26.969
2019-09-05 12:00,0.615,0.678,0.107,26.639
2019-09-05 13:00,0.473,0.484,0.099,26.027
2019-09-05 14:00,0.286,0.259,0.088,25.154
2019-09-05 15:00,0.090,0.058,0.064,24.150
2019-09-05 16:00,0,0,0.007,23.169
2019-09-05 17:00,0,0,0,22.725
2019-09-05 18:00,0,0,0,22.516
2019-09-05 19:00,0,0,0,22.239
2019-09-05 20:00,0,0,0,21.953
2019-09-05 21:00,0,0,0,21.715
2019-09-05 22:00,0,0,0,21.433
2019-09-05 23:00,0,0,0,21.204
2019-09-06 00:00,0,0,0,21.031
2019-09-06 01:00,0,0,0,20.871
2019-09-06 02:00,0,0,0,20.719
2019-09-06 03:00,0,0,0.003,20.584
2019-09-06 04:00,0.066,0.040,0.056,21.605
2019-09-06 05:00,0.256,0.224,0.085,22.877
2019-09-06 06:00,0.452,0.455,0.094,23.907
2019-09-06 07:00,0.603,0.656,0.102,24.759
2019-09-06 08:00,0.703,0.804,0.107,25.390
2019-09-06 09:00,0.757,0.891,0.109,25.792
2019-09-06 10:00,0.761,0.900,0.109,25.945
2019-09-06 11:00,0.718,0.833,0.106,25.844
2019-09-06 12:00,0.627,0.698,0.099,25.528
2019-09-06 13:00,0.486,0.507,0.090,25.015
2019-09-06 14:00,0.298,0.282,0.078,24.289
2019-09-06 15:00,0.095,0.071,0.057,23.404
2019-09-06 16:00,0,0,0.007,22.310
2019-09-06 17:00,0,0,0,21.589
2019-09-06 18:00,0,0,0,21.087
2019-09-06 19:00,0,0,0,20.617
2019-09-06 20:00,0,0,0,20.281
2019-09-06 21:00,0,0,0,20.006
2019-09-06 22:00,0,0,0,19.777
2019-09-06 23:00,0,0,0,19.619
2019-09-07 00:00,0,0,0,19.541
2019-09-07 01:00,0,0,0,19.567
2019-09-07 02:00,0,0,0,19.550
2019-09-07 03:00,0,0,0.003,19.595
2019-09-07 04:00,0.064,0.038,0.055,20.801
2019-09-07 05:00,0.269,0.245,0.078,22.102
2019-09-07 06:00,0.459,0.465,0.091,23.197
2019-09-07 07:00,0.606,0.660,0.101,24.363
2019-09-07 08:00,0.707,0.812,0.107,25.408
2019-09-07 09:00,0.750,0.879,0.113,26.080
2019-09-07 10:00,0.754,0.887,0.113,26.422
2019-09-07 11:00,0.710,0.821,0.109,26.548
2019-09-07 12:00,0.617,0.683,0.104,26.453
2019-09-07 13:00,0.472,0.485,0.097,26.036
2019-09-07 14:00,0.282,0.256,0.087,25.305
2019-09-07 15:00,0.084,0.054,0.063,24.309
2019-09-07 16:00,0,0,0.006,23.115
2019-09-07 17:00,0,0,0,22.441
2019-09-07 18:00,0,0,0,22.048
2019-09-07 19:00,0,0,0,21.701
2019-09-07 20:00,0,0,0,21.411
2019-09-07 21:00,0,0,0,21.174
2019-09-07 22:00,0,0,0,20.964
2019-09-07 23:00,0,0,0,20.788
2019-09-08 00:00,0,0,0,20.923
2019-09-08 01:00,0,0,0,21.035
2019-09-08 02:00,0,0,0,21.079
2019-09-08 03:00,0,0,0.002,21.060
2019-09-08 04:00,0.050,0.020,0.057,21.823
2019-09-08 05:00,0.213,0.149,0.110,22.870
2019-09-08 06:00,0.386,0.333,0.132,23.849
2019-09-08 07:00,0.595,0.637,0.111,24.881
2019-09-08 08:00,0.696,0.788,0.114,25.734
2019-09-08 09:00,0.740,0.856,0.120,26.376
2019-09-08 10:00,0.742,0.862,0.121,26.751
2019-09-08 11:00,0.700,0.799,0.117,26.789
2019-09-08 12:00,0.614,0.675,0.107,26.490
2019-09-08 13:00,0.474,0.488,0.097,25.829
2019-09-08 14:00,0.289,0.266,0.084,24.924
2019-09-08 15:00,0.088,0.061,0.059,23.897
2019-09-08 16:00,0,0,0.006,22.861
2019-09-08 17:00,0,0,0,22.364
2019-09-08 18:00,0,0,0,22.062
2019-09-08 19:00,0,0,0,21.763
2019-09-08 20:00,0,0,0,21.424
2019-09-08 21:00,0,0,0,21.135
2019-09-08 22:00,0,0,0,20.928
2019-09-08 23:00,0,0,0,20.696
2019-09-09 00:00,0,0,0,20.504
2019-09-09 01:00,0,0,0,20.357
2019-09-09 02:00,0,0,0,20.305
2019-09-09 03:00,0,0,0.002,20.348
2019-09-09 04:00,0.053,0.024,0.056,21.691
2019-09-09 05:00,0.197,0.125,0.116,23.224
2019-09-09 06:00,0.359,0.285,0.148,24.394
2019-09-09 07:00,0.563,0.574,0.130,25.273
2019-09-09 08:00,0.666,0.727,0.131,25.964
2019-09-09 09:00,0.723,0.819,0.131,26.445
2019-09-09 10:00,0.733,0.841,0.127,26.719
2019-09-09 11:00,0.695,0.787,0.120,26.757
2019-09-09 12:00,0.607,0.661,0.112,26.531
2019-09-09 13:00,0.464,0.468,0.103,26.015
2019-09-09 14:00,0.275,0.243,0.092,25.157
2019-09-09 15:00,0.083,0.054,0.061,24.007
2019-09-09 16:00,0,0,0.005,22.790
2019-09-09 17:00,0,0,0,22.085
2019-09-09 18:00,0,0,0,21.651
2019-09-09 19:00,0,0,0,21.229
2019-09-09 20:00,0,0,0,20.766
2019-09-09 21:00,0,0,0,20.442
2019-09-09 22:00,0,0,0,20.209
2019-09-09 23:00,0,0,0,20.048
2019-09-10 00:00,0,0,0,19.897
2019-09-10 01:00,0,0,0,19.805
2019-09-10 02:00,0,0,0,19.765
2019-09-10 03:00,0,0,0.002,19.676
2019-09-10 04:00,0.055,0.029,0.054,21.044
2019-09-10 05:00,0.213,0.155,0.104,22.632
2019-09-10 06:00,0.436,0.424,0.105,23.853
2019-09-10 07:00,0.593,0.636,0.109,24.901
2019-09-10 08:00,0.694,0.786,0.114,25.780
2019-09-10 09:00,0.743,0.864,0.118,26.427
2019-09-10 10:00,0.753,0.886,0.115,26.791
2019-09-10 11:00,0.705,0.810,0.114,26.811
2019-09-10 12:00,0.603,0.653,0.113,26.553
2019-09-10 13:00,0.448,0.440,0.111,25.980
2019-09-10 14:00,0.251,0.202,0.105,25.124
2019-09-10 15:00,0.066,0.032,0.064,24.065
2019-09-10 16:00,0,0,0.004,23.114
2019-09-10 17:00,0,0,0,22.678
2019-09-10 18:00,0,0,0,22.396
2019-09-10 19:00,0,0,0,22.155
2019-09-10 20:00,0,0,0,21.934
2019-09-10 21:00,0,0,0,21.755
2019-09-10 22:00,0,0,0,21.593
2019-09-10 23:00,0,0,0,21.404
2019-09-11 00:00,0,0,0,21.247
2019-09-11 01:00,0,0,0,21.137
2019-09-11 02:00,0,0,0,21.019
2019-09-11 03:00,0,0,0.001,20.882
2019-09-11 04:00,0.057,0.033,0.053,21.743
2019-09-11 05:00,0.248,0.212,0.089,23.152
2019-09-11 06:00,0.441,0.433,0.104,24.301
2019-09-11 07:00,0.573,0.592,0.125,25.243
2019-09-11 08:00,0.621,0.623,0.167,25.839
2019-09-11 09:00,0.573,0.485,0.235,26.064
2019-09-11 10:00,0.514,0.369,0.270,26.088
2019-09-11 11:00,0.497,0.365,0.251,26.041
2019-09-11 12:00,0.473,0.383,0.200,25.881
2019-09-11 13:00,0.415,0.369,0.138,25.490
2019-09-11 14:00,0.261,0.216,0.101,24.751
2019-09-11 15:00,0.077,0.047,0.061,23.794
2019-09-11 16:00,0,0,0.004,22.771
2019-09-11 17:00,0,0,0,22.203
2019-09-11 18:00,0,0,0,21.859
2019-09-11 19:00,0,0,0,21.488
2019-09-11 20:00,0,0,0,21.033
2019-09-11 21:00,0,0,0,20.625
2019-09-11 22:00,0,0,0,20.212
2019-09-11 23:00,0,0,0,19.911
2019-09-12 00:00,0,0,0,19.715
2019-09-12 01:00,0,0,0,19.584
2019-09-12 02:00,0,0,0,19.511
2019-09-12 03:00,0,0,0.001,19.463
2019-09-12 04:00,0.041,0.013,0.053,20.602
2019-09-12 05:00,0.175,0.087,0.129,22.061
2019-09-12 06:00,0.315,0.192,0.185,23.145
2019-09-12 07:00,0.418,0.276,0.231,24.104
2019-09-12 08:00,0.508,0.374,0.253,24.838
2019-09-12 09:00,0.595,0.506,0.243,25.487
2019-09-12 10:00,0.598,0.511,0.244,25.836
2019-09-12 11:00,0.508,0.363,0.266,25.788
2019-09-12 12:00,0.342,0.153,0.262,25.394
2019-09-12 13:00,0.234,0.079,0.207,24.876
2019-09-12 14:00,0.143,0.043,0.139,24.374
2019-09-12 15:00,0.050,0.014,0.064,23.784
2019-09-12 16:00,0,0,0.003,22.968
2019-09-12 17:00,0,0,0,22.450
2019-09-12 18:00,0,0,0,22.114
2019-09-12 19:00,0,0,0,21.806
2019-09-12 20:00,0,0,0,21.533
2019-09-12 21:00,0,0,0,21.282
2019-09-12 22:00,0,0,0,21.088
2019-09-12 23:00,0,0,0,20.926
2019-09-13 00:00,0,0,0,20.794
2019-09-13 01:00,0,0,0,20.715
2019-09-13 02:00,0,0,0,20.794
2019-09-13 03:00,0,0,0.001,20.982
2019-09-13 04:00,0.028,0.007,0.045,21.563
2019-09-13 05:00,0.141,0.056,0.123,22.475
2019-09-13 06:00,0.318,0.212,0.171,23.568
2019-09-13 07:00,0.508,0.460,0.166,24.710
2019-09-13 08:00,0.642,0.667,0.152,25.622
2019-09-13 09:00,0.717,0.799,0.140,26.285
2019-09-13 10:00,0.731,0.829,0.134,26.568
2019-09-13 11:00,0.686,0.759,0.131,26.378
2019-09-13 12:00,0.585,0.609,0.129,25.896
2019-09-13 13:00,0.433,0.404,0.124,25.240
2019-09-13 14:00,0.238,0.178,0.112,24.466
2019-09-13 15:00,0.060,0.027,0.062,23.607
2019-09-13 16:00,0,0,0.003,22.799
2019-09-13 17:00,0,0,0,22.352
2019-09-13 18:00,0,0,0,22.025
2019-09-13 19:00,0,0,0,21.702
2019-09-13 20:00,0,0,0,21.338
2019-09-13 21:00,0,0,0,21.029
2019-09-13 22:00,0,0,0,20.824
2019-09-13 23:00,0,0,0,20.648
2019-09-14 00:00,0,0,0,20.509
2019-09-14 01:00,0,0,0,20.408
2019-09-14 02:00,0,0,0,20.344
2019-09-14 03:00,0,0,0.001,20.230
2019-09-14 04:00,0.055,0.037,0.045,21.196
2019-09-14 05:00,0.253,0.229,0.075,22.971
2019-09-14 06:00,0.453,0.465,0.086,24.129
2019-09-14 07:00,0.607,0.671,0.095,24.825
2019-09-14 08:00,0.711,0.824,0.100,25.348
2019-09-14 09:00,0.766,0.915,0.102,25.753
2019-09-14 10:00,0.769,0.921,0.102,26.009
2019-09-14 11:00,0.723,0.848,0.099,26.062
2019-09-14 12:00,0.627,0.704,0.095,25.902
2019-09-14 13:00,0.479,0.502,0.087,25.491
2019-09-14 14:00,0.284,0.267,0.076,24.847
2019-09-14 15:00,0.076,0.056,0.052,23.892
2019-09-14 16:00,0,0,0.002,22.579
2019-09-14 17:00,0,0,0,21.818
2019-09-14 18:00,0,0,0,21.247
2019-09-14 19:00,0,0,0,20.773
2019-09-14 20:00,0,0,0,20.346
2019-09-14 21:00,0,0,0,20.072
2019-09-14 22:00,0,0,0,19.914
2019-09-14 23:00,0,0,0,19.807
2019-09-15 00:00,0,0,0,19.801
2019-09-15 01:00,0,0,0,19.849
2019-09-15 02:00,0,0,0,19.910
2019-09-15 03:00,0,0,0,19.990
2019-09-15 04:00,0.046,0.026,0.047,21.009
2019-09-15 05:00,0.227,0.184,0.091,22.590
2019-09-15 06:00,0.418,0.397,0.108,23.604
2019-09-15 07:00,0.573,0.596,0.118,24.239
2019-09-15 08:00,0.674,0.739,0.125,24.678
2019-09-15 09:00,0.728,0.820,0.128,24.906
2019-09-15 10:00,0.732,0.828,0.128,24.937
2019-09-15 11:00,0.688,0.759,0.125,24.761
2019-09-15 12:00,0.594,0.625,0.118,24.371
2019-09-15 13:00,0.454,0.446,0.106,23.844
2019-09-15 14:00,0.262,0.224,0.092,23.091
2019-09-15 15:00,0.063,0.036,0.056,22.124
2019-09-15 16:00,0,0,0.002,21.139
2019-09-15 17:00,0,0,0,20.653
2019-09-15 18:00,0,0,0,20.281
2019-09-15 19:00,0,0,0,19.845
2019-09-15 20:00,0,0,0,19.441
2019-09-15 21:00,0,0,0,19.066
2019-09-15 22:00,0,0,0,18.725
2019-09-15 23:00,0,0,0,18.400
2019-09-16 00:00,0,0,0,18.234
2019-09-16 01:00,0,0,0,18.095
2019-09-16 02:00,0,0,0,17.962
2019-09-16 03:00,0,0,0,17.813
2019-09-16 04:00,0.053,0.036,0.044,18.847
2019-09-16 05:00,0.228,0.183,0.090,20.441
2019-09-16 06:00,0.393,0.345,0.123,21.386
2019-09-16 07:00,0.548,0.536,0.134,22.298
2019-09-16 08:00,0.661,0.699,0.136,23.148
2019-09-16 09:00,0.720,0.796,0.134,23.923
2019-09-16 10:00,0.728,0.815,0.131,24.505
2019-09-16 11:00,0.687,0.759,0.125,24.838
2019-09-16 12:00,0.596,0.634,0.115,24.881
2019-09-16 13:00,0.459,0.460,0.101,24.656
2019-09-16 14:00,0.267,0.236,0.087,24.145
2019-09-16 15:00,0.063,0.039,0.054,23.195
2019-09-16 16:00,0,0,0.002,21.390
2019-09-16 17:00,0,0,0,20.501
2019-09-16 18:00,0,0,0,19.934
2019-09-16 19:00,0,0,0,19.456
2019-09-16 20:00,0,0,0,18.992
2019-09-16 21:00,0,0,0,18.633
2019-09-16 22:00,0,0,0,18.477
2019-09-16 23:00,0,0,0,18.524
2019-09-17 00:00,0,0,0,18.647
2019-09-17 01:00,0,0,0,18.623
2019-09-17 02:00,0,0,0,18.596
2019-09-17 03:00,0,0,0,18.484
2019-09-17 04:00,0.046,0.030,0.042,18.958
2019-09-17 05:00,0.242,0.211,0.079,20.807
2019-09-17 06:00,0.445,0.446,0.090,22.589
2019-09-17 07:00,0.600,0.656,0.097,24.622
2019-09-17 08:00,0.702,0.810,0.103,25.973
2019-09-17 09:00,0.755,0.898,0.105,26.639
2019-09-17 10:00,0.757,0.904,0.105,27.045
2019-09-17 11:00,0.711,0.833,0.103,27.240
2019-09-17 12:00,0.615,0.690,0.097,27.183
2019-09-17 13:00,0.469,0.491,0.089,26.878
2019-09-17 14:00,0.274,0.258,0.077,26.249
2019-09-17 15:00,0.069,0.051,0.049,24.919
2019-09-17 16:00,0,0,0.001,23.108
2019-09-17 17:00,0,0,0,22.331
2019-09-17 18:00,0,0,0,21.730
2019-09-17 19:00,0,0,0,21.273
2019-09-17 20:00,0,0,0,20.949
2019-09-17 21:00,0,0,0,20.706
2019-09-17 22:00,0,0,0,20.503
2019-09-17 23:00,0,0,0,20.309
2019-09-18 00:00,0,0,0,20.088
2019-09-18 01:00,0,0,0,19.849
2019-09-18 02:00,0,0,0,19.603
2019-09-18 03:00,0,0,0,19.241
2019-09-18 04:00,0.051,0.039,0.039,20.022
2019-09-18 05:00,0.256,0.240,0.068,22.199
2019-09-18 06:00,0.458,0.477,0.080,24.182
2019-09-18 07:00,0.609,0.684,0.089,25.982
2019-09-18 08:00,0.709,0.835,0.095,27.165
2019-09-18 09:00,0.758,0.919,0.099,27.979
2019-09-18 10:00,0.759,0.923,0.100,28.517
2019-09-18 11:00,0.713,0.850,0.097,28.837
2019-09-18 12:00,0.617,0.706,0.092,28.937
2019-09-18 13:00,0.469,0.501,0.085,28.804
2019-09-18 14:00,0.272,0.262,0.075,28.347
2019-09-18 15:00,0.066,0.050,0.048,26.819
2019-09-18 16:00,0,0,0.001,24.844
2019-09-18 17:00,0,0,0,24.243
2019-09-18 18:00,0,0,0,23.610
2019-09-18 19:00,0,0,0,22.911
2019-09-18 20:00,0,0,0,22.024
2019-09-18 21:00,0,0,0,21.182
2019-09-18 22:00,0,0,0,21.010
2019-09-18 23:00,0,0,0,21.097
2019-09-19 00:00,0,0,0,21.179
2019-09-19 01:00,0,0,0,21.192
2019-09-19 02:00,0,0,0,21.109
2019-09-19 03:00,0,0,0,20.767
2019-09-19 04:00,0.035,0.019,0.041,20.942
2019-09-19 05:00,0.213,0.167,0.092,21.881
2019-09-19 06:00,0.412,0.387,0.109,22.867
2019-09-19 07:00,0.567,0.585,0.119,23.826
2019-09-19 08:00,0.675,0.741,0.123,24.544
2019-09-19 09:00,0.729,0.824,0.126,24.941
2019-09-19 10:00,0.729,0.825,0.128,25.094
2019-09-19 11:00,0.685,0.758,0.124,24.947
2019-09-19 12:00,0.592,0.625,0.117,24.484
2019-09-19 13:00,0.445,0.433,0.107,23.698
2019-09-19 14:00,0.251,0.210,0.092,22.613
2019-09-19 15:00,0.056,0.033,0.051,21.492
2019-09-19 16:00,0,0,0.001,20.612
2019-09-19 17:00,0,0,0,20.313
2019-09-19 18:00,0,0,0,20.197
2019-09-19 19:00,0,0,0,19.959
2019-09-19 20:00,0,0,0,19.680
2019-09-19 21:00,0,0,0,19.412
2019-09-19 22:00,0,0,0,19.192
2019-09-19 23:00,0,0,0,19.049
2019-09-20 00:00,0,0,0,18.971
2019-09-20 01:00,0,0,0,18.941
2019-09-20 02:00,0,0,0,18.805
2019-09-20 03:00,0,0,0,18.617
2019-09-20 04:00,0.029,0.009,0.043,19.273
2019-09-20 05:00,0.139,0.047,0.127,20.561
2019-09-20 06:00,0.193,0.046,0.189,20.991
2019-09-20 07:00,0.215,0.035,0.225,20.993
2019-09-20 08:00,0.210,0.024,0.230,20.512
2019-09-20 09:00,0.181,0.014,0.207,19.849
2019-09-20 10:00,0.143,0.008,0.170,19.385
2019-09-20 11:00,0.136,0.008,0.163,19.126
2019-09-20 12:00,0.150,0.012,0.173,19.096
2019-09-20 13:00,0.161,0.023,0.175,18.980
2019-09-20 14:00,0.122,0.026,0.130,18.772
2019-09-20 15:00,0.028,0.005,0.046,18.285
2019-09-20 16:00,0,0,0,17.510
2019-09-20 17:00,0,0,0,17.190
2019-09-20 18:00,0,0,0,17.102
2019-09-20 19:00,0,0,0,16.967
2019-09-20 20:00,0,0,0,16.828
2019-09-20 21:00,0,0,0,16.521
2019-09-20 22:00,0,0,0,16.314
2019-09-20 23:00,0,0,0,16.138
2019-09-21 00:00,0,0,0,15.902
2019-09-21 01:00,0,0,0,15.720
2019-09-21 02:00,0,0,0,15.540
2019-09-21 03:00,0,0,0,15.412
2019-09-21 04:00,0.043,0.032,0.036,16.028
2019-09-21 05:00,0.249,0.222,0.071,17.744
2019-09-21 06:00,0.453,0.449,0.087,18.656
2019-09-21 07:00,0.604,0.636,0.101,19.333
2019-09-21 08:00,0.705,0.774,0.111,19.863
2019-09-21 09:00,0.752,0.842,0.117,20.201
2019-09-21 10:00,0.758,0.853,0.117,20.368
2019-09-21 11:00,0.716,0.792,0.112,20.294
2019-09-21 12:00,0.614,0.647,0.107,19.926
2019-09-21 13:00,0.469,0.464,0.094,19.310
2019-09-21 14:00,0.274,0.245,0.078,18.548
2019-09-21 15:00,0.064,0.047,0.044,17.598
2019-09-21 16:00,0,0,0,16.512
2019-09-21 17:00,0,0,0,16.035
2019-09-21 18:00,0,0,0,15.676
2019-09-21 19:00,0,0,0,15.381
2019-09-21 20:00,0,0,0,15.130
2019-09-21 21:00,0,0,0,14.885
2019-09-21 22:00,0,0,0,14.628
2019-09-21 23:00,0,0,0,14.360
2019-09-22 00:00,0,0,0,14.077
2019-09-22 01:00,0,0,0,13.845
2019-09-22 02:00,0,0,0,13.681
2019-09-22 03:00,0,0,0,13.548
2019-09-22 04:00,0.044,0.035,0.033,14.321
2019-09-22 05:00,0.258,0.236,0.065,16.286
2019-09-22 06:00,0.471,0.477,0.077,17.368
2019-09-22 07:00,0.633,0.686,0.086,18.324
2019-09-22 08:00,0.738,0.839,0.093,19.235
2019-09-22 09:00,0.791,0.923,0.096,19.966
2019-09-22 10:00,0.792,0.928,0.097,20.516
2019-09-22 11:00,0.744,0.855,0.094,20.830
2019-09-22 12:00,0.643,0.709,0.089,20.806
2019-09-22 13:00,0.489,0.506,0.081,20.427
2019-09-22 14:00,0.284,0.266,0.069,19.700
2019-09-22 15:00,0.065,0.051,0.041,18.508
2019-09-22 16:00,0,0,0,16.970
2019-09-22 17:00,0,0,0,16.294
2019-09-22 18:00,0,0,0,15.766
2019-09-22 19:00,0,0,0,15.369
2019-09-22 20:00,0,0,0,15.088
2019-09-22 21:00,0,0,0,14.908
2019-09-22 22:00,0,0,0,14.833
2019-09-22 23:00,0,0,0,14.804
2019-09-23 00:00,0,0,0,14.779
2019-09-23 01:00,0,0,0,14.783
2019-09-23 02:00,0,0,0,14.827
2019-09-23 03:00,0,0,0,14.868
2019-09-23 04:00,0.041,0.032,0.033,15.158
2019-09-23 05:00,0.250,0.222,0.071,16.555
2019-09-23 06:00,0.459,0.453,0.087,17.747
2019-09-23 07:00,0.574,0.573,0.121,18.771
2019-09-23 08:00,0.577,0.516,0.185,19.756
2019-09-23 09:00,0.562,0.459,0.225,20.584
2019-09-23 10:00,0.645,0.619,0.185,21.387
2019-09-23 11:00,0.666,0.698,0.140,22.040
2019-09-23 12:00,0.602,0.633,0.114,22.436
2019-09-23 13:00,0.435,0.415,0.109,22.480
2019-09-23 14:00,0.240,0.198,0.091,22.140
2019-09-23 15:00,0.053,0.037,0.044,21.171
2019-09-23 16:00,0,0,0,19.903
2019-09-23 17:00,0,0,0,19.165
2019-09-23 18:00,0,0,0,18.504
2019-09-23 19:00,0,0,0,17.872
2019-09-23 20:00,0,0,0,17.354
2019-09-23 21:00,0,0,0,17.024
2019-09-23 22:00,0,0,0,16.919
2019-09-23 23:00,0,0,0,17.081
2019-09-24 00:00,0,0,0,17.459
2019-09-24 01:00,0,0,0,17.870
2019-09-24 02:00,0,0,0,18.024
2019-09-24 03:00,0,0,0,17.849
2019-09-24 04:00,0,0,0.012,17.640
2019-09-24 05:00,0.030,0.002,0.051,18.133
2019-09-24 06:00,0.108,0.011,0.129,18.988
2019-09-24 07:00,0.261,0.069,0.241,20.114
2019-09-24 08:00,0.477,0.293,0.283,21.628
2019-09-24 09:00,0.570,0.435,0.269,23.003
2019-09-24 10:00,0.591,0.469,0.269,23.926
2019-09-24 11:00,0.370,0.144,0.303,24.214
2019-09-24 12:00,0.184,0.025,0.202,23.391
2019-09-24 13:00,0.113,0.011,0.136,22.473
2019-09-24 14:00,0.051,0.004,0.074,21.782
2019-09-24 15:00,0,0,0.016,20.749
2019-09-24 16:00,0,0,0,19.877
2019-09-24 17:00,0,0,0,19.378
2019-09-24 18:00,0,0,0,18.997
2019-09-24 19:00,0,0,0,18.794
2019-09-24 20:00,0,0,0,18.658
2019-09-24 21:00,0,0,0,18.489
2019-09-24 22:00,0,0,0,18.334
2019-09-24 23:00,0,0,0,18.168
2019-09-25 00:00,0,0,0,17.991
2019-09-25 01:00,0,0,0,17.804
2019-09-25 02:00,0,0,0,17.698
2019-09-25 03:00,0,0,0,17.643
2019-09-25 04:00,0.002,0.001,0.017,17.812
2019-09-25 05:00,0.087,0.023,0.094,18.514
2019-09-25 06:00,0.311,0.206,0.160,19.723
2019-09-25 07:00,0.500,0.440,0.163,20.999
2019-09-25 08:00,0.613,0.595,0.166,22.156
2019-09-25 09:00,0.692,0.725,0.157,22.929
2019-09-25 10:00,0.684,0.709,0.162,23.384
2019-09-25 11:00,0.633,0.636,0.161,23.606
2019-09-25 12:00,0.511,0.463,0.163,23.496
2019-09-25 13:00,0.395,0.339,0.136,23.166
2019-09-25 14:00,0.178,0.107,0.113,22.434
2019-09-25 15:00,0.028,0.014,0.038,21.331
2019-09-25 16:00,0,0,0,20.075
2019-09-25 17:00,0,0,0,19.469
2019-09-25 18:00,0,0,0,19.094
2019-09-25 19:00,0,0,0,18.818
2019-09-25 20:00,0,0,0,18.631
2019-09-25 21:00,0,0,0,18.552
2019-09-25 22:00,0,0,0,18.557
2019-09-25 23:00,0,0,0,18.534
2019-09-26 00:00,0,0,0,18.445
2019-09-26 01:00,0,0,0,18.281
2019-09-26 02:00,0,0,0,18.135
2019-09-26 03:00,0,0,0,17.992
2019-09-26 04:00,0.019,0.014,0.027,18.113
2019-09-26 05:00,0.174,0.119,0.093,19.304
2019-09-26 06:00,0.389,0.350,0.111,20.420
2019-09-26 07:00,0.569,0.586,0.112,21.714
2019-09-26 08:00,0.681,0.749,0.115,22.895
2019-09-26 09:00,0.737,0.841,0.116,23.753
2019-09-26 10:00,0.739,0.845,0.117,24.255
2019-09-26 11:00,0.689,0.770,0.115,24.521
2019-09-26 12:00,0.580,0.612,0.114,24.593
2019-09-26 13:00,0.424,0.410,0.106,24.471
2019-09-26 14:00,0.229,0.191,0.088,24.148
2019-09-26 15:00,0.039,0.029,0.036,23.407
2019-09-26 16:00,0,0,0,22.409
2019-09-26 17:00,0,0,0,21.545
2019-09-26 18:00,0,0,0,20.932
2019-09-26 19:00,0,0,0,20.506
2019-09-26 20:00,0,0,0,20.088
2019-09-26 21:00,0,0,0,19.746
2019-09-26 22:00,0,0,0,19.534
2019-09-26 23:00,0,0,0,19.359
2019-09-27 00:00,0,0,0,19.219
2019-09-27 01:00,0,0,0,19.009
2019-09-27 02:00,0,0,0,18.838
2019-09-27 03:00,0,0,0,18.736
2019-09-27 04:00,0.009,0.005,0.022,18.768
2019-09-27 05:00,0.125,0.058,0.101,19.586
2019-09-27 06:00,0.296,0.197,0.154,20.504
2019-09-27 07:00,0.445,0.355,0.178,21.510
2019-09-27 08:00,0.596,0.571,0.167,22.521
2019-09-27 09:00,0.685,0.723,0.151,23.400
2019-09-27 10:00,0.708,0.774,0.138,24.051
2019-09-27 11:00,0.683,0.753,0.123,24.501
2019-09-27 12:00,0.599,0.644,0.108,24.691
2019-09-27 13:00,0.441,0.436,0.100,24.574
2019-09-27 14:00,0.241,0.208,0.085,24.205
2019-09-27 15:00,0.035,0.025,0.035,23.140
2019-09-27 16:00,0,0,0,22.193
2019-09-27 17:00,0,0,0,21.881
2019-09-27 18:00,0,0,0,21.117
2019-09-27 19:00,0,0,0,20.170
2019-09-27 20:00,0,0,0,19.222
2019-09-27 21:00,0,0,0,18.569
2019-09-27 22:00,0,0,0,18.110
2019-09-27 23:00,0,0,0,17.738
2019-09-28 00:00,0,0,0,17.515
2019-09-28 01:00,0,0,0,17.407
2019-09-28 02:00,0,0,0,17.341
2019-09-28 03:00,0,0,0,17.233
2019-09-28 04:00,0.027,0.026,0.024,17.502
2019-09-28 05:00,0.222,0.196,0.069,19.167
2019-09-28 06:00,0.434,0.433,0.083,20.114
2019-09-28 07:00,0.599,0.645,0.091,21.091
2019-09-28 08:00,0.705,0.800,0.097,22.071
2019-09-28 09:00,0.760,0.889,0.100,22.967
2019-09-28 10:00,0.762,0.895,0.100,23.584
2019-09-28 11:00,0.714,0.823,0.097,23.840
2019-09-28 12:00,0.615,0.680,0.092,23.839
2019-09-28 13:00,0.463,0.480,0.082,23.542
2019-09-28 14:00,0.261,0.245,0.069,22.918
2019-09-28 15:00,0.046,0.043,0.030,21.724
2019-09-28 16:00,0,0,0,20.128
2019-09-28 17:00,0,0,0,19.360
2019-09-28 18:00,0,0,0,18.713
2019-09-28 19:00,0,0,0,18.178
2019-09-28 20:00,0,0,0,17.684
2019-09-28 21:00,0,0,0,17.249
2019-09-28 22:00,0,0,0,16.898
2019-09-28 23:00,0,0,0,16.685
2019-09-29 00:00,0,0,0,16.531
2019-09-29 01:00,0,0,0,16.461
2019-09-29 02:00,0,0,0,16.443
2019-09-29 03:00,0,0,0,16.337
2019-09-29 04:00,0.030,0.033,0.021,16.515
2019-09-29 05:00,0.237,0.221,0.059,18.325
2019-09-29 06:00,0.448,0.461,0.072,20.111
2019-09-29 07:00,0.605,0.668,0.082,22.050
2019-09-29 08:00,0.706,0.819,0.089,23.674
2019-09-29 09:00,0.757,0.900,0.093,24.567
2019-09-29 10:00,0.757,0.904,0.094,25.250
2019-09-29 11:00,0.708,0.830,0.092,25.675
2019-09-29 12:00,0.608,0.684,0.087,25.876
2019-09-29 13:00,0.456,0.482,0.079,25.768
2019-09-29 14:00,0.255,0.244,0.066,25.250
2019-09-29 15:00,0.042,0.040,0.028,23.697
2019-09-29 16:00,0,0,0,21.897
2019-09-29 17:00,0,0,0,21.115
2019-09-29 18:00,0,0,0,20.512
2019-09-29 19:00,0,0,0,19.930
2019-09-29 20:00,0,0,0,19.451
2019-09-29 21:00,0,0,0,19.173
2019-09-29 22:00,0,0,0,19.109
2019-09-29 23:00,0,0,0,19.136
2019-09-30 00:00,0,0,0,19.092
2019-09-30 01:00,0,0,0,18.847
2019-09-30 02:00,0,0,0,18.544
2019-09-30 03:00,0,0,0,18.176
2019-09-30 04:00,0.027,0.030,0.020,18.123
2019-09-30 05:00,0.228,0.213,0.060,19.584
2019-09-30 06:00,0.440,0.455,0.073,21.671
2019-09-30 07:00,0.597,0.665,0.082,24.007
2019-09-30 08:00,0.700,0.820,0.088,25.409
2019-09-30 09:00,0.751,0.905,0.091,26.476
2019-09-30 10:00,0.753,0.912,0.092,27.151
2019-09-30 11:00,0.706,0.840,0.089,27.511
2019-09-30 12:00,0.609,0.696,0.083,27.529
2019-09-30 13:00,0.458,0.492,0.075,27.201
2019-09-30 14:00,0.257,0.252,0.063,26.402
2019-09-30 15:00,0.041,0.041,0.027,24.706
2019-09-30 16:00,0,0,0,23.147
2019-09-30 17:00,0,0,0,22.058
2019-09-30 18:00,0,0,0,21.249
2019-09-30 19:00,0,0,0,20.699
2019-09-30 20:00,0,0,0,20.337
2019-09-30 21:00,0,0,0,20.115
2019-09-30 22:00,0,0,0,19.974
2019-09-30 23:00,0,0,0,19.817
2019-10-01 00:00,0,0,0,19.607
2019-10-01 01:00,0,0,0,19.359
2019-10-01 02:00,0,0,0,19.088
2019-10-01 03:00,0,0,0,18.769
2019-10-01 04:00,0.022,0.025,0.020,18.730
2019-10-01 05:00,0.214,0.193,0.065,20.241
2019-10-01 06:00,0.425,0.429,0.080,21.921
2019-10-01 07:00,0.581,0.636,0.090,24.543
2019-10-01 08:00,0.681,0.787,0.097,26.624
2019-10-01 09:00,0.731,0.868,0.101,27.444
2019-10-01 10:00,0.732,0.870,0.102,27.596
2019-10-01 11:00,0.684,0.793,0.101,27.393
2019-10-01 12:00,0.583,0.642,0.097,26.922
2019-10-01 13:00,0.430,0.437,0.090,26.172
2019-10-01 14:00,0.229,0.204,0.076,25.038
2019-10-01 15:00,0.030,0.027,0.028,23.353
2019-10-01 16:00,0,0,0,21.688
2019-10-01 17:00,0,0,0,20.786
2019-10-01 18:00,0,0,0,20.327
2019-10-01 19:00,0,0,0,20.048
2019-10-01 20:00,0,0,0,19.819
2019-10-01 21:00,0,0,0,19.576
2019-10-01 22:00,0,0,0,19.362
2019-10-01 23:00,0,0,0,19.137
2019-10-02 00:00,0,0,0,18.907
2019-10-02 01:00,0,0,0,18.682
2019-10-02 02:00,0,0,0,18.454
2019-10-02 03:00,0,0,0,18.192
2019-10-02 04:00,0.020,0.023,0.019,18.298
2019-10-02 05:00,0.213,0.193,0.063,19.989
2019-10-02 06:00,0.427,0.434,0.078,21.612
2019-10-02 07:00,0.588,0.644,0.087,23.205
2019-10-02 08:00,0.692,0.797,0.094,24.701
2019-10-02 09:00,0.741,0.877,0.098,25.832
2019-10-02 10:00,0.739,0.878,0.100,26.603
2019-10-02 11:00,0.689,0.801,0.098,27.030
2019-10-02 12:00,0.586,0.649,0.095,27.001
2019-10-02 13:00,0.430,0.439,0.089,26.444
2019-10-02 14:00,0.225,0.201,0.075,25.344
2019-10-02 15:00,0.026,0.024,0.026,23.509
2019-10-02 16:00,0,0,0,21.868
2019-10-02 17:00,0,0,0,20.894
2019-10-02 18:00,0,0,0,20.212
2019-10-02 19:00,0,0,0,19.721
2019-10-02 20:00,0,0,0,19.462
2019-10-02 21:00,0,0,0,19.478
2019-10-02 22:00,0,0,0,19.550
2019-10-02 23:00,0,0,0,19.403
2019-10-03 00:00,0,0,0,19.194
2019-10-03 01:00,0,0,0,19.093
2019-10-03 02:00,0,0,0,19.026
2019-10-03 03:00,0,0,0,18.974
2019-10-03 04:00,0.016,0.019,0.018,19.296
2019-10-03 05:00,0.200,0.176,0.068,21.373
2019-10-03 06:00,0.405,0.401,0.087,22.911
2019-10-03 07:00,0.557,0.589,0.101,24.153
2019-10-03 08:00,0.665,0.744,0.107,25.137
2019-10-03 09:00,0.725,0.842,0.108,26.010
2019-10-03 10:00,0.730,0.857,0.106,26.703
2019-10-03 11:00,0.681,0.784,0.104,27.256
2019-10-03 12:00,0.559,0.597,0.110,27.579
2019-10-03 13:00,0.361,0.324,0.119,27.535
2019-10-03 14:00,0.164,0.115,0.093,26.967
2019-10-03 15:00,0.016,0.013,0.025,25.197
2019-10-03 16:00,0,0,0,23.959
2019-10-03 17:00,0,0,0,23.406
2019-10-03 18:00,0,0,0,22.818
2019-10-03 19:00,0,0,0,22.281
2019-10-03 20:00,0,0,0,21.897
2019-10-03 21:00,0,0,0,21.442
2019-10-03 22:00,0,0,0,20.950
2019-10-03 23:00,0,0,0,20.532
2019-10-04 00:00,0,0,0,20.207
2019-10-04 01:00,0,0,0,19.968
2019-10-04 02:00,0,0,0,19.843
2019-10-04 03:00,0,0,0,19.774
2019-10-04 04:00,0.009,0.010,0.018,19.980
2019-10-04 05:00,0.159,0.110,0.087,21.708
2019-10-04 06:00,0.354,0.301,0.124,23.129
2019-10-04 07:00,0.490,0.450,0.152,24.813
2019-10-04 08:00,0.549,0.495,0.191,25.871
2019-10-04 09:00,0.521,0.409,0.241,26.585
2019-10-04 10:00,0.443,0.274,0.273,27.127
2019-10-04 11:00,0.363,0.180,0.265,27.571
2019-10-04 12:00,0.282,0.119,0.229,27.968
2019-10-04 13:00,0.162,0.046,0.161,28.053
2019-10-04 14:00,0.057,0.010,0.076,27.053
2019-10-04 15:00,0,0.001,0.013,25.419
2019-10-04 16:00,0,0,0,24.169
2019-10-04 17:00,0,0,0,23.268
2019-10-04 18:00,0,0,0,22.546
2019-10-04 19:00,0,0,0,21.891
2019-10-04 20:00,0,0,0,21.435
2019-10-04 21:00,0,0,0,21.304
2019-10-04 22:00,0,0,0,21.186
2019-10-04 23:00,0,0,0,20.905
2019-10-05 00:00,0,0,0,20.553
2019-10-05 01:00,0,0,0,20.007
2019-10-05 02:00,0,0,0,19.540
2019-10-05 03:00,0,0,0,19.181
2019-10-05 04:00,0,0.001,0.010,18.940
2019-10-05 05:00,0.096,0.036,0.091,19.328
2019-10-05 06:00,0.327,0.242,0.144,19.815
2019-10-05 07:00,0.483,0.406,0.172,20.419
2019-10-05 08:00,0.442,0.277,0.250,20.466
2019-10-05 09:00,0.384,0.167,0.287,20.008
2019-10-05 10:00,0.381,0.158,0.291,19.411
2019-10-05 11:00,0.374,0.165,0.275,18.939
2019-10-05 12:00,0.277,0.093,0.233,18.496
2019-10-05 13:00,0.106,0.014,0.123,17.918
2019-10-05 14:00,0.037,0.004,0.057,17.401
2019-10-05 15:00,0.003,0.002,0.018,16.964
2019-10-05 16:00,0,0,0,16.497
2019-10-05 17:00,0,0,0,16.305
2019-10-05 18:00,0,0,0,16.032
2019-10-05 19:00,0,0,0,15.889
2019-10-05 20:00,0,0,0,15.979
2019-10-05 21:00,0,0,0,16.117
2019-10-05 22:00,0,0,0,16.171
2019-10-05 23:00,0,0,0,16.154
2019-10-06 00:00,0,0,0,16.129
2019-10-06 01:00,0,0,0,15.961
2019-10-06 02:00,0,0,0,15.735
2019-10-06 03:00,0,0,0,15.289
2019-10-06 04:00,0,0.001,0.010,14.781
2019-10-06 05:00,0.051,0.010,0.066,14.602
2019-10-06 06:00,0.098,0.014,0.112,14.739
2019-10-06 07:00,0.137,0.019,0.149,15.216
2019-10-06 08:00,0.309,0.108,0.251,16.135
2019-10-06 09:00,0.553,0.427,0.234,17.354
2019-10-06 10:00,0.693,0.701,0.160,18.535
2019-10-06 11:00,0.672,0.696,0.137,19.308
2019-10-06 12:00,0.567,0.560,0.127,19.660
2019-10-06 13:00,0.428,0.401,0.106,19.730
2019-10-06 14:00,0.224,0.185,0.082,19.367
2019-10-06 15:00,0.018,0.016,0.023,18.200
2019-10-06 16:00,0,0,0,17.270
2019-10-06 17:00,0,0,0,16.783
2019-10-06 18:00,0,0,0,16.441
2019-10-06 19:00,0,0,0,16.229
2019-10-06 20:00,0,0,0,16.085
2019-10-06 21:00,0,0,0,15.973
2019-10-06 22:00,0,0,0,15.780
2019-10-06 23:00,0,0,0,15.512
2019-10-07 00:00,0,0,0,15.182
2019-10-07 01:00,0,0,0,14.833
2019-10-07 02:00,0,0,0,14.519
2019-10-07 03:00,0,0,0,14.233
2019-10-07 04:00,0.005,0.008,0.015,14.258
2019-10-07 05:00,0.131,0.077,0.086,16.005
2019-10-07 06:00,0.285,0.190,0.143,17.011
2019-10-07 07:00,0.427,0.323,0.179,17.908
2019-10-07 08:00,0.528,0.432,0.200,18.729
2019-10-07 09:00,0.581,0.495,0.210,19.442
2019-10-07 10:00,0.579,0.492,0.213,19.974
2019-10-07 11:00,0.522,0.419,0.210,20.272
2019-10-07 12:00,0.418,0.299,0.196,20.229
2019-10-07 13:00,0.246,0.127,0.165,19.687
2019-10-07 14:00,0.081,0.024,0.087,18.761
2019-10-07 15:00,0,0.001,0.011,17.835
2019-10-07 16:00,0,0,0,17.444
2019-10-07 17:00,0,0,0,17.315
2019-10-07 18:00,0,0,0,17.223
2019-10-07 19:00,0,0,0,17.160
2019-10-07 20:00,0,0,0,17.013
2019-10-07 21:00,0,0,0,16.870
2019-10-07 22:00,0,0,0,16.777
2019-10-07 23:00,0,0,0,16.764
2019-10-08 00:00,0,0,0,16.701
2019-10-08 01:00,0,0,0,16.621
2019-10-08 02:00,0,0,0,16.483
2019-10-08 03:00,0,0,0,16.242
2019-10-08 04:00,0,0,0.002,15.964
2019-10-08 05:00,0.004,0,0.020,15.927
2019-10-08 06:00,0.028,0.001,0.049,16.026
2019-10-08 07:00,0.080,0.004,0.104,16.301
2019-10-08 08:00,0.163,0.013,0.185,16.727
2019-10-08 09:00,0.195,0.018,0.216,17.082
2019-10-08 10:00,0.170,0.013,0.193,17.128
2019-10-08 11:00,0.154,0.011,0.177,16.965
2019-10-08 12:00,0.127,0.009,0.150,16.567
2019-10-08 13:00,0.088,0.007,0.110,16.121
2019-10-08 14:00,0.035,0.003,0.055,15.662
2019-10-08 15:00,0,0,0.010,15.226
2019-10-08 16:00,0,0,0,14.969
2019-10-08 17:00,0,0,0,14.787
2019-10-08 18:00,0,0,0,14.640
2019-10-08 19:00,0,0,0,14.554
2019-10-08 20:00,0,0,0,14.500
2019-10-08 21:00,0,0,0,14.371
2019-10-08 22:00,0,0,0,14.273
2019-10-08 23:00,0,0,0,14.218
2019-10-09 00:00,0,0,0,14.143
2019-10-09 01:00,0,0,0,14.061
2019-10-09 02:00,0,0,0,13.989
2019-10-09 03:00,0,0,0,13.823
2019-10-09 04:00,0.008,0.014,0.012,13.904
2019-10-09 05:00,0.200,0.182,0.056,15.887
2019-10-09 06:00,0.425,0.425,0.072,17.147
2019-10-09 07:00,0.598,0.643,0.080,18.270
2019-10-09 08:00,0.712,0.807,0.085,19.246
2019-10-09 09:00,0.770,0.899,0.087,20.094
2019-10-09 10:00,0.772,0.907,0.088,20.735
2019-10-09 11:00,0.723,0.835,0.085,21.190
2019-10-09 12:00,0.619,0.687,0.080,21.399
2019-10-09 13:00,0.460,0.481,0.072,21.336
2019-10-09 14:00,0.247,0.237,0.059,20.891
2019-10-09 15:00,0.018,0.023,0.017,19.457
2019-10-09 16:00,0,0,0,18.230
2019-10-09 17:00,0,0,0,17.379
2019-10-09 18:00,0,0,0,16.731
2019-10-09 19:00,0,0,0,16.228
2019-10-09 20:00,0,0,0,15.834
2019-10-09 21:00,0,0,0,15.601
2019-10-09 22:00,0,0,0,15.656
2019-10-09 23:00,0,0,0,15.798
2019-10-10 00:00,0,0,0,15.782
2019-10-10 01:00,0,0,0,15.551
2019-10-10 02:00,0,0,0,15.288
2019-10-10 03:00,0,0,0,15.061
2019-10-10 04:00,0.006,0.013,0.011,15.007
2019-10-10 05:00,0.195,0.177,0.056,17.044
2019-10-10 06:00,0.419,0.421,0.073,18.621
2019-10-10 07:00,0.587,0.631,0.083,19.685
2019-10-10 08:00,0.695,0.783,0.091,20.565
2019-10-10 09:00,0.748,0.864,0.095,21.137
2019-10-10 10:00,0.749,0.866,0.097,21.549
2019-10-10 11:00,0.699,0.792,0.094,21.828
2019-10-10 12:00,0.596,0.647,0.089,21.960
2019-10-10 13:00,0.435,0.440,0.081,21.773
2019-10-10 14:00,0.222,0.201,0.066,21.137
2019-10-10 15:00,0.011,0.014,0.017,19.311
2019-10-10 16:00,0,0,0,18.321
2019-10-10 17:00,0,0,0,18.172
2019-10-10 18:00,0,0,0,18.147
2019-10-10 19:00,0,0,0,18.052
2019-10-10 20:00,0,0,0,18.030
2019-10-10 21:00,0,0,0,18.113
2019-10-10 22:00,0,0,0,18.252
2019-10-10 23:00,0,0,0,18.358
2019-10-11 00:00,0,0,0,18.410
2019-10-11 01:00,0,0,0,18.431
2019-10-11 02:00,0,0,0,18.441
2019-10-11 03:00,0,0,0,18.421
2019-10-11 04:00,0,0,0.003,18.462
2019-10-11 05:00,0.017,0.002,0.036,18.813
2019-10-11 06:00,0.092,0.014,0.109,19.510
2019-10-11 07:00,0.206,0.055,0.193,20.627
2019-10-11 08:00,0.394,0.221,0.249,21.444
2019-10-11 09:00,0.537,0.423,0.233,21.987
2019-10-11 10:00,0.560,0.466,0.222,22.173
2019-10-11 11:00,0.515,0.415,0.211,22.021
2019-10-11 12:00,0.450,0.359,0.180,21.506
2019-10-11 13:00,0.320,0.235,0.144,20.696
2019-10-11 14:00,0.150,0.094,0.092,19.707
2019-10-11 15:00,0.005,0.006,0.016,18.648
2019-10-11 16:00,0,0,0,17.941
2019-10-11 17:00,0,0,0,17.561
2019-10-11 18:00,0,0,0,17.277
2019-10-11 19:00,0,0,0,17.052
2019-10-11 20:00,0,0,0,16.776
2019-10-11 21:00,0,0,0,16.557
2019-10-11 22:00,0,0,0,16.402
2019-10-11 23:00,0,0,0,16.249
2019-10-12 00:00,0,0,0,16.066
2019-10-12 01:00,0,0,0,15.870
2019-10-12 02:00,0,0,0,15.735
2019-10-12 03:00,0,0,0,15.581
2019-10-12 04:00,0.002,0.010,0.009,15.507
2019-10-12 05:00,0.185,0.167,0.055,17.198
2019-10-12 06:00,0.415,0.418,0.071,18.496
2019-10-12 07:00,0.592,0.643,0.078,19.413
2019-10-12 08:00,0.705,0.803,0.084,20.204
2019-10-12 09:00,0.762,0.892,0.087,20.882
2019-10-12 10:00,0.765,0.900,0.087,21.367
2019-10-12 11:00,0.717,0.828,0.084,21.584
2019-10-12 12:00,0.616,0.683,0.079,21.494
2019-10-12 13:00,0.457,0.477,0.070,21.048
2019-10-12 14:00,0.244,0.234,0.056,20.150
2019-10-12 15:00,0.013,0.019,0.014,18.438
2019-10-12 16:00,0,0,0,17.142
2019-10-12 17:00,0,0,0,16.563
2019-10-12 18:00,0,0,0,16.117
2019-10-12 19:00,0,0,0,15.832
2019-10-12 20:00,0,0,0,15.542
2019-10-12 21:00,0,0,0,15.293
2019-10-12 22:00,0,0,0,15.182
2019-10-12 23:00,0,0,0,15.112
2019-10-13 00:00,0,0,0,15.055
2019-10-13 01:00,0,0,0,14.983
2019-10-13 02:00,0,0,0,14.931
2019-10-13 03:00,0,0,0,14.830
2019-10-13 04:00,0.002,0.010,0.008,14.830
2019-10-13 05:00,0.188,0.173,0.052,16.900
2019-10-13 06:00,0.418,0.424,0.068,18.578
2019-10-13 07:00,0.589,0.641,0.077,19.959
2019-10-13 08:00,0.700,0.801,0.084,21.091
2019-10-13 09:00,0.755,0.887,0.087,21.969
2019-10-13 10:00,0.757,0.893,0.088,22.536
2019-10-13 11:00,0.708,0.819,0.086,22.759
2019-10-13 12:00,0.605,0.671,0.081,22.539
2019-10-13 13:00,0.447,0.464,0.072,21.898
2019-10-13 14:00,0.234,0.223,0.058,20.737
2019-10-13 15:00,0.010,0.016,0.013,18.979
2019-10-13 16:00,0,0,0,17.775
2019-10-13 17:00,0,0,0,17.108
2019-10-13 18:00,0,0,0,16.581
2019-10-13 19:00,0,0,0,16.111
2019-10-13 20:00,0,0,0,15.806
2019-10-13 21:00,0,0,0,15.523
2019-10-13 22:00,0,0,0,15.297
2019-10-13 23:00,0,0,0,15.082
2019-10-14 00:00,0,0,0,14.894
2019-10-14 01:00,0,0,0,14.763
2019-10-14 02:00,0,0,0,14.684
2019-10-14 03:00,0,0,0,14.628
2019-10-14 04:00,0.001,0.009,0.008,14.663
2019-10-14 05:00,0.184,0.169,0.052,16.720
2019-10-14 06:00,0.417,0.422,0.068,18.397
2019-10-14 07:00,0.590,0.642,0.077,19.696
2019-10-14 08:00,0.701,0.801,0.083,20.918
2019-10-14 09:00,0.754,0.884,0.087,21.852
2019-10-14 10:00,0.756,0.890,0.088,22.395
2019-10-14 11:00,0.705,0.814,0.086,22.649
2019-10-14 12:00,0.601,0.665,0.081,22.549
2019-10-14 13:00,0.437,0.450,0.075,21.947
2019-10-14 14:00,0.223,0.209,0.060,20.776
2019-10-14 15:00,0.007,0.013,0.012,18.849
2019-10-14 16:00,0,0,0,17.510
2019-10-14 17:00,0,0,0,16.738
2019-10-14 18:00,0,0,0,16.257
2019-10-14 19:00,0,0,0,15.942
2019-10-14 20:00,0,0,0,15.707
2019-10-14 21:00,0,0,0,15.549
2019-10-14 22:00,0,0,0,15.464
2019-10-14 23:00,0,0,0,15.411
2019-10-15 00:00,0,0,0,15.301
2019-10-15 01:00,0,0,0,15.122
2019-10-15 02:00,0,0,0,14.897
2019-10-15 03:00,0,0,0,14.685
2019-10-15 04:00,0,0.007,0.007,14.593
2019-10-15 05:00,0.172,0.154,0.054,16.426
2019-10-15 06:00,0.404,0.402,0.072,18.163
2019-10-15 07:00,0.579,0.621,0.082,19.534
2019-10-15 08:00,0.690,0.778,0.089,20.721
2019-10-15 09:00,0.737,0.848,0.095,21.598
2019-10-15 10:00,0.738,0.850,0.097,22.042
2019-10-15 11:00,0.686,0.772,0.096,22.177
2019-10-15 12:00,0.570,0.605,0.095,21.971
2019-10-15 13:00,0.404,0.394,0.088,21.283
2019-10-15 14:00,0.188,0.161,0.068,20.119
2019-10-15 15:00,0.003,0.008,0.012,18.437
2019-10-15 16:00,0,0,0,17.377
2019-10-15 17:00,0,0,0,16.848
2019-10-15 18:00,0,0,0,16.464
2019-10-15 19:00,0,0,0,16.260
2019-10-15 20:00,0,0,0,16.120
2019-10-15 21:00,0,0,0,16.002
2019-10-15 22:00,0,0,0,15.895
2019-10-15 23:00,0,0,0,15.787
2019-10-16 00:00,0,0,0,15.699
2019-10-16 01:00,0,0,0,15.636
2019-10-16 02:00,0,0,0,15.614
2019-10-16 03:00,0,0,0,15.660
2019-10-16 04:00,0,0.002,0.006,15.729
2019-10-16 05:00,0.106,0.065,0.072,17.393
2019-10-16 06:00,0.316,0.253,0.118,18.829
2019-10-16 07:00,0.486,0.441,0.140,20.054
2019-10-16 08:00,0.549,0.491,0.176,21.024
2019-10-16 09:00,0.527,0.420,0.220,21.532
2019-10-16 10:00,0.482,0.339,0.244,21.826
2019-10-16 11:00,0.380,0.210,0.243,21.821
2019-10-16 12:00,0.275,0.117,0.212,21.517
2019-10-16 13:00,0.100,0.018,0.114,20.787
2019-10-16 14:00,0.019,0.003,0.037,19.900
2019-10-16 15:00,0,0,0.004,19.039
2019-10-16 16:00,0,0,0,18.401
2019-10-16 17:00,0,0,0,17.947
2019-10-16 18:00,0,0,0,17.638
2019-10-16 19:00,0,0,0,17.401
2019-10-16 20:00,0,0,0,17.208
2019-10-16 21:00,0,0,0,17.026
2019-10-16 22:00,0,0,0,16.819
2019-10-16 23:00,0,0,0,16.640
2019-10-17 00:00,0,0,0,16.482
2019-10-17 01:00,0,0,0,16.356
2019-10-17 02:00,0,0,0,16.313
2019-10-17 03:00,0,0,0,16.341
2019-10-17 04:00,0,0.002,0.005,16.455
2019-10-17 05:00,0.093,0.055,0.068,17.813
2019-10-17 06:00,0.275,0.203,0.122,19.099
2019-10-17 07:00,0.434,0.368,0.148,20.286
2019-10-17 08:00,0.592,0.585,0.143,21.345
2019-10-17 09:00,0.634,0.637,0.154,22.051
2019-10-17 10:00,0.631,0.630,0.159,22.538
2019-10-17 11:00,0.560,0.524,0.165,22.745
2019-10-17 12:00,0.414,0.327,0.170,22.566
2019-10-17 13:00,0.240,0.146,0.142,21.996
2019-10-17 14:00,0.094,0.049,0.077,20.939
2019-10-17 15:00,0,0.003,0.009,19.435
2019-10-17 16:00,0,0,0,18.270
2019-10-17 17:00,0,0,0,17.542
2019-10-17 18:00,0,0,0,17.078
2019-10-17 19:00,0,0,0,16.761
2019-10-17 20:00,0,0,0,16.548
2019-10-17 21:00,0,0,0,16.539
2019-10-17 22:00,0,0,0,16.677
2019-10-17 23:00,0,0,0,16.773
2019-10-18 00:00,0,0,0,16.740
2019-10-18 01:00,0,0,0,16.663
2019-10-18 02:00,0,0,0,16.568
2019-10-18 03:00,0,0,0,16.424
2019-10-18 04:00,0,0.002,0.005,16.315
2019-10-18 05:00,0.096,0.060,0.065,17.344
2019-10-18 06:00,0.286,0.222,0.115,18.634
2019-10-18 07:00,0.460,0.413,0.134,19.786
2019-10-18 08:00,0.583,0.571,0.142,20.721
2019-10-18 09:00,0.629,0.630,0.151,21.443
2019-10-18 10:00,0.650,0.671,0.144,22.080
2019-10-18 11:00,0.611,0.625,0.135,22.559
2019-10-18 12:00,0.500,0.479,0.129,22.660
2019-10-18 13:00,0.335,0.286,0.115,22.346
2019-10-18 14:00,0.133,0.095,0.075,21.530
2019-10-18 15:00,0,0.003,0.009,19.735
2019-10-18 16:00,0,0,0,18.672
2019-10-18 17:00,0,0,0,18.055
2019-10-18 18:00,0,0,0,17.556
2019-10-18 19:00,0,0,0,17.113
2019-10-18 20:00,0,0,0,16.744
2019-10-18 21:00,0,0,0,16.531
2019-10-18 22:00,0,0,0,16.478
2019-10-18 23:00,0,0,0,16.490
2019-10-19 00:00,0,0,0,16.495
2019-10-19 01:00,0,0,0,16.448
2019-10-19 02:00,0,0,0,16.366
2019-10-19 03:00,0,0,0,16.179
2019-10-19 04:00,0,0.002,0.004,15.963
2019-10-19 05:00,0.127,0.100,0.059,16.941
2019-10-19 06:00,0.352,0.325,0.088,18.384
2019-10-19 07:00,0.532,0.541,0.099,19.600
2019-10-19 08:00,0.646,0.696,0.107,20.786
2019-10-19 09:00,0.683,0.743,0.119,21.770
2019-10-19 10:00,0.684,0.746,0.121,22.378
2019-10-19 11:00,0.633,0.674,0.119,22.690
2019-10-19 12:00,0.510,0.503,0.119,22.675
2019-10-19 13:00,0.345,0.305,0.107,22.300
2019-10-19 14:00,0.140,0.106,0.071,21.303
2019-10-19 15:00,0,0.004,0.008,19.297
2019-10-19 16:00,0,0,0,18.119
2019-10-19 17:00,0,0,0,17.332
2019-10-19 18:00,0,0,0,16.724
2019-10-19 19:00,0,0,0,16.263
2019-10-19 20:00,0,0,0,15.925
2019-10-19 21:00,0,0,0,15.723
2019-10-19 22:00,0,0,0,15.653
2019-10-19 23:00,0,0,0,15.560
2019-10-20 00:00,0,0,0,15.444
2019-10-20 01:00,0,0,0,15.275
2019-10-20 02:00,0,0,0,15.098
2019-10-20 03:00,0,0,0,14.922
2019-10-20 04:00,0,0.002,0.004,14.785
2019-10-20 05:00,0.124,0.099,0.057,16.098
2019-10-20 06:00,0.353,0.327,0.085,17.666
2019-10-20 07:00,0.538,0.552,0.094,18.801
2019-10-20 08:00,0.657,0.715,0.100,19.865
2019-10-20 09:00,0.711,0.793,0.105,20.684
2019-10-20 10:00,0.715,0.803,0.105,21.339
2019-10-20 11:00,0.665,0.732,0.103,21.651
2019-10-20 12:00,0.557,0.584,0.097,21.637
2019-10-20 13:00,0.392,0.379,0.088,21.186
2019-10-20 14:00,0.177,0.152,0.064,20.126
2019-10-20 15:00,0,0.005,0.007,18.056
2019-10-20 16:00,0,0,0,17.007
2019-10-20 17:00,0,0,0,16.478
2019-10-20 18:00,0,0,0,16.098
2019-10-20 19:00,0,0,0,15.887
2019-10-20 20:00,0,0,0,15.792
2019-10-20 21:00,0,0,0,15.750
2019-10-20 22:00,0,0,0,15.737
2019-10-20 23:00,0,0,0,15.836
2019-10-21 00:00,0,0,0,15.944
2019-10-21 01:00,0,0,0,16.023
2019-10-21 02:00,0,0,0,16.075
2019-10-21 03:00,0,0,0,16.121
2019-10-21 04:00,0,0.001,0.003,16.115
2019-10-21 05:00,0.077,0.045,0.060,17.453
2019-10-21 06:00,0.239,0.167,0.117,18.820
2019-10-21 07:00,0.476,0.446,0.122,20.006
2019-10-21 08:00,0.604,0.619,0.124,20.847
2019-10-21 09:00,0.683,0.741,0.119,21.411
2019-10-21 10:00,0.694,0.760,0.117,21.664
2019-10-21 11:00,0.645,0.692,0.114,21.633
2019-10-21 12:00,0.541,0.552,0.106,21.351
2019-10-21 13:00,0.378,0.353,0.095,20.705
2019-10-21 14:00,0.165,0.138,0.065,19.576
2019-10-21 15:00,0,0.004,0.007,18.041
2019-10-21 16:00,0,0,0,17.169
2019-10-21 17:00,0,0,0,16.808
2019-10-21 18:00,0,0,0,16.636
2019-10-21 19:00,0,0,0,16.454
2019-10-21 20:00,0,0,0,16.256
2019-10-21 21:00,0,0,0,16.185
2019-10-21 22:00,0,0,0,16.156
2019-10-21 23:00,0,0,0,16.077
2019-10-22 00:00,0,0,0,16.034
2019-10-22 01:00,0,0,0,15.974
2019-10-22 02:00,0,0,0,15.915
2019-10-22 03:00,0,0,0,15.949
2019-10-22 04:00,0,0.001,0.002,15.990
2019-10-22 05:00,0.062,0.032,0.057,17.080
2019-10-22 06:00,0.237,0.161,0.120,18.318
2019-10-22 07:00,0.405,0.331,0.147,19.314
2019-10-22 08:00,0.584,0.574,0.138,20.213
2019-10-22 09:00,0.628,0.631,0.146,20.791
2019-10-22 10:00,0.668,0.705,0.132,21.091
2019-10-22 11:00,0.625,0.648,0.125,21.084
2019-10-22 12:00,0.518,0.509,0.117,20.766
2019-10-22 13:00,0.362,0.327,0.101,20.121
2019-10-22 14:00,0.151,0.120,0.067,19.147
2019-10-22 15:00,0,0.002,0.006,18.088
2019-10-22 16:00,0,0,0,17.610
2019-10-22 17:00,0,0,0,17.339
2019-10-22 18:00,0,0,0,16.990
2019-10-22 19:00,0,0,0,16.676
2019-10-22 20:00,0,0,0,16.583
2019-10-22 21:00,0,0,0,16.418
2019-10-22 22:00,0,0,0,16.278
2019-10-22 23:00,0,0,0,16.157
2019-10-23 00:00,0,0,0,16.076
2019-10-23 01:00,0,0,0,16.015
2019-10-23 02:00,0,0,0,16.005
2019-10-23 03:00,0,0,0,15.994
2019-10-23 04:00,0,0.001,0.002,15.965
2019-10-23 05:00,0.059,0.031,0.054,16.719
2019-10-23 06:00,0.220,0.144,0.117,17.598
2019-10-23 07:00,0.427,0.370,0.133,18.402
2019-10-23 08:00,0.674,0.740,0.095,19.296
2019-10-23 09:00,0.734,0.835,0.095,19.973
2019-10-23 10:00,0.738,0.843,0.095,20.408
2019-10-23 11:00,0.689,0.772,0.092,20.509
2019-10-23 12:00,0.585,0.628,0.086,20.236
2019-10-23 13:00,0.420,0.420,0.077,19.518
2019-10-23 14:00,0.197,0.180,0.057,18.345
2019-10-23 15:00,0,0.004,0.006,16.974
2019-10-23 16:00,0,0,0,16.464
2019-10-23 17:00,0,0,0,16.264
2019-10-23 18:00,0,0,0,16.113
2019-10-23 19:00,0,0,0,15.941
2019-10-23 20:00,0,0,0,15.731
2019-10-23 21:00,0,0,0,15.522
2019-10-23 22:00,0,0,0,15.345
2019-10-23 23:00,0,0,0,15.170
2019-10-24 00:00,0,0,0,15.207
2019-10-24 01:00,0,0,0,15.260
2019-10-24 02:00,0,0,0,15.246
2019-10-24 03:00,0,0,0,15.267
2019-10-24 04:00,0,0.001,0.002,15.426
2019-10-24 05:00,0.075,0.049,0.054,16.593
2019-10-24 06:00,0.269,0.214,0.102,17.757
2019-10-24 07:00,0.539,0.557,0.090,18.735
2019-10-24 08:00,0.670,0.742,0.090,19.732
2019-10-24 09:00,0.726,0.827,0.094,20.539
2019-10-24 10:00,0.729,0.833,0.095,21.062
2019-10-24 11:00,0.679,0.760,0.093,21.174
2019-10-24 12:00,0.576,0.618,0.086,20.931
2019-10-24 13:00,0.416,0.419,0.076,20.277
2019-10-24 14:00,0.198,0.184,0.054,19.017
2019-10-24 15:00,0,0.004,0.005,17.206
2019-10-24 16:00,0,0,0,16.338
2019-10-24 17:00,0,0,0,15.863
2019-10-24 18:00,0,0,0,15.507
2019-10-24 19:00,0,0,0,15.182
2019-10-24 20:00,0,0,0,14.953
2019-10-24 21:00,0,0,0,14.757
2019-10-24 22:00,0,0,0,14.603
2019-10-24 23:00,0,0,0,14.476
2019-10-25 00:00,0,0,0,14.404
2019-10-25 01:00,0,0,0,14.338
2019-10-25 02:00,0,0,0,14.420
2019-10-25 03:00,0,0,0,14.654
2019-10-25 04:00,0,0.001,0.001,14.900
2019-10-25 05:00,0.069,0.044,0.053,16.188
2019-10-25 06:00,0.241,0.177,0.107,17.464
2019-10-25 07:00,0.528,0.536,0.095,18.352
2019-10-25 08:00,0.667,0.733,0.092,19.214
2019-10-25 09:00,0.723,0.816,0.097,19.956
2019-10-25 10:00,0.726,0.822,0.098,20.440
2019-10-25 11:00,0.674,0.748,0.096,20.602
2019-10-25 12:00,0.565,0.596,0.091,20.410
2019-10-25 13:00,0.393,0.382,0.083,19.817
2019-10-25 14:00,0.167,0.146,0.058,18.739
2019-10-25 15:00,0,0.003,0.004,17.249
2019-10-25 16:00,0,0,0,16.574
2019-10-25 17:00,0,0,0,16.443
2019-10-25 18:00,0,0,0,16.231
2019-10-25 19:00,0,0,0,16.181
2019-10-25 20:00,0,0,0,16.191
2019-10-25 21:00,0,0,0,16.124
2019-10-25 22:00,0,0,0,16.024
2019-10-25 23:00,0,0,0,15.895
2019-10-26 00:00,0,0,0,15.757
2019-10-26 01:00,0,0,0,15.647
2019-10-26 02:00,0,0,0,15.487
2019-10-26 03:00,0,0,0,15.384
2019-10-26 04:00,0,0,0.001,15.314
2019-10-26 05:00,0.052,0.027,0.051,16.281
2019-10-26 06:00,0.201,0.122,0.118,17.401
2019-10-26 07:00,0.392,0.311,0.148,18.057
2019-10-26 08:00,0.563,0.533,0.145,18.764
2019-10-26 09:00,0.602,0.577,0.157,19.338
2019-10-26 10:00,0.618,0.604,0.154,19.714
2019-10-26 11:00,0.572,0.549,0.146,19.802
2019-10-26 12:00,0.484,0.449,0.128,19.594
2019-10-26 13:00,0.339,0.294,0.104,19.011
2019-10-26 14:00,0.132,0.102,0.063,18.103
2019-10-26 15:00,0,0.001,0.003,16.961
2019-10-26 16:00,0,0,0,16.515
2019-10-26 17:00,0,0,0,16.357
2019-10-26 18:00,0,0,0,16.239
2019-10-26 19:00,0,0,0,16.125
2019-10-26 20:00,0,0,0,15.984
2019-10-26 21:00,0,0,0,15.866
2019-10-26 22:00,0,0,0,15.776
2019-10-26 23:00,0,0,0,15.740
2019-10-27 00:00,0,0,0,15.613
2019-10-27 01:00,0,0,0,15.459
2019-10-27 02:00,0,0,0,15.310
2019-10-27 03:00,0,0,0,15.186
2019-10-27 04:00,0,0,0.001,14.987
2019-10-27 05:00,0.052,0.028,0.049,15.600
2019-10-27 06:00,0.212,0.136,0.115,16.578
2019-10-27 07:00,0.375,0.288,0.150,17.409
2019-10-27 08:00,0.555,0.521,0.144,18.248
2019-10-27 09:00,0.649,0.664,0.134,18.931
2019-10-27 10:00,0.661,0.687,0.130,19.374
2019-10-27 11:00,0.630,0.654,0.119,19.568
2019-10-27 12:00,0.517,0.506,0.114,19.442
2019-10-27 13:00,0.328,0.282,0.104,18.956
2019-10-27 14:00,0.118,0.089,0.061,18.053
2019-10-27 15:00,0,0.002,0.003,16.605
2019-10-27 16:00,0,0,0,15.871
2019-10-27 17:00,0,0,0,15.427
2019-10-27 18:00,0,0,0,15.049
2019-10-27 19:00,0,0,0,14.777
2019-10-27 20:00,0,0,0,14.544
2019-10-27 21:00,0,0,0,14.363
2019-10-27 22:00,0,0,0,14.232
2019-10-27 23:00,0,0,0,14.252
2019-10-28 00:00,0,0,0,14.536
2019-10-28 01:00,0,0,0,14.662
2019-10-28 02:00,0,0,0,14.680
2019-10-28 03:00,0,0,0,14.592
2019-10-28 04:00,0,0,0.001,14.404
2019-10-28 05:00,0.035,0.015,0.043,14.999
2019-10-28 06:00,0.171,0.089,0.118,16.270
2019-10-28 07:00,0.381,0.292,0.153,17.582
2019-10-28 08:00,0.522,0.464,0.159,18.605
2019-10-28 09:00,0.627,0.620,0.148,19.443
2019-10-28 10:00,0.627,0.622,0.150,20.049
2019-10-28 11:00,0.545,0.502,0.158,20.278
2019-10-28 12:00,0.413,0.337,0.153,20.220
2019-10-28 13:00,0.252,0.177,0.123,19.812
2019-10-28 14:00,0.078,0.048,0.059,18.937
2019-10-28 15:00,0,0.001,0.002,17.363
2019-10-28 16:00,0,0,0,16.566
2019-10-28 17:00,0,0,0,16.069
2019-10-28 18:00,0,0,0,15.712
2019-10-28 19:00,0,0,0,15.458
2019-10-28 20:00,0,0,0,15.223
2019-10-28 21:00,0,0,0,15.204
2019-10-28 22:00,0,0,0,15.333
2019-10-28 23:00,0,0,0,15.473
2019-10-29 00:00,0,0,0,15.543
2019-10-29 01:00,0,0,0,15.645
2019-10-29 02:00,0,0,0,15.580
2019-10-29 03:00,0,0,0,15.534
2019-10-29 04:00,0,0,0,15.439
2019-10-29 05:00,0.036,0.016,0.043,15.794
2019-10-29 06:00,0.160,0.078,0.117,16.777
2019-10-29 07:00,0.272,0.148,0.171,17.708
2019-10-29 08:00,0.393,0.258,0.202,18.286
2019-10-29 09:00,0.480,0.365,0.205,18.779
2019-10-29 10:00,0.592,0.555,0.165,19.293
2019-10-29 11:00,0.611,0.618,0.130,19.665
2019-10-29 12:00,0.494,0.469,0.122,19.735
2019-10-29 13:00,0.333,0.290,0.102,19.521
2019-10-29 14:00,0.133,0.109,0.058,18.730
2019-10-29 15:00,0,0.002,0.002,17.024
2019-10-29 16:00,0,0,0,16.251
2019-10-29 17:00,0,0,0,15.847
2019-10-29 18:00,0,0,0,15.622
2019-10-29 19:00,0,0,0,15.401
2019-10-29 20:00,0,0,0,15.093
2019-10-29 21:00,0,0,0,14.918
2019-10-29 22:00,0,0,0,14.949
2019-10-29 23:00,0,0,0,14.954
2019-10-30 00:00,0,0,0,15.149
2019-10-30 01:00,0,0,0,15.096
2019-10-30 02:00,0,0,0,14.901
2019-10-30 03:00,0,0,0,14.560
2019-10-30 04:00,0,0,0,14.233
2019-10-30 05:00,0.083,0.066,0.045,14.583
2019-10-30 06:00,0.310,0.274,0.085,16.138
2019-10-30 07:00,0.497,0.487,0.101,17.376
2019-10-30 08:00,0.615,0.637,0.111,18.478
2019-10-30 09:00,0.642,0.660,0.129,19.282
2019-10-30 10:00,0.617,0.615,0.142,19.756
2019-10-30 11:00,0.591,0.591,0.130,19.954
2019-10-30 12:00,0.466,0.430,0.126,19.795
2019-10-30 13:00,0.283,0.225,0.109,19.246
2019-10-30 14:00,0.087,0.062,0.055,18.135
2019-10-30 15:00,0.001,0.014,0.002,16.766
2019-10-30 16:00,0,0,0,16.174
2019-10-30 17:00,0,0,0,15.690
2019-10-30 18:00,0,0,0,15.366
2019-10-30 19:00,0,0,0,15.159
2019-10-30 20:00,0,0,0,14.992
2019-10-30 21:00,0,0,0,14.890
2019-10-30 22:00,0,0,0,14.989
2019-10-30 23:00,0,0,0,15.027
2019-10-31 00:00,0,0,0,14.999
2019-10-31 01:00,0,0,0,14.966
2019-10-31 02:00,0,0,0,14.919
2019-10-31 03:00,0,0,0,14.765
2019-10-31 04:00,0,0,0,14.551
2019-10-31 05:00,0.033,0.013,0.043,15.147
2019-10-31 06:00,0.168,0.078,0.125,16.206
2019-10-31 07:00,0.330,0.200,0.184,16.928
2019-10-31 08:00,0.315,0.136,0.232,17.497
2019-10-31 09:00,0.237,0.053,0.227,17.621
2019-10-31 10:00,0.163,0.019,0.179,17.461
2019-10-31 11:00,0.094,0.007,0.117,17.078
2019-10-31 12:00,0.053,0.003,0.076,16.633
2019-10-31 13:00,0.026,0.002,0.046,16.224
2019-10-31 14:00,0.002,0.001,0.017,15.840
2019-10-31 15:00,0,-0,0,15.427
2019-10-31 16:00,0,0,0,14.982
2019-10-31 17:00,0,0,0,14.613
2019-10-31 18:00,0,0,0,14.378
2019-10-31 19:00,0,0,0,14.196
2019-10-31 20:00,0,0,0,14.039
2019-10-31 21:00,0,0,0,13.841
2019-10-31 22:00,0,0,0,13.658
2019-10-31 23:00,0,0,0,13.618
2019-11-01 00:00,0,0,0,13.658
2019-11-01 01:00,0,0,0,13.735
2019-11-01 02:00,0,0,0,13.758
2019-11-01 03:00,0,0,0,13.698
2019-11-01 04:00,0,0,0,13.561
2019-11-01 05:00,0,0.001,0.015,13.500
2019-11-01 06:00,0.037,0.003,0.057,13.729
2019-11-01 07:00,0.126,0.017,0.138,14.136
2019-11-01 08:00,0.195,0.035,0.195,14.501
2019-11-01 09:00,0.194,0.029,0.201,14.696
2019-11-01 10:00,0.163,0.019,0.178,14.588
2019-11-01 11:00,0.170,0.023,0.179,14.375
2019-11-01 12:00,0.141,0.022,0.150,14.118
2019-11-01 13:00,0.082,0.013,0.096,13.716
2019-11-01 14:00,0.032,0.011,0.044,13.315
2019-11-01 15:00,0,-0,0.001,12.713
2019-11-01 16:00,0,0,0,12.406
2019-11-01 17:00,0,0,0,12.192
2019-11-01 18:00,0,0,0,11.913
2019-11-01 19:00,0,0,0,11.698
2019-11-01 20:00,0,0,0,11.531
2019-11-01 21:00,0,0,0,11.259
2019-11-01 22:00,0,0,0,10.920
2019-11-01 23:00,0,0,0,10.634
2019-11-02 00:00,0,0,0,10.341
2019-11-02 01:00,0,0,0,10.073
2019-11-02 02:00,0,0,0,9.819
2019-11-02 03:00,0,0,0,9.623
2019-11-02 04:00,0,0,0,9.502
2019-11-02 05:00,0.092,0.081,0.038,10.327
2019-11-02 06:00,0.345,0.325,0.068,12.089
2019-11-02 07:00,0.542,0.552,0.078,13.040
2019-11-02 08:00,0.673,0.727,0.083,13.937
2019-11-02 09:00,0.745,0.834,0.083,14.646
2019-11-02 10:00,0.760,0.861,0.081,15.186
2019-11-02 11:00,0.711,0.794,0.077,15.551
2019-11-02 12:00,0.603,0.650,0.071,15.707
2019-11-02 13:00,0.434,0.442,0.062,15.549
2019-11-02 14:00,0.221,0.221,0.037,14.551
2019-11-02 15:00,0,-0,0.001,12.502
2019-11-02 16:00,0,0,0,11.875
2019-11-02 17:00,0,0,0,11.451
2019-11-02 18:00,0,0,0,11.159
2019-11-02 19:00,0,0,0,11.002
2019-11-02 20:00,0,0,0,10.964
2019-11-02 21:00,0,0,0,11.166
2019-11-02 22:00,0,0,0,11.462
2019-11-02 23:00,0,0,0,11.646
2019-11-03 00:00,0,0,0,11.651
2019-11-03 01:00,0,0,0,11.474
2019-11-03 02:00,0,0,0,11.258
2019-11-03 03:00,0,0,0,11.084
2019-11-03 04:00,0,0,0,10.944
2019-11-03 05:00,0.095,0.086,0.036,11.687
2019-11-03 06:00,0.347,0.334,0.065,14.089
2019-11-03 07:00,0.541,0.561,0.076,15.431
2019-11-03 08:00,0.663,0.725,0.083,16.614
2019-11-03 09:00,0.724,0.814,0.087,17.585
2019-11-03 10:00,0.729,0.825,0.087,18.273
2019-11-03 11:00,0.678,0.755,0.084,18.699
2019-11-03 12:00,0.570,0.610,0.079,18.897
2019-11-03 13:00,0.400,0.401,0.069,18.761
2019-11-03 14:00,0.176,0.172,0.040,17.446
2019-11-03 15:00,0,-0,0.001,15.798
2019-11-03 16:00,0,0,0,15.463
2019-11-03 17:00,0,0,0,15.316
2019-11-03 18:00,0,0,0,15.141
2019-11-03 19:00,0,0,0,15.089
2019-11-03 20:00,0,0,0,14.802
2019-11-03 21:00,0,0,0,14.494
2019-11-03 22:00,0,0,0,14.318
2019-11-03 23:00,0,0,0,14.189
2019-11-04 00:00,0,0,0,14.240
2019-11-04 01:00,0,0,0,14.362
2019-11-04 02:00,0,0,0,14.380
2019-11-04 03:00,0,0,0,14.599
2019-11-04 04:00,0,0,0,14.839
2019-11-04 05:00,0.008,0.003,0.023,15.376
2019-11-04 06:00,0.074,0.015,0.086,16.625
2019-11-04 07:00,0.216,0.086,0.172,17.972
2019-11-04 08:00,0.428,0.306,0.202,19.699
2019-11-04 09:00,0.479,0.358,0.217,21.109
2019-11-04 10:00,0.357,0.183,0.242,21.539
2019-11-04 11:00,0.226,0.066,0.206,21.320
2019-11-04 12:00,0.140,0.028,0.148,20.970
2019-11-04 13:00,0.067,0.011,0.084,20.533
2019-11-04 14:00,0.009,0.003,0.025,19.843
2019-11-04 15:00,0,-0,0,19.152
2019-11-04 16:00,0,0,0,18.822
2019-11-04 17:00,0,0,0,18.613
2019-11-04 18:00,0,0,0,18.542
2019-11-04 19:00,0,0,0,18.418
2019-11-04 20:00,0,0,0,18.268
2019-11-04 21:00,0,0,0,18.232
2019-11-04 22:00,0,0,0,18.253
2019-11-04 23:00,0,0,0,18.168
2019-11-05 00:00,0,0,0,18.052
2019-11-05 01:00,0,0,0,17.878
2019-11-05 02:00,0,0,0,17.764
2019-11-05 03:00,0,0,0,17.576
2019-11-05 04:00,0,0,0,17.251
2019-11-05 05:00,0.047,0.037,0.036,17.456
2019-11-05 06:00,0.283,0.253,0.080,18.602
2019-11-05 07:00,0.489,0.494,0.090,19.718
2019-11-05 08:00,0.617,0.664,0.096,20.536
2019-11-05 09:00,0.683,0.759,0.099,21.116
2019-11-05 10:00,0.690,0.773,0.099,21.542
2019-11-05 11:00,0.642,0.706,0.095,21.819
2019-11-05 12:00,0.536,0.565,0.088,21.875
2019-11-05 13:00,0.366,0.360,0.076,21.623
2019-11-05 14:00,0.143,0.138,0.041,20.464
2019-11-05 15:00,0,-0,0,18.940
2019-11-05 16:00,0,0,0,18.824
2019-11-05 17:00,0,0,0,18.604
2019-11-05 18:00,0,0,0,18.274
2019-11-05 19:00,0,0,0,17.805
2019-11-05 20:00,0,0,0,17.327
2019-11-05 21:00,0,0,0,17.016
2019-11-05 22:00,0,0,0,16.773
2019-11-05 23:00,0,0,0,16.591
2019-11-06 00:00,0,0,0,16.433
2019-11-06 01:00,0,0,0,16.272
2019-11-06 02:00,0,0,0,16.087
2019-11-06 03:00,0,0,0,15.964
2019-11-06 04:00,0,0,0,15.949
2019-11-06 05:00,0.055,0.046,0.035,16.518
2019-11-06 06:00,0.280,0.248,0.080,17.920
2019-11-06 07:00,0.473,0.468,0.095,19.298
2019-11-06 08:00,0.598,0.632,0.102,20.808
2019-11-06 09:00,0.666,0.733,0.104,21.791
2019-11-06 10:00,0.670,0.741,0.105,22.367
2019-11-06 11:00,0.618,0.668,0.102,22.659
2019-11-06 12:00,0.513,0.531,0.094,22.650
2019-11-06 13:00,0.345,0.331,0.081,22.262
2019-11-06 14:00,0.127,0.121,0.041,20.986
2019-11-06 15:00,0,-0,0,19.249
2019-11-06 16:00,0,0,0,18.847
2019-11-06 17:00,0,0,0,18.398
2019-11-06 18:00,0,0,0,17.871
2019-11-06 19:00,0,0,0,17.409
2019-11-06 20:00,0,0,0,17.036
2019-11-06 21:00,0,0,0,16.761
2019-11-06 22:00,0,0,0,16.548
2019-11-06 23:00,0,0,0,16.343
2019-11-07 00:00,0,0,0,16.139
2019-11-07 01:00,0,0,0,15.987
2019-11-07 02:00,0,0,0,15.882
2019-11-07 03:00,0,0,0,15.698
2019-11-07 04:00,0,0,0,15.570
2019-11-07 05:00,0.051,0.043,0.033,16.103
2019-11-07 06:00,0.271,0.238,0.080,17.938
2019-11-07 07:00,0.468,0.461,0.096,19.298
2019-11-07 08:00,0.596,0.629,0.102,20.785
2019-11-07 09:00,0.655,0.714,0.107,22.029
2019-11-07 10:00,0.662,0.727,0.107,22.569
2019-11-07 11:00,0.609,0.654,0.105,22.833
2019-11-07 12:00,0.492,0.498,0.100,22.814
2019-11-07 13:00,0.315,0.290,0.087,22.345
2019-11-07 14:00,0.098,0.090,0.041,20.712
2019-11-07 15:00,0,-0,0,19.303
2019-11-07 16:00,0,0,0,18.957
2019-11-07 17:00,0,0,0,18.489
2019-11-07 18:00,0,0,0,18.032
2019-11-07 19:00,0,0,0,17.688
2019-11-07 20:00,0,0,0,17.365
2019-11-07 21:00,0,0,0,17.042
2019-11-07 22:00,0,0,0,16.757
2019-11-07 23:00,0,0,0,16.535
2019-11-08 00:00,0,0,0,16.333
2019-11-08 01:00,0,0,0,16.148
2019-11-08 02:00,0,0,0,15.986
2019-11-08 03:00,0,0,0,15.792
2019-11-08 04:00,0,0,0,15.550
2019-11-08 05:00,0.049,0.043,0.032,15.874
2019-11-08 06:00,0.275,0.246,0.077,17.821
2019-11-08 07:00,0.477,0.476,0.091,18.910
2019-11-08 08:00,0.607,0.649,0.096,20.151
2019-11-08 09:00,0.680,0.759,0.096,21.417
2019-11-08 10:00,0.684,0.769,0.096,22.081
2019-11-08 11:00,0.634,0.699,0.093,22.365
2019-11-08 12:00,0.529,0.560,0.086,22.384
2019-11-08 13:00,0.356,0.351,0.075,21.994
2019-11-08 14:00,0.121,0.118,0.037,20.510
2019-11-08 15:00,0,-0,0,19.510
2019-11-08 16:00,0,0,0,19.152
2019-11-08 17:00,0,0,0,18.531
2019-11-08 18:00,0,0,0,17.649
2019-11-08 19:00,0,0,0,16.999
2019-11-08 20:00,0,0,0,16.568
2019-11-08 21:00,0,0,0,16.291
2019-11-08 22:00,0,0,0,16.089
2019-11-08 23:00,0,0,0,15.918
2019-11-09 00:00,0,0,0,15.803
2019-11-09 01:00,0,0,0,15.724
2019-11-09 02:00,0,0,0,15.679
2019-11-09 03:00,0,0,0,15.556
2019-11-09 04:00,0,0,0,15.322
2019-11-09 05:00,0.056,0.054,0.028,15.677
2019-11-09 06:00,0.284,0.261,0.072,17.766
2019-11-09 07:00,0.482,0.488,0.085,18.987
2019-11-09 08:00,0.609,0.654,0.092,20.122
2019-11-09 09:00,0.670,0.744,0.096,21.213
2019-11-09 10:00,0.677,0.757,0.096,21.813
2019-11-09 11:00,0.626,0.688,0.093,22.133
2019-11-09 12:00,0.511,0.533,0.089,22.168
2019-11-09 13:00,0.333,0.319,0.078,21.936
2019-11-09 14:00,0.101,0.097,0.037,20.796
2019-11-09 15:00,0,-0,0,20.035
2019-11-09 16:00,0,0,0,18.946
2019-11-09 17:00,0,0,0,17.832
2019-11-09 18:00,0,0,0,17.115
2019-11-09 19:00,0,0,0,16.587
2019-11-09 20:00,0,0,0,16.213
2019-11-09 21:00,0,0,0,16.013
2019-11-09 22:00,0,0,0,15.985
2019-11-09 23:00,0,0,0,15.954
2019-11-10 00:00,0,0,0,15.801
2019-11-10 01:00,0,0,0,15.548
2019-11-10 02:00,0,0,0,15.294
2019-11-10 03:00,0,0,0,15.009
2019-11-10 04:00,0,0,0,14.681
2019-11-10 05:00,0.042,0.038,0.028,14.897
2019-11-10 06:00,0.245,0.206,0.083,17.069
2019-11-10 07:00,0.445,0.424,0.101,18.499
2019-11-10 08:00,0.570,0.581,0.111,19.832
2019-11-10 09:00,0.617,0.639,0.122,20.802
2019-11-10 10:00,0.585,0.581,0.138,21.408
2019-11-10 11:00,0.487,0.438,0.150,21.685
2019-11-10 12:00,0.343,0.265,0.144,21.676
2019-11-10 13:00,0.181,0.118,0.103,21.198
2019-11-10 14:00,0.060,0.050,0.038,20.041
2019-11-10 15:00,0,-0,0,19.480
2019-11-10 16:00,0,0,0,19.288
2019-11-10 17:00,0,0,0,18.743
2019-11-10 18:00,0,0,0,18.227
2019-11-10 19:00,0,0,0,17.916
2019-11-10 20:00,0,0,0,17.835
2019-11-10 21:00,0,0,0,17.833
2019-11-10 22:00,0,0,0,17.716
2019-11-10 23:00,0,0,0,17.555
2019-11-11 00:00,0,0,0,17.394
2019-11-11 01:00,0,0,0,17.223
2019-11-11 02:00,0,0,0,17.039
2019-11-11 03:00,0,0,0,16.873
2019-11-11 04:00,0,0,0,16.701
2019-11-11 05:00,0.025,0.021,0.027,16.840
2019-11-11 06:00,0.181,0.121,0.097,18.341
2019-11-11 07:00,0.344,0.267,0.138,19.427
2019-11-11 08:00,0.434,0.347,0.170,20.580
2019-11-11 09:00,0.401,0.272,0.207,21.747
2019-11-11 10:00,0.351,0.201,0.218,22.146
2019-11-11 11:00,0.287,0.143,0.201,22.235
2019-11-11 12:00,0.198,0.084,0.158,21.926
2019-11-11 13:00,0.130,0.061,0.105,21.072
2019-11-11 14:00,0.033,0.022,0.034,19.392
2019-11-11 15:00,0,-0,0,17.789
2019-11-11 16:00,0,0,0,17.221
2019-11-11 17:00,0,0,0,16.750
2019-11-11 18:00,0,0,0,16.332
2019-11-11 19:00,0,0,0,16.039
2019-11-11 20:00,0,0,0,15.867
2019-11-11 21:00,0,0,0,15.606
2019-11-11 22:00,0,0,0,15.369
2019-11-11 23:00,0,0,0,15.228
2019-11-12 00:00,0,0,0,15.126
2019-11-12 01:00,0,0,0,14.989
2019-11-12 02:00,0,0,0,14.784
2019-11-12 03:00,0,0,0,14.449
2019-11-12 04:00,0,0,0,14.087
2019-11-12 05:00,0.044,0.043,0.025,14.163
2019-11-12 06:00,0.263,0.233,0.073,15.753
2019-11-12 07:00,0.468,0.462,0.088,16.882
2019-11-12 08:00,0.601,0.635,0.094,18.320
2019-11-12 09:00,0.661,0.723,0.098,19.957
2019-11-12 10:00,0.668,0.741,0.097,21.507
2019-11-12 11:00,0.618,0.676,0.093,22.228
2019-11-12 12:00,0.500,0.517,0.089,22.251
2019-11-12 13:00,0.325,0.310,0.076,21.438
2019-11-12 14:00,0.091,0.089,0.033,19.069
2019-11-12 15:00,0,-0,0,17.047
2019-11-12 16:00,0,0,0,16.172
2019-11-12 17:00,0,0,0,15.467
2019-11-12 18:00,0,0,0,14.885
2019-11-12 19:00,0,0,0,14.399
2019-11-12 20:00,0,0,0,14.175
2019-11-12 21:00,0,0,0,14.236
2019-11-12 22:00,0,0,0,14.434
2019-11-12 23:00,0,0,0,14.567
2019-11-13 00:00,0,0,0,14.748
2019-11-13 01:00,0,0,0,15.009
2019-11-13 02:00,0,0,0,15.310
2019-11-13 03:00,0,0,0,15.394
2019-11-13 04:00,0,0,0,15.156
2019-11-13 05:00,0.032,0.029,0.026,15.101
2019-11-13 06:00,0.207,0.155,0.091,16.782
2019-11-13 07:00,0.306,0.213,0.146,18.021
2019-11-13 08:00,0.255,0.113,0.189,18.809
2019-11-13 09:00,0.258,0.101,0.205,19.492
2019-11-13 10:00,0.389,0.248,0.213,20.356
2019-11-13 11:00,0.382,0.268,0.187,21.391
2019-11-13 12:00,0.302,0.206,0.155,22.013
2019-11-13 13:00,0.172,0.108,0.105,22.223
2019-11-13 14:00,0.032,0.024,0.032,21.203
2019-11-13 15:00,0,-0,0,19.663
2019-11-13 16:00,0,0,0,18.393
2019-11-13 17:00,0,0,0,17.645
2019-11-13 18:00,0,0,0,17.164
2019-11-13 19:00,0,0,0,16.610
2019-11-13 20:00,0,0,0,16.103
2019-11-13 21:00,0,0,0,15.883
2019-11-13 22:00,0,0,0,15.807
2019-11-13 23:00,0,0,0,15.693
2019-11-14 00:00,0,0,0,15.506
2019-11-14 01:00,0,0,0,15.273
2019-11-14 02:00,0,0,0,15.368
2019-11-14 03:00,0,0,0,15.365
2019-11-14 04:00,0,0,0,15.208
2019-11-14 05:00,0,0.001,0.013,15.250
2019-11-14 06:00,0.039,0.005,0.059,16.143
2019-11-14 07:00,0.098,0.013,0.116,16.973
2019-11-14 08:00,0.124,0.014,0.142,17.248
2019-11-14 09:00,0.134,0.014,0.153,17.149
2019-11-14 10:00,0.118,0.010,0.139,16.799
2019-11-14 11:00,0.086,0.006,0.108,16.458
2019-11-14 12:00,0.055,0.004,0.077,16.301
2019-11-14 13:00,0.021,0.002,0.041,16.121
2019-11-14 14:00,0,0.001,0.011,15.798
2019-11-14 15:00,0,-0,0,15.564
2019-11-14 16:00,0,0,0,15.552
2019-11-14 17:00,0,0,0,15.596
2019-11-14 18:00,0,0,0,15.486
2019-11-14 19:00,0,0,0,15.410
2019-11-14 20:00,0,0,0,15.132
2019-11-14 21:00,0,0,0,14.687
2019-11-14 22:00,0,0,0,14.337
2019-11-14 23:00,0,0,0,14.067
2019-11-15 00:00,0,0,0,13.853
2019-11-15 01:00,0,0,0,13.665
2019-11-15 02:00,0,0,0,13.528
2019-11-15 03:00,0,0,0,13.391
2019-11-15 04:00,0,0,0,13.235
2019-11-15 05:00,0.039,0.040,0.022,13.555
2019-11-15 06:00,0.258,0.230,0.071,15.552
2019-11-15 07:00,0.464,0.458,0.086,16.668
2019-11-15 08:00,0.596,0.625,0.093,17.786
2019-11-15 09:00,0.658,0.713,0.098,18.692
2019-11-15 10:00,0.664,0.724,0.098,19.278
2019-11-15 11:00,0.611,0.652,0.096,19.600
2019-11-15 12:00,0.483,0.482,0.094,19.600
2019-11-15 13:00,0.290,0.262,0.080,19.326
2019-11-15 14:00,0.065,0.063,0.030,18.391
2019-11-15 15:00,0,-0,0,17.511
2019-11-15 16:00,0,0,0,16.845
2019-11-15 17:00,0,0,0,15.958
2019-11-15 18:00,0,0,0,15.224
2019-11-15 19:00,0,0,0,14.699
2019-11-15 20:00,0,0,0,14.479
2019-11-15 21:00,0,0,0,14.666
2019-11-15 22:00,0,0,0,14.835
2019-11-15 23:00,0,0,0,14.694
2019-11-16 00:00,0,0,0,14.374
2019-11-16 01:00,0,0,0,13.884
2019-11-16 02:00,0,0,0,13.385
2019-11-16 03:00,0,0,0,12.969
2019-11-16 04:00,0,0,0,12.776
2019-11-16 05:00,0.030,0.032,0.021,13.150
2019-11-16 06:00,0.232,0.197,0.074,15.512
2019-11-16 07:00,0.435,0.417,0.092,17.142
2019-11-16 08:00,0.565,0.580,0.101,18.539
2019-11-16 09:00,0.633,0.675,0.104,19.430
2019-11-16 10:00,0.637,0.681,0.105,19.899
2019-11-16 11:00,0.581,0.604,0.104,20.067
2019-11-16 12:00,0.446,0.429,0.102,19.866
2019-11-16 13:00,0.260,0.224,0.084,19.182
2019-11-16 14:00,0.049,0.046,0.029,17.693
2019-11-16 15:00,0,0,0,16.163
2019-11-16 16:00,0,0,0,15.638
2019-11-16 17:00,0,0,0,15.292
2019-11-16 18:00,0,0,0,15.093
2019-11-16 19:00,0,0,0,14.928
2019-11-16 20:00,0,0,0,14.727
2019-11-16 21:00,0,0,0,14.489
2019-11-16 22:00,0,0,0,14.241
2019-11-16 23:00,0,0,0,14.040
2019-11-17 00:00,0,0,0,13.824
2019-11-17 01:00,0,0,0,13.680
2019-11-17 02:00,0,0,0,13.596
2019-11-17 03:00,0,0,0,13.441
2019-11-17 04:00,0,0,0,13.249
2019-11-17 05:00,0.033,0.036,0.020,13.381
2019-11-17 06:00,0.246,0.219,0.068,15.204
2019-11-17 07:00,0.459,0.454,0.082,16.386
2019-11-17 08:00,0.596,0.633,0.088,17.920
2019-11-17 09:00,0.652,0.711,0.093,19.190
2019-11-17 10:00,0.663,0.732,0.092,20.146
2019-11-17 11:00,0.616,0.670,0.088,20.485
2019-11-17 12:00,0.493,0.506,0.085,20.255
2019-11-17 13:00,0.312,0.296,0.072,19.369
2019-11-17 14:00,0.066,0.066,0.027,17.320
2019-11-17 15:00,0,0,0,15.383
2019-11-17 16:00,0,0,0,14.605
2019-11-17 17:00,0,0,0,14.143
2019-11-17 18:00,0,0,0,13.915
2019-11-17 19:00,0,0,0,13.841
2019-11-17 20:00,0,0,0,13.920
2019-11-17 21:00,0,0,0,14.035
2019-11-17 22:00,0,0,0,14.107
2019-11-17 23:00,0,0,0,14.114
2019-11-18 00:00,0,0,0,14.057
2019-11-18 01:00,0,0,0,13.943
2019-11-18 02:00,0,0,0,13.782
2019-11-18 03:00,0,0,0,13.577
2019-11-18 04:00,0,0,0,13.373
2019-11-18 05:00,0.018,0.019,0.020,13.466
2019-11-18 06:00,0.180,0.129,0.086,15.260
2019-11-18 07:00,0.347,0.277,0.126,16.696
2019-11-18 08:00,0.436,0.356,0.157,17.918
2019-11-18 09:00,0.447,0.345,0.183,18.970
2019-11-18 10:00,0.398,0.272,0.200,20.156
2019-11-18 11:00,0.264,0.126,0.189,20.433
2019-11-18 12:00,0.151,0.050,0.138,20.055
2019-11-18 13:00,0.064,0.018,0.074,19.197
2019-11-18 14:00,0.006,0.005,0.019,18.284
2019-11-18 15:00,0,0,0,17.538
2019-11-18 16:00,0,0,0,16.983
2019-11-18 17:00,0,0,0,16.524
2019-11-18 18:00,0,0,0,16.083
2019-11-18 19:00,0,0,0,15.684
2019-11-18 20:00,0,0,0,15.327
2019-11-18 21:00,0,0,0,15.202
2019-11-18 22:00,0,0,0,15.201
2019-11-18 23:00,0,0,0,15.412
2019-11-19 00:00,0,0,0,15.406
2019-11-19 01:00,0,0,0,15.307
2019-11-19 02:00,0,0,0,15.139
2019-11-19 03:00,0,0,0,14.659
2019-11-19 04:00,0,0,0,14.038
2019-11-19 05:00,0.023,0.027,0.018,13.670
2019-11-19 06:00,0.214,0.178,0.073,14.542
2019-11-19 07:00,0.422,0.396,0.093,15.657
2019-11-19 08:00,0.557,0.565,0.101,17.469
2019-11-19 09:00,0.620,0.650,0.106,18.843
2019-11-19 10:00,0.626,0.662,0.106,19.690
2019-11-19 11:00,0.574,0.595,0.103,20.153
2019-11-19 12:00,0.449,0.438,0.097,20.100
2019-11-19 13:00,0.270,0.240,0.079,19.412
2019-11-19 14:00,0.048,0.047,0.026,17.268
2019-11-19 15:00,0,0,0,15.603
2019-11-19 16:00,0,0,0,14.849
2019-11-19 17:00,0,0,0,14.221
2019-11-19 18:00,0,0,0,13.715
2019-11-19 19:00,0,0,0,13.303
2019-11-19 20:00,0,0,0,12.983
2019-11-19 21:00,0,0,0,12.767
2019-11-19 22:00,0,0,0,12.597
2019-11-19 23:00,0,0,0,12.469
2019-11-20 00:00,0,0,0,12.367
2019-11-20 01:00,0,0,0,12.203
2019-11-20 02:00,0,0,0,11.967
2019-11-20 03:00,0,0,0,11.575
2019-11-20 04:00,0,0,0,11.075
2019-11-20 05:00,0.034,0.039,0.017,10.877
2019-11-20 06:00,0.280,0.263,0.057,12.670
2019-11-20 07:00,0.503,0.519,0.066,13.917
2019-11-20 08:00,0.637,0.696,0.071,15.729
2019-11-20 09:00,0.696,0.786,0.075,17.712
2019-11-20 10:00,0.701,0.797,0.076,18.591
2019-11-20 11:00,0.650,0.726,0.073,18.946
2019-11-20 12:00,0.532,0.569,0.070,18.910
2019-11-20 13:00,0.341,0.338,0.062,18.226
2019-11-20 14:00,0.066,0.070,0.023,16.028
2019-11-20 15:00,0,0,0,14.434
2019-11-20 16:00,0,0,0,13.616
2019-11-20 17:00,0,0,0,13.011
2019-11-20 18:00,0,0,0,12.569
2019-11-20 19:00,0,0,0,12.366
2019-11-20 20:00,0,0,0,12.360
2019-11-20 21:00,0,0,0,12.483
2019-11-20 22:00,0,0,0,12.771
2019-11-20 23:00,0,0,0,13.097
2019-11-21 00:00,0,0,0,13.237
2019-11-21 01:00,0,0,0,13.327
2019-11-21 02:00,0,0,0,13.134
2019-11-21 03:00,0,0,0,12.857
2019-11-21 04:00,0,0,0,12.577
2019-11-21 05:00,0.023,0.028,0.017,12.491
2019-11-21 06:00,0.220,0.187,0.070,13.758
2019-11-21 07:00,0.427,0.406,0.089,15.165
2019-11-21 08:00,0.564,0.574,0.097,16.531
2019-11-21 09:00,0.631,0.666,0.101,17.658
2019-11-21 10:00,0.639,0.681,0.100,18.367
2019-11-21 11:00,0.588,0.615,0.097,18.646
2019-11-21 12:00,0.461,0.453,0.093,18.574
2019-11-21 13:00,0.257,0.225,0.078,17.855
2019-11-21 14:00,0.036,0.037,0.023,15.687
2019-11-21 15:00,0,0,0,14.187
2019-11-21 16:00,0,0,0,13.642
2019-11-21 17:00,0,0,0,13.253
2019-11-21 18:00,0,0,0,12.951
2019-11-21 19:00,0,0,0,12.707
2019-11-21 20:00,0,0,0,12.516
2019-11-21 21:00,0,0,0,12.475
2019-11-21 22:00,0,0,0,12.541
2019-11-21 23:00,0,0,0,12.572
2019-11-22 00:00,0,0,0,12.488
2019-11-22 01:00,0,0,0,12.389
2019-11-22 02:00,0,0,0,12.283
2019-11-22 03:00,0,0,0,12.300
2019-11-22 04:00,0,0,0,12.320
2019-11-22 05:00,0.006,0.009,0.014,12.510
2019-11-22 06:00,0.116,0.063,0.082,13.647
2019-11-22 07:00,0.266,0.173,0.135,14.424
2019-11-22 08:00,0.409,0.315,0.158,15.123
2019-11-22 09:00,0.491,0.410,0.164,15.694
2019-11-22 10:00,0.502,0.426,0.164,16.060
2019-11-22 11:00,0.434,0.345,0.161,16.135
2019-11-22 12:00,0.252,0.149,0.146,15.806
2019-11-22 13:00,0.086,0.034,0.080,15.104
2019-11-22 14:00,0.002,0.004,0.014,14.095
2019-11-22 15:00,0,0,0,13.448
2019-11-22 16:00,0,0,0,13.235
2019-11-22 17:00,0,0,0,13.150
2019-11-22 18:00,0,0,0,13.032
2019-11-22 19:00,0,0,0,12.954
2019-11-22 20:00,0,0,0,12.944
2019-11-22 21:00,0,0,0,12.936
2019-11-22 22:00,0,0,0,12.925
2019-11-22 23:00,0,0,0,12.925
2019-11-23 00:00,0,0,0,12.931
2019-11-23 01:00,0,0,0,13.016
2019-11-23 02:00,0,0,0,13.128
2019-11-23 03:00,0,0,0,13.226
2019-11-23 04:00,0,0,0,13.321
2019-11-23 05:00,0,0,0.005,13.408
2019-11-23 06:00,0.018,0.003,0.036,13.863
2019-11-23 07:00,0.073,0.010,0.090,14.341
2019-11-23 08:00,0.138,0.026,0.144,14.842
2019-11-23 09:00,0.225,0.069,0.195,15.376
2019-11-23 10:00,0.319,0.159,0.211,15.866
2019-11-23 11:00,0.385,0.264,0.183,16.278
2019-11-23 12:00,0.303,0.203,0.148,16.333
2019-11-23 13:00,0.132,0.070,0.093,15.990
2019-11-23 14:00,0.013,0.012,0.021,14.780
2019-11-23 15:00,0,0,0,13.672
2019-11-23 16:00,0,0,0,13.436
2019-11-23 17:00,0,0,0,13.251
2019-11-23 18:00,0,0,0,13.066
2019-11-23 19:00,0,0,0,13.016
2019-11-23 20:00,0,0,0,13.035
2019-11-23 21:00,0,0,0,13.028
2019-11-23 22:00,0,0,0,12.987
2019-11-23 23:00,0,0,0,12.911
2019-11-24 00:00,0,0,0,12.732
2019-11-24 01:00,0,0,0,12.534
2019-11-24 02:00,0,0,0,12.371
2019-11-24 03:00,0,0,0,12.255
2019-11-24 04:00,0,0,0,12.164
2019-11-24 05:00,0.005,0.010,0.013,12.280
2019-11-24 06:00,0.125,0.077,0.078,13.725
2019-11-24 07:00,0.300,0.222,0.124,14.650
2019-11-24 08:00,0.424,0.345,0.147,15.355
2019-11-24 09:00,0.468,0.385,0.162,15.906
2019-11-24 10:00,0.478,0.399,0.162,16.400
2019-11-24 11:00,0.451,0.381,0.146,16.702
2019-11-24 12:00,0.364,0.301,0.122,16.727
2019-11-24 13:00,0.213,0.167,0.085,16.385
2019-11-24 14:00,0.028,0.028,0.022,14.907
2019-11-24 15:00,0,0,0,13.727
2019-11-24 16:00,0,0,0,13.294
2019-11-24 17:00,0,0,0,12.931
2019-11-24 18:00,0,0,0,12.558
2019-11-24 19:00,0,0,0,12.174
2019-11-24 20:00,0,0,0,11.947
2019-11-24 21:00,0,0,0,11.783
2019-11-24 22:00,0,0,0,11.642
2019-11-24 23:00,0,0,0,11.556
2019-11-25 00:00,0,0,0,11.591
2019-11-25 01:00,0,0,0,11.647
2019-11-25 02:00,0,0,0,11.819
2019-11-25 03:00,0,0,0,11.840
2019-11-25 04:00,0,0,0,11.685
2019-11-25 05:00,0,0.003,0.011,11.540
2019-11-25 06:00,0.068,0.020,0.074,12.509
2019-11-25 07:00,0.110,0.022,0.117,13.204
2019-11-25 08:00,0.126,0.019,0.138,13.684
2019-11-25 09:00,0.153,0.023,0.162,14.157
2019-11-25 10:00,0.120,0.013,0.137,14.665
2019-11-25 11:00,0.093,0.009,0.113,15.075
2019-11-25 12:00,0.060,0.006,0.080,15.275
2019-11-25 13:00,0.018,0.002,0.036,14.999
2019-11-25 14:00,0,0.001,0.007,14.562
2019-11-25 15:00,0,0,0,14.499
2019-11-25 16:00,0,0,0,14.553
2019-11-25 17:00,0,0,0,14.527
2019-11-25 18:00,0,0,0,14.263
2019-11-25 19:00,0,0,0,13.892
2019-11-25 20:00,0,0,0,13.567
2019-11-25 21:00,0,0,0,13.218
2019-11-25 22:00,0,0,0,13.012
2019-11-25 23:00,0,0,0,13.001
2019-11-26 00:00,0,0,0,13.063
2019-11-26 01:00,0,0,0,13.100
2019-11-26 02:00,0,0,0,13.100
2019-11-26 03:00,0,0,0,13.034
2019-11-26 04:00,0,0,0,12.939
2019-11-26 05:00,0,0,0.004,12.924
2019-11-26 06:00,0.011,0.001,0.029,13.338
2019-11-26 07:00,0.034,0.002,0.055,13.938
2019-11-26 08:00,0.055,0.003,0.077,14.396
2019-11-26 09:00,0.089,0.007,0.110,14.906
2019-11-26 10:00,0.147,0.020,0.160,15.562
2019-11-26 11:00,0.142,0.023,0.152,16.090
2019-11-26 12:00,0.095,0.014,0.110,16.272
2019-11-26 13:00,0.036,0.006,0.054,15.817
2019-11-26 14:00,0,0.001,0.010,14.836
2019-11-26 15:00,0,0,0,14.352
2019-11-26 16:00,0,0,0,14.172
2019-11-26 17:00,0,0,0,13.849
2019-11-26 18:00,0,0,0,13.426
2019-11-26 19:00,0,0,0,12.892
2019-11-26 20:00,0,0,0,12.467
2019-11-26 21:00,0,0,0,12.200
2019-11-26 22:00,0,0,0,12.258
2019-11-26 23:00,0,0,0,12.260
2019-11-27 00:00,0,0,0,12.374
2019-11-27 01:00,0,0,0,12.503
2019-11-27 02:00,0,0,0,12.535
2019-11-27 03:00,0,0,0,12.269
2019-11-27 04:00,0,0,0,11.959
2019-11-27 05:00,0,0.001,0.005,11.739
2019-11-27 06:00,0.035,0.007,0.051,11.673
2019-11-27 07:00,0.106,0.021,0.112,11.662
2019-11-27 08:00,0.140,0.025,0.144,11.662
2019-11-27 09:00,0.156,0.026,0.160,11.750
2019-11-27 10:00,0.173,0.033,0.171,11.954
2019-11-27 11:00,0.180,0.044,0.168,12.147
2019-11-27 12:00,0.144,0.040,0.133,12.301
2019-11-27 13:00,0.077,0.025,0.078,12.309
2019-11-27 14:00,0.004,0.005,0.016,12.120
2019-11-27 15:00,0,0,0,11.822
2019-11-27 16:00,0,0,0,11.662
2019-11-27 17:00,0,0,0,11.530
2019-11-27 18:00,0,0,0,11.445
2019-11-27 19:00,0,0,0,11.382
2019-11-27 20:00,0,0,0,11.327
2019-11-27 21:00,0,0,0,11.373
2019-11-27 22:00,0,0,0,11.448
2019-11-27 23:00,0,0,0,11.470
2019-11-28 00:00,0,0,0,11.440
2019-11-28 01:00,0,0,0,11.397
2019-11-28 02:00,0,0,0,11.531
2019-11-28 03:00,0,0,0,11.607
2019-11-28 04:00,0,0,0,11.730
2019-11-28 05:00,0,0.003,0.009,11.950
2019-11-28 06:00,0.075,0.031,0.070,13.106
2019-11-28 07:00,0.190,0.091,0.133,14.065
2019-11-28 08:00,0.217,0.088,0.166,14.843
2019-11-28 09:00,0.295,0.150,0.192,15.545
2019-11-28 10:00,0.459,0.364,0.172,16.271
2019-11-28 11:00,0.503,0.460,0.134,16.951
2019-11-28 12:00,0.361,0.297,0.123,17.242
2019-11-28 13:00,0.145,0.093,0.086,17.053
2019-11-28 14:00,0.004,0.007,0.015,15.968
2019-11-28 15:00,0,0,0,15.467
2019-11-28 16:00,0,0,0,15.249
2019-11-28 17:00,0,0,0,14.875
2019-11-28 18:00,0,0,0,14.447
2019-11-28 19:00,0,0,0,14.250
2019-11-28 20:00,0,0,0,14.377
2019-11-28 21:00,0,0,0,14.563
2019-11-28 22:00,0,0,0,14.675
2019-11-28 23:00,0,0,0,14.837
2019-11-29 00:00,0,0,0,14.877
2019-11-29 01:00,0,0,0,14.981
2019-11-29 02:00,0,0,0,15.198
2019-11-29 03:00,0,0,0,15.359
2019-11-29 04:00,0,0,0,15.277
2019-11-29 05:00,0,0.004,0.010,15.395
2019-11-29 06:00,0.035,0.009,0.050,16.012
2019-11-29 07:00,0.101,0.024,0.106,16.815
2019-11-29 08:00,0.184,0.060,0.161,17.502
2019-11-29 09:00,0.258,0.110,0.194,18.044
2019-11-29 10:00,0.298,0.152,0.197,18.437
2019-11-29 11:00,0.325,0.206,0.176,18.703
2019-11-29 12:00,0.311,0.232,0.133,18.711
2019-11-29 13:00,0.204,0.159,0.084,18.169
2019-11-29 14:00,0.023,0.026,0.019,16.730
2019-11-29 15:00,0,0,0,15.258
2019-11-29 16:00,0,0,0,14.460
2019-11-29 17:00,0,0,0,13.863
2019-11-29 18:00,0,0,0,13.449
2019-11-29 19:00,0,0,0,13.083
2019-11-29 20:00,0,0,0,12.755
2019-11-29 21:00,0,0,0,12.600
2019-11-29 22:00,0,0,0,12.697
2019-11-29 23:00,0,0,0,12.780
2019-11-30 00:00,0,0,0,12.833
2019-11-30 01:00,0,0,0,12.680
2019-11-30 02:00,0,0,0,12.597
2019-11-30 03:00,0,0,0,12.439
2019-11-30 04:00,0,0,0,12.180
2019-11-30 05:00,0.017,0.026,0.011,12.207
2019-11-30 06:00,0.240,0.223,0.056,14.106
2019-11-30 07:00,0.453,0.455,0.073,15.484
2019-11-30 08:00,0.577,0.606,0.083,16.628
2019-11-30 09:00,0.641,0.695,0.087,17.777
2019-11-30 10:00,0.651,0.713,0.087,18.545
2019-11-30 11:00,0.596,0.640,0.084,18.930
2019-11-30 12:00,0.469,0.476,0.081,19.005
2019-11-30 13:00,0.223,0.192,0.073,18.504
2019-11-30 14:00,0.010,0.014,0.015,17.056
2019-11-30 15:00,0,0,0,16.596
2019-11-30 16:00,0,0,0,16.154
2019-11-30 17:00,0,0,0,15.604
2019-11-30 18:00,0,0,0,14.889
2019-11-30 19:00,0,0,0,13.743
2019-11-30 20:00,0,0,0,12.158
2019-11-30 21:00,0,0,0,10.835
2019-11-30 22:00,0,0,0,10.288
2019-11-30 23:00,0,0,0,10.289
2019-12-01 00:00,0,0,0,10.087
2019-12-01 01:00,0,0,0,9.706
2019-12-01 02:00,0,0,0,9.284
2019-12-01 03:00,0,0,0,8.899
2019-12-01 04:00,0,0,0,8.566
2019-12-01 05:00,0,0.001,0.007,8.606
2019-12-01 06:00,0.039,0.008,0.054,9.095
2019-12-01 07:00,0.067,0.009,0.083,9.714
2019-12-01 08:00,0.116,0.015,0.128,10.081
2019-12-01 09:00,0.096,0.009,0.113,9.962
2019-12-01 10:00,0.133,0.017,0.143,9.977
2019-12-01 11:00,0.162,0.033,0.158,10.045
2019-12-01 12:00,0.124,0.028,0.123,9.922
2019-12-01 13:00,0.048,0.011,0.061,9.651
2019-12-01 14:00,0,0.002,0.011,9.340
2019-12-01 15:00,0,0,0,8.888
2019-12-01 16:00,0,0,0,8.654
2019-12-01 17:00,0,0,0,8.478
2019-12-01 18:00,0,0,0,8.303
2019-12-01 19:00,0,0,0,8.079
2019-12-01 20:00,0,0,0,7.938
2019-12-01 21:00,0,0,0,7.858
2019-12-01 22:00,0,0,0,7.710
2019-12-01 23:00,0,0,0,7.587
2019-12-02 00:00,0,0,0,7.489
2019-12-02 01:00,0,0,0,7.346
2019-12-02 02:00,0,0,0,7.311
2019-12-02 03:00,0,0,0,7.209
2019-12-02 04:00,0,0,0,7.198
2019-12-02 05:00,0.007,0.015,0.010,7.271
2019-12-02 06:00,0.183,0.149,0.063,8.806
2019-12-02 07:00,0.393,0.354,0.088,9.673
2019-12-02 08:00,0.592,0.602,0.083,10.301
2019-12-02 09:00,0.665,0.699,0.085,10.823
2019-12-02 10:00,0.687,0.736,0.081,11.216
2019-12-02 11:00,0.629,0.660,0.079,11.424
2019-12-02 12:00,0.513,0.518,0.071,11.449
2019-12-02 13:00,0.318,0.303,0.058,11.181
2019-12-02 14:00,0.036,0.042,0.016,10.337
2019-12-02 15:00,0,0,0,9.896
2019-12-02 16:00,0,0,0,9.604
2019-12-02 17:00,0,0,0,9.254
2019-12-02 18:00,0,0,0,8.916
2019-12-02 19:00,0,0,0,8.557
2019-12-02 20:00,0,0,0,8.348
2019-12-02 21:00,0,0,0,8.361
2019-12-02 22:00,0,0,0,8.410
2019-12-02 23:00,0,0,0,8.575
2019-12-03 00:00,0,0,0,8.685
2019-12-03 01:00,0,0,0,8.677
2019-12-03 02:00,0,0,0,8.674
2019-12-03 03:00,0,0,0,8.696
2019-12-03 04:00,0,0,0,8.681
2019-12-03 05:00,0.002,0.007,0.010,8.744
2019-12-03 06:00,0.072,0.028,0.069,10.109
2019-12-03 07:00,0.076,0.013,0.089,10.794
2019-12-03 08:00,0.119,0.019,0.127,11.047
2019-12-03 09:00,0.244,0.081,0.198,11.491
2019-12-03 10:00,0.234,0.076,0.194,11.681
2019-12-03 11:00,0.188,0.052,0.168,11.539
2019-12-03 12:00,0.082,0.013,0.095,11.077
2019-12-03 13:00,0.018,0.003,0.035,10.532
2019-12-03 14:00,0,0,0.005,10.067
2019-12-03 15:00,0,0,0,9.767
2019-12-03 16:00,0,0,0,9.541
2019-12-03 17:00,0,0,0,9.334
2019-12-03 18:00,0,0,0,9.110
2019-12-03 19:00,0,0,0,8.825
2019-12-03 20:00,0,0,0,8.517
2019-12-03 21:00,0,0,0,8.319
2019-12-03 22:00,0,0,0,8.083
2019-12-03 23:00,0,0,0,7.872
2019-12-04 00:00,0,0,0,7.717
2019-12-04 01:00,0,0,0,7.394
2019-12-04 02:00,0,0,0,7.301
2019-12-04 03:00,0,0,0,7.427
2019-12-04 04:00,0,0,0,7.513
2019-12-04 05:00,0,0,0.002,7.468
2019-12-04 06:00,0.002,0.001,0.018,7.794
2019-12-04 07:00,0.026,0.002,0.046,8.073
2019-12-04 08:00,0.054,0.003,0.074,8.263
2019-12-04 09:00,0.067,0.004,0.088,8.532
2019-12-04 10:00,0.068,0.004,0.088,8.736
2019-12-04 11:00,0.064,0.004,0.084,8.847
2019-12-04 12:00,0.046,0.003,0.065,8.957
2019-12-04 13:00,0.018,0.002,0.035,8.984
2019-12-04 14:00,0,0,0.006,8.859
2019-12-04 15:00,0,0,0,8.817
2019-12-04 16:00,0,0,0,8.715
2019-12-04 17:00,0,0,0,8.520
2019-12-04 18:00,0,0,0,8.320
2019-12-04 19:00,0,0,0,8.109
2019-12-04 20:00,0,0,0,7.952
2019-12-04 21:00,0,0,0,7.832
2019-12-04 22:00,0,0,0,7.647
2019-12-04 23:00,0,0,0,7.411
2019-12-05 00:00,0,0,0,7.141
2019-12-05 01:00,0,0,0,6.831
2019-12-05 02:00,0,0,0,6.619
2019-12-05 03:00,0,0,0,6.460
2019-12-05 04:00,0,0,0,6.246
2019-12-05 05:00,0.010,0.019,0.009,6.266
2019-12-05 06:00,0.240,0.217,0.054,7.895
2019-12-05 07:00,0.457,0.442,0.073,9.036
2019-12-05 08:00,0.562,0.555,0.091,9.689
2019-12-05 09:00,0.602,0.594,0.104,10.219
2019-12-05 10:00,0.609,0.602,0.106,10.516
2019-12-05 11:00,0.527,0.496,0.108,10.634
2019-12-05 12:00,0.441,0.410,0.089,10.517
2019-12-05 13:00,0.254,0.223,0.066,10.027
2019-12-05 14:00,0.023,0.029,0.015,8.920
2019-12-05 15:00,0,0,0,7.900
2019-12-05 16:00,0,0,0,7.580
2019-12-05 17:00,0,0,0,7.424
2019-12-05 18:00,0,0,0,7.332
2019-12-05 19:00,0,0,0,7.229
2019-12-05 20:00,0,0,0,7.105
2019-12-05 21:00,0,0,0,6.999
2019-12-05 22:00,0,0,0,6.896
2019-12-05 23:00,0,0,0,6.739
2019-12-06 00:00,0,0,0,6.476
2019-12-06 01:00,0,0,0,6.269
2019-12-06 02:00,0,0,0,6.069
2019-12-06 03:00,0,0,0,5.793
2019-12-06 04:00,0,0,0,5.482
2019-12-06 05:00,0.017,0.027,0.008,5.374
2019-12-06 06:00,0.277,0.264,0.045,7.047
2019-12-06 07:00,0.504,0.511,0.058,8.442
2019-12-06 08:00,0.642,0.682,0.064,9.199
2019-12-06 09:00,0.708,0.771,0.068,9.836
2019-12-06 10:00,0.714,0.781,0.069,10.341
2019-12-06 11:00,0.660,0.711,0.066,10.669
2019-12-06 12:00,0.537,0.556,0.061,10.762
2019-12-06 13:00,0.340,0.333,0.050,10.422
2019-12-06 14:00,0.040,0.049,0.013,8.855
2019-12-06 15:00,0,0,0,8.184
2019-12-06 16:00,0,0,0,7.862
2019-12-06 17:00,0,0,0,7.485
2019-12-06 18:00,0,0,0,7.059
2019-12-06 19:00,0,0,0,6.659
2019-12-06 20:00,0,0,0,6.401
2019-12-06 21:00,0,0,0,6.342
2019-12-06 22:00,0,0,0,6.371
2019-12-06 23:00,0,0,0,6.350
2019-12-07 00:00,0,0,0,6.314
2019-12-07 01:00,0,0,0,6.307
2019-12-07 02:00,0,0,0,6.309
2019-12-07 03:00,0,0,0,6.234
2019-12-07 04:00,0,0,0,6.130
2019-12-07 05:00,0.010,0.018,0.009,5.979
2019-12-07 06:00,0.243,0.216,0.057,6.951
2019-12-07 07:00,0.469,0.452,0.076,8.841
2019-12-07 08:00,0.595,0.597,0.090,10.051
2019-12-07 09:00,0.599,0.578,0.118,10.862
2019-12-07 10:00,0.417,0.299,0.173,11.075
2019-12-07 11:00,0.176,0.055,0.151,10.843
2019-12-07 12:00,0.072,0.013,0.084,10.394
2019-12-07 13:00,0.020,0.004,0.036,9.632
2019-12-07 14:00,0,0.001,0.007,8.887
2019-12-07 15:00,0,0,0,8.553
2019-12-07 16:00,0,0,0,8.419
2019-12-07 17:00,0,0,0,8.246
2019-12-07 18:00,0,0,0,8.262
2019-12-07 19:00,0,0,0,8.161
2019-12-07 20:00,0,0,0,8.118
2019-12-07 21:00,0,0,0,8.244
2019-12-07 22:00,0,0,0,8.344
2019-12-07 23:00,0,0,0,8.244
2019-12-08 00:00,0,0,0,8.087
2019-12-08 01:00,0,0,0,7.999
2019-12-08 02:00,0,0,0,7.906
2019-12-08 03:00,0,0,0,7.824
2019-12-08 04:00,0,0,0,7.657
2019-12-08 05:00,0,0.002,0.006,7.562
2019-12-08 06:00,0.089,0.050,0.065,8.550
2019-12-08 07:00,0.306,0.232,0.112,9.548
2019-12-08 08:00,0.511,0.471,0.114,10.663
2019-12-08 09:00,0.546,0.502,0.130,11.844
2019-12-08 10:00,0.487,0.411,0.149,12.389
2019-12-08 11:00,0.389,0.293,0.151,12.503
2019-12-08 12:00,0.257,0.168,0.127,12.316
2019-12-08 13:00,0.110,0.064,0.074,11.765
2019-12-08 14:00,0.004,0.009,0.012,10.164
2019-12-08 15:00,0,0,0,9.350
2019-12-08 16:00,0,0,0,8.983
2019-12-08 17:00,0,0,0,8.706
2019-12-08 18:00,0,0,0,8.614
2019-12-08 19:00,0,0,0,8.673
2019-12-08 20:00,0,0,0,8.801
2019-12-08 21:00,0,0,0,8.810
2019-12-08 22:00,0,0,0,8.798
2019-12-08 23:00,0,0,0,8.703
2019-12-09 00:00,0,0,0,8.448
2019-12-09 01:00,0,0,0,8.216
2019-12-09 02:00,0,0,0,7.909
2019-12-09 03:00,0,0,0,7.585
2019-12-09 04:00,0,0,0,7.311
2019-12-09 05:00,0.006,0.015,0.008,7.178
2019-12-09 06:00,0.228,0.206,0.052,8.228
2019-12-09 07:00,0.459,0.451,0.068,9.752
2019-12-09 08:00,0.603,0.626,0.074,10.706
2019-12-09 09:00,0.668,0.713,0.079,11.589
2019-12-09 10:00,0.674,0.724,0.079,12.164
2019-12-09 11:00,0.618,0.651,0.076,12.438
2019-12-09 12:00,0.491,0.495,0.071,12.439
2019-12-09 13:00,0.291,0.276,0.056,11.931
2019-12-09 14:00,0.025,0.033,0.013,10.363
2019-12-09 15:00,0,0,0,9.519
2019-12-09 16:00,0,0,0,9.039
2019-12-09 17:00,0,0,0,8.592
2019-12-09 18:00,0,0,0,8.157
2019-12-09 19:00,0,0,0,7.821
2019-12-09 20:00,0,0,0,7.520
2019-12-09 21:00,0,0,0,7.430
2019-12-09 22:00,0,0,0,7.335
2019-12-09 23:00,0,0,0,7.202
2019-12-10 00:00,0,0,0,7.174
2019-12-10 01:00,0,0,0,7.123
2019-12-10 02:00,0,0,0,7.020
2019-12-10 03:00,0,0,0,6.858
2019-12-10 04:00,0,0,0,6.626
2019-12-10 05:00,0.007,0.016,0.008,6.472
2019-12-10 06:00,0.237,0.216,0.051,7.416
2019-12-10 07:00,0.466,0.459,0.066,9.123
2019-12-10 08:00,0.606,0.632,0.073,10.487
2019-12-10 09:00,0.672,0.722,0.077,11.699
2019-12-10 10:00,0.677,0.731,0.077,12.521
2019-12-10 11:00,0.619,0.658,0.074,13.168
2019-12-10 12:00,0.493,0.502,0.069,13.332
2019-12-10 13:00,0.290,0.277,0.055,12.715
2019-12-10 14:00,0.024,0.033,0.012,10.805
2019-12-10 15:00,0,0,0,9.604
2019-12-10 16:00,0,0,0,9.001
2019-12-10 17:00,0,0,0,8.618
2019-12-10 18:00,0,0,0,8.267
2019-12-10 19:00,0,0,0,7.901
2019-12-10 20:00,0,0,0,7.545
2019-12-10 21:00,0,0,0,7.287
2019-12-10 22:00,0,0,0,7.035
2019-12-10 23:00,0,0,0,6.747
2019-12-11 00:00,0,0,0,6.429
2019-12-11 01:00,0,0,0,6.077
2019-12-11 02:00,0,0,0,5.740
2019-12-11 03:00,0,0,0,5.448
2019-12-11 04:00,0,0,0,5.234
2019-12-11 05:00,0.002,0.010,0.008,5.197
2019-12-11 06:00,0.122,0.080,0.068,6.876
2019-12-11 07:00,0.264,0.175,0.122,8.420
2019-12-11 08:00,0.350,0.235,0.159,9.937
2019-12-11 09:00,0.354,0.213,0.187,11.206
2019-12-11 10:00,0.219,0.077,0.177,11.994
2019-12-11 11:00,0.191,0.065,0.159,12.413
2019-12-11 12:00,0.152,0.055,0.128,12.594
2019-12-11 13:00,0.021,0.004,0.037,11.635
2019-12-11 14:00,0,0,0.004,10.694
2019-12-11 15:00,0,0,0,10.343
2019-12-11 16:00,0,0,0,10.213
2019-12-11 17:00,0,0,0,10.142
2019-12-11 18:00,0,0,0,10.079
2019-12-11 19:00,0,0,0,9.615
2019-12-11 20:00,0,0,0,8.974
2019-12-11 21:00,0,0,0,8.673
2019-12-11 22:00,0,0,0,8.487
2019-12-11 23:00,0,0,0,8.413
2019-12-12 00:00,0,0,0,8.383
2019-12-12 01:00,0,0,0,8.303
2019-12-12 02:00,0,0,0,8.248
2019-12-12 03:00,0,0,0,8.240
2019-12-12 04:00,0,0,0,8.157
2019-12-12 05:00,0,0.001,0.005,8.118
2019-12-12 06:00,0.035,0.009,0.048,8.934
2019-12-12 07:00,0.099,0.021,0.104,10.172
2019-12-12 08:00,0.142,0.029,0.142,10.863
2019-12-12 09:00,0.161,0.031,0.161,11.843
2019-12-12 10:00,0.131,0.019,0.141,12.359
2019-12-12 11:00,0.110,0.015,0.123,12.610
2019-12-12 12:00,0.075,0.011,0.090,12.643
2019-12-12 13:00,0.027,0.005,0.044,12.094
2019-12-12 14:00,0,0.001,0.006,11.326
2019-12-12 15:00,0,0,0,10.948
2019-12-12 16:00,0,0,0,10.599
2019-12-12 17:00,0,0,0,10.236
2019-12-12 18:00,0,0,0,9.927
2019-12-12 19:00,0,0,0,9.661
2019-12-12 20:00,0,0,0,9.551
2019-12-12 21:00,0,0,0,9.669
2019-12-12 22:00,0,0,0,9.915
2019-12-12 23:00,0,0,0,10.174
2019-12-13 00:00,0,0,0,10.291
2019-12-13 01:00,0,0,0,10.245
2019-12-13 02:00,0,0,0,10.181
2019-12-13 03:00,0,0,0,10.089
2019-12-13 04:00,0,0,0,9.992
2019-12-13 05:00,0,0.002,0.005,9.918
2019-12-13 06:00,0.066,0.031,0.059,10.673
2019-12-13 07:00,0.193,0.105,0.120,11.943
2019-12-13 08:00,0.347,0.245,0.151,12.628
2019-12-13 09:00,0.508,0.447,0.142,13.503
2019-12-13 10:00,0.504,0.443,0.143,14.231
2019-12-13 11:00,0.429,0.355,0.141,14.573
2019-12-13 12:00,0.259,0.174,0.126,14.529
2019-12-13 13:00,0.091,0.048,0.071,13.839
2019-12-13 14:00,0,0.003,0.008,12.792
2019-12-13 15:00,0,0,0,12.511
2019-12-13 16:00,0,0,0,12.218
2019-12-13 17:00,0,0,0,11.964
2019-12-13 18:00,0,0,0,11.579
2019-12-13 19:00,0,0,0,11.270
2019-12-13 20:00,0,0,0,10.911
2019-12-13 21:00,0,0,0,10.567
2019-12-13 22:00,0,0,0,10.611
2019-12-13 23:00,0,0,0,10.978
2019-12-14 00:00,0,0,0,11.145
2019-12-14 01:00,0,0,0,11.162
2019-12-14 02:00,0,0,0,10.872
2019-12-14 03:00,0,0,0,10.281
2019-12-14 04:00,0,0,0,9.748
2019-12-14 05:00,0.002,0.012,0.007,9.441
2019-12-14 06:00,0.219,0.199,0.053,10.938
2019-12-14 07:00,0.445,0.439,0.071,12.354
2019-12-14 08:00,0.584,0.608,0.079,13.704
2019-12-14 09:00,0.645,0.690,0.084,14.868
2019-12-14 10:00,0.633,0.672,0.090,15.717
2019-12-14 11:00,0.505,0.487,0.107,16.258
2019-12-14 12:00,0.333,0.282,0.105,16.716
2019-12-14 13:00,0.149,0.112,0.070,16.638
2019-12-14 14:00,0.004,0.010,0.011,15.090
2019-12-14 15:00,0,0,0,13.695
2019-12-14 16:00,0,0,0,12.980
2019-12-14 17:00,0,0,0,12.551
2019-12-14 18:00,0,0,0,12.398
2019-12-14 19:00,0,0,0,12.368
2019-12-14 20:00,0,0,0,12.190
2019-12-14 21:00,0,0,0,11.955
2019-12-14 22:00,0,0,0,11.609
2019-12-14 23:00,0,0,0,11.390
2019-12-15 00:00,0,0,0,11.290
2019-12-15 01:00,0,0,0,11.102
2019-12-15 02:00,0,0,0,10.877
2019-12-15 03:00,0,0,0,10.594
2019-12-15 04:00,0,0,0,10.176
2019-12-15 05:00,0,0.004,0.006,9.784
2019-12-15 06:00,0.125,0.085,0.068,10.938
2019-12-15 07:00,0.227,0.136,0.126,12.038
2019-12-15 08:00,0.154,0.041,0.143,12.368
2019-12-15 09:00,0.080,0.009,0.098,12.174
2019-12-15 10:00,0.065,0.006,0.085,11.965
2019-12-15 11:00,0.141,0.032,0.138,12.192
2019-12-15 12:00,0.219,0.122,0.133,12.551
2019-12-15 13:00,0.219,0.180,0.073,12.416
2019-12-15 14:00,0.015,0.022,0.013,10.992
2019-12-15 15:00,0,0,0,10.509
2019-12-15 16:00,0,0,0,10.395
2019-12-15 17:00,0,0,0,10.317
2019-12-15 18:00,0,0,0,10.099
2019-12-15 19:00,0,0,0,9.887
2019-12-15 20:00,0,0,0,9.630
2019-12-15 21:00,0,0,0,9.426
2019-12-15 22:00,0,0,0,9.233
2019-12-15 23:00,0,0,0,8.901
2019-12-16 00:00,0,0,0,8.511
2019-12-16 01:00,0,0,0,8.274
2019-12-16 02:00,0,0,0,8.163
2019-12-16 03:00,0,0,0,7.852
2019-12-16 04:00,0,0,0,7.343
2019-12-16 05:00,0.006,0.017,0.007,7.035
2019-12-16 06:00,0.251,0.237,0.046,8.465
2019-12-16 07:00,0.480,0.486,0.060,10.344
2019-12-16 08:00,0.621,0.662,0.066,11.424
2019-12-16 09:00,0.686,0.751,0.069,12.366
2019-12-16 10:00,0.688,0.756,0.070,13.053
2019-12-16 11:00,0.631,0.681,0.068,13.435
2019-12-16 12:00,0.506,0.525,0.062,13.465
2019-12-16 13:00,0.302,0.295,0.050,12.849
2019-12-16 14:00,0.024,0.035,0.011,11.130
2019-12-16 15:00,0,0,0,10.366
2019-12-16 16:00,0,0,0,10.034
2019-12-16 17:00,0,0,0,9.860
2019-12-16 18:00,0,0,0,9.755
2019-12-16 19:00,0,0,0,9.653
2019-12-16 20:00,0,0,0,9.490
2019-12-16 21:00,0,0,0,9.333
2019-12-16 22:00,0,0,0,9.160
2019-12-16 23:00,0,0,0,8.941
2019-12-17 00:00,0,0,0,8.728
2019-12-17 01:00,0,0,0,8.552
2019-12-17 02:00,0,0,0,8.434
2019-12-17 03:00,0,0,0,8.271
2019-12-17 04:00,0,0,0,8.059
2019-12-17 05:00,0.005,0.016,0.006,7.940
2019-12-17 06:00,0.253,0.241,0.046,9.636
2019-12-17 07:00,0.477,0.484,0.060,11.522
2019-12-17 08:00,0.611,0.651,0.068,12.560
2019-12-17 09:00,0.676,0.739,0.072,13.392
2019-12-17 10:00,0.677,0.742,0.073,13.869
2019-12-17 11:00,0.617,0.662,0.071,14.052
2019-12-17 12:00,0.490,0.503,0.066,13.967
2019-12-17 13:00,0.284,0.274,0.052,13.353
2019-12-17 14:00,0.021,0.030,0.011,11.341
2019-12-17 15:00,0,0,0,10.582
2019-12-17 16:00,0,0,0,10.387
2019-12-17 17:00,0,0,0,10.279
2019-12-17 18:00,0,0,0,10.228
2019-12-17 19:00,0,0,0,10.145
2019-12-17 20:00,0,0,0,9.960
2019-12-17 21:00,0,0,0,9.786
2019-12-17 22:00,0,0,0,9.555
2019-12-17 23:00,0,0,0,9.542
2019-12-18 00:00,0,0,0,9.558
2019-12-18 01:00,0,0,0,9.516
2019-12-18 02:00,0,0,0,9.462
2019-12-18 03:00,0,0,0,9.379
2019-12-18 04:00,0,0,0,9.218
2019-12-18 05:00,0.001,0.010,0.006,9.206
2019-12-18 06:00,0.189,0.165,0.054,10.549
2019-12-18 07:00,0.418,0.401,0.075,11.868
2019-12-18 08:00,0.577,0.598,0.078,12.823
2019-12-18 09:00,0.667,0.724,0.076,13.602
2019-12-18 10:00,0.671,0.732,0.075,14.140
2019-12-18 11:00,0.614,0.657,0.073,14.433
2019-12-18 12:00,0.485,0.496,0.067,14.434
2019-12-18 13:00,0.279,0.268,0.054,13.839
2019-12-18 14:00,0.019,0.029,0.011,11.867
2019-12-18 15:00,0,0,0,11.020
2019-12-18 16:00,0,0,0,10.899
2019-12-18 17:00,0,0,0,10.774
2019-12-18 18:00,0,0,0,10.596
2019-12-18 19:00,0,0,0,10.295
2019-12-18 20:00,0,0,0,9.885
2019-12-18 21:00,0,0,0,9.521
2019-12-18 22:00,0,0,0,9.244
2019-12-18 23:00,0,0,0,9.065
2019-12-19 00:00,0,0,0,8.975
2019-12-19 01:00,0,0,0,8.979
2019-12-19 02:00,0,0,0,9.035
2019-12-19 03:00,0,0,0,9.039
2019-12-19 04:00,0,0,0,9.026
2019-12-19 05:00,0,0.007,0.006,9.151
2019-12-19 06:00,0.130,0.096,0.061,10.641
2019-12-19 07:00,0.294,0.230,0.105,12.059
2019-12-19 08:00,0.430,0.368,0.125,12.991
2019-12-19 09:00,0.512,0.466,0.129,13.807
2019-12-19 10:00,0.529,0.492,0.126,14.274
2019-12-19 11:00,0.488,0.452,0.115,14.487
2019-12-19 12:00,0.375,0.333,0.099,14.433
2019-12-19 13:00,0.188,0.155,0.068,13.880
2019-12-19 14:00,0.008,0.015,0.011,12.287
2019-12-19 15:00,0,0,0,11.718
2019-12-19 16:00,0,0,0,11.353
2019-12-19 17:00,0,0,0,10.775
2019-12-19 18:00,0,0,0,10.086
2019-12-19 19:00,0,0,0,9.699
2019-12-19 20:00,0,0,0,9.508
2019-12-19 21:00,0,0,0,9.376
2019-12-19 22:00,0,0,0,9.298
2019-12-19 23:00,0,0,0,9.186
2019-12-20 00:00,0,0,0,9.072
2019-12-20 01:00,0,0,0,8.951
2019-12-20 02:00,0,0,0,8.799
2019-12-20 03:00,0,0,0,8.639
2019-12-20 04:00,0,0,0,8.537
2019-12-20 05:00,0,0.003,0.006,8.597
2019-12-20 06:00,0.062,0.028,0.058,9.800
2019-12-20 07:00,0.143,0.057,0.115,11.220
2019-12-20 08:00,0.214,0.090,0.159,12.081
2019-12-20 09:00,0.272,0.128,0.184,12.960
2019-12-20 10:00,0.314,0.173,0.187,13.722
2019-12-20 11:00,0.282,0.157,0.169,14.126
2019-12-20 12:00,0.180,0.086,0.128,14.116
2019-12-20 13:00,0.069,0.029,0.066,13.416
2019-12-20 14:00,0,0.003,0.008,12.082
2019-12-20 15:00,0,0,0,11.785
2019-12-20 16:00,0,0,0,11.889
2019-12-20 17:00,0,0,0,11.990
2019-12-20 18:00,0,0,0,11.805
2019-12-20 19:00,0,0,0,11.364
2019-12-20 20:00,0,0,0,10.939
2019-12-20 21:00,0,0,0,10.673
2019-12-20 22:00,0,0,0,10.591
2019-12-20 23:00,0,0,0,10.895
2019-12-21 00:00,0,0,0,10.988
2019-12-21 01:00,0,0,0,10.930
2019-12-21 02:00,0,0,0,10.965
2019-12-21 03:00,0,0,0,10.823
2019-12-21 04:00,0,0,0,10.397
2019-12-21 05:00,0,0.007,0.006,10.361
2019-12-21 06:00,0.163,0.133,0.061,11.602
2019-12-21 07:00,0.364,0.321,0.095,12.864
2019-12-21 08:00,0.441,0.383,0.125,14.069
2019-12-21 09:00,0.405,0.308,0.160,15.051
2019-12-21 10:00,0.355,0.241,0.170,15.744
2019-12-21 11:00,0.330,0.229,0.154,16.299
2019-12-21 12:00,0.262,0.186,0.121,16.524
2019-12-21 13:00,0.126,0.086,0.072,16.096
2019-12-21 14:00,0.001,0.007,0.010,15.291
2019-12-21 15:00,0,0,0,14.894
2019-12-21 16:00,0,0,0,14.417
2019-12-21 17:00,0,0,0,13.901
2019-12-21 18:00,0,0,0,13.755
2019-12-21 19:00,0,0,0,13.703
2019-12-21 20:00,0,0,0,13.755
2019-12-21 21:00,0,0,0,13.824
2019-12-21 22:00,0,0,0,13.921
2019-12-21 23:00,0,0,0,13.809
2019-12-22 00:00,0,0,0,13.876
2019-12-22 01:00,0,0,0,13.948
2019-12-22 02:00,0,0,0,14.175
2019-12-22 03:00,0,0,0,14.498
2019-12-22 04:00,0,0,0,14.470
2019-12-22 05:00,0,0,0.002,14.615
2019-12-22 06:00,0.025,0.008,0.039,14.972
2019-12-22 07:00,0.188,0.106,0.117,15.642
2019-12-22 08:00,0.442,0.390,0.126,16.485
2019-12-22 09:00,0.569,0.567,0.114,17.247
2019-12-22 10:00,0.579,0.585,0.111,17.687
2019-12-22 11:00,0.518,0.508,0.108,17.849
2019-12-22 12:00,0.355,0.309,0.105,17.662
2019-12-22 13:00,0.138,0.100,0.071,17.065
2019-12-22 14:00,0.003,0.010,0.010,16.222
2019-12-22 15:00,0,0,0,15.666
2019-12-22 16:00,0,0,0,15.378
2019-12-22 17:00,0,0,0,15.207
2019-12-22 18:00,0,0,0,15.246
2019-12-22 19:00,0,0,0,15.300
2019-12-22 20:00,0,0,0,15.211
2019-12-22 21:00,0,0,0,15.044
2019-12-22 22:00,0,0,0,14.988
2019-12-22 23:00,0,0,0,15.228
2019-12-23 00:00,0,0,0,15.200
2019-12-23 01:00,0,0,0,14.674
2019-12-23 02:00,0,0,0,14.302
2019-12-23 03:00,0,0,0,13.976
2019-12-23 04:00,0,0,0,13.587
2019-12-23 05:00,0,0,0.002,13.274
2019-12-23 06:00,0.013,0.003,0.029,13.327
2019-12-23 07:00,0.123,0.038,0.115,13.930
2019-12-23 08:00,0.200,0.073,0.163,14.726
2019-12-23 09:00,0.238,0.091,0.188,15.245
2019-12-23 10:00,0.228,0.080,0.187,15.308
2019-12-23 11:00,0.170,0.048,0.156,15.102
2019-12-23 12:00,0.111,0.028,0.112,14.695
2019-12-23 13:00,0.035,0.008,0.050,13.991
2019-12-23 14:00,0,0.001,0.005,13.154
2019-12-23 15:00,0,0,0,12.716
2019-12-23 16:00,0,0,0,12.511
2019-12-23 17:00,0,0,0,12.356
2019-12-23 18:00,0,0,0,12.209
2019-12-23 19:00,0,0,0,11.993
2019-12-23 20:00,0,0,0,11.711
2019-12-23 21:00,0,0,0,11.226
2019-12-23 22:00,0,0,0,10.881
2019-12-23 23:00,0,0,0,10.908
2019-12-24 00:00,0,0,0,11.212
2019-12-24 01:00,0,0,0,11.195
2019-12-24 02:00,0,0,0,10.814
2019-12-24 03:00,0,0,0,10.566
2019-12-24 04:00,0,0,0,10.535
2019-12-24 05:00,0,0,0.001,10.392
2019-12-24 06:00,0.005,0.001,0.021,10.312
2019-12-24 07:00,0.032,0.003,0.052,10.329
2019-12-24 08:00,0.065,0.005,0.084,10.338
2019-12-24 09:00,0.078,0.005,0.098,10.415
2019-12-24 10:00,0.074,0.005,0.094,10.493
2019-12-24 11:00,0.060,0.004,0.080,10.473
2019-12-24 12:00,0.038,0.003,0.058,10.370
2019-12-24 13:00,0.014,0.002,0.031,10.185
2019-12-24 14:00,0,0,0.004,9.830
2019-12-24 15:00,0,0,0,9.559
2019-12-24 16:00,0,0,0,9.373
2019-12-24 17:00,0,0,0,9.178
2019-12-24 18:00,0,0,0,9.008
2019-12-24 19:00,0,0,0,8.880
2019-12-24 20:00,0,0,0,8.771
2019-12-24 21:00,0,0,0,8.634
2019-12-24 22:00,0,0,0,8.415
2019-12-24 23:00,0,0,0,8.135
2019-12-25 00:00,0,0,0,7.822
2019-12-25 01:00,0,0,0,7.579
2019-12-25 02:00,0,0,0,7.602
2019-12-25 03:00,0,0,0,7.769
2019-12-25 04:00,0,0,0,7.905
2019-12-25 05:00,0,0.001,0.004,7.902
2019-12-25 06:00,0.030,0.008,0.043,8.382
2019-12-25 07:00,0.108,0.027,0.107,8.982
2019-12-25 08:00,0.158,0.038,0.148,9.470
2019-12-25 09:00,0.174,0.038,0.165,9.565
2019-12-25 10:00,0.135,0.021,0.141,9.519
2019-12-25 11:00,0.123,0.020,0.130,9.471
2019-12-25 12:00,0.085,0.014,0.096,9.450
2019-12-25 13:00,0.028,0.005,0.044,9.362
2019-12-25 14:00,0,0.001,0.006,8.917
2019-12-25 15:00,0,0,0,8.652
2019-12-25 16:00,0,0,0,8.577
2019-12-25 17:00,0,0,0,8.510
2019-12-25 18:00,0,0,0,8.522
2019-12-25 19:00,0,0,0,8.563
2019-12-25 20:00,0,0,0,8.554
2019-12-25 21:00,0,0,0,8.487
2019-12-25 22:00,0,0,0,8.298
2019-12-25 23:00,0,0,0,8.060
2019-12-26 00:00,0,0,0,7.820
2019-12-26 01:00,0,0,0,7.856
2019-12-26 02:00,0,0,0,7.914
2019-12-26 03:00,0,0,0,7.912
2019-12-26 04:00,0,0,0,7.933
2019-12-26 05:00,0,0.001,0.003,7.999
2019-12-26 06:00,0.030,0.008,0.043,8.471
2019-12-26 07:00,0.104,0.026,0.104,8.988
2019-12-26 08:00,0.169,0.047,0.151,9.364
2019-12-26 09:00,0.234,0.080,0.187,9.710
2019-12-26 10:00,0.178,0.042,0.165,9.808
2019-12-26 11:00,0.168,0.043,0.154,9.654
2019-12-26 12:00,0.107,0.025,0.108,9.414
2019-12-26 13:00,0.044,0.011,0.055,9.109
2019-12-26 14:00,0,0.002,0.008,8.599
2019-12-26 15:00,0,0,0,8.254
2019-12-26 16:00,0,0,0,8.047
2019-12-26 17:00,0,0,0,7.747
2019-12-26 18:00,0,0,0,7.422
2019-12-26 19:00,0,0,0,7.062
2019-12-26 20:00,0,0,0,6.777
2019-12-26 21:00,0,0,0,6.443
2019-12-26 22:00,0,0,0,6.164
2019-12-26 23:00,0,0,0,5.923
2019-12-27 00:00,0,0,0,5.674
2019-12-27 01:00,0,0,0,5.429
2019-12-27 02:00,0,0,0,5.193
2019-12-27 03:00,0,0,0,4.988
2019-12-27 04:00,0,0,0,4.824
2019-12-27 05:00,0,0.005,0.006,4.686
2019-12-27 06:00,0.146,0.107,0.064,5.949
2019-12-27 07:00,0.330,0.260,0.107,6.970
2019-12-27 08:00,0.382,0.282,0.144,7.853
2019-12-27 09:00,0.396,0.274,0.168,8.186
2019-12-27 10:00,0.381,0.253,0.173,8.368
2019-12-27 11:00,0.332,0.212,0.159,8.498
2019-12-27 12:00,0.225,0.129,0.127,8.436
2019-12-27 13:00,0.084,0.041,0.068,8.100
2019-12-27 14:00,0,0.003,0.008,7.185
2019-12-27 15:00,0,0,0,6.944
2019-12-27 16:00,0,0,0,6.799
2019-12-27 17:00,0,0,0,6.629
2019-12-27 18:00,0,0,0,6.428
2019-12-27 19:00,0,0,0,6.224
2019-12-27 20:00,0,0,0,5.977
2019-12-27 21:00,0,0,0,5.663
2019-12-27 22:00,0,0,0,5.354
2019-12-27 23:00,0,0,0,5.145
2019-12-28 00:00,0,0,0,4.980
2019-12-28 01:00,0,0,0,4.784
2019-12-28 02:00,0,0,0,4.598
2019-12-28 03:00,0,0,0,4.448
2019-12-28 04:00,0,0,0,4.325
2019-12-28 05:00,0,0.001,0.005,4.239
2019-12-28 06:00,0.057,0.020,0.059,5.301
2019-12-28 07:00,0.138,0.042,0.121,6.136
2019-12-28 08:00,0.144,0.028,0.142,6.352
2019-12-28 09:00,0.092,0.008,0.108,6.323
2019-12-28 10:00,0.069,0.005,0.087,6.163
2019-12-28 11:00,0.067,0.005,0.085,5.982
2019-12-28 12:00,0.041,0.003,0.059,5.804
2019-12-28 13:00,0.015,0.002,0.032,5.554
2019-12-28 14:00,0,0,0.004,5.163
2019-12-28 15:00,0,0,0,5.006
2019-12-28 16:00,0,0,0,5.008
2019-12-28 17:00,0,0,0,5.078
2019-12-28 18:00,0,0,0,5.195
2019-12-28 19:00,0,0,0,5.295
2019-12-28 20:00,0,0,0,5.308
2019-12-28 21:00,0,0,0,5.170
2019-12-28 22:00,0,0,0,5.042
2019-12-28 23:00,0,0,0,4.950
2019-12-29 00:00,0,0,0,4.881
2019-12-29 01:00,0,0,0,4.796
2019-12-29 02:00,0,0,0,4.702
2019-12-29 03:00,0,0,0,4.823
2019-12-29 04:00,0,0,0,4.982
2019-12-29 05:00,0,0,0.003,5.199
2019-12-29 06:00,0.024,0.005,0.039,5.690
2019-12-29 07:00,0.076,0.012,0.087,6.183
2019-12-29 08:00,0.123,0.020,0.128,6.566
2019-12-29 09:00,0.149,0.025,0.150,6.608
2019-12-29 10:00,0.158,0.028,0.156,6.596
2019-12-29 11:00,0.151,0.031,0.146,6.558
2019-12-29 12:00,0.107,0.023,0.109,6.427
2019-12-29 13:00,0.049,0.012,0.059,6.135
2019-12-29 14:00,0,0.002,0.008,5.510
2019-12-29 15:00,0,0,0,5.066
2019-12-29 16:00,0,0,0,4.944
2019-12-29 17:00,0,0,0,4.909
2019-12-29 18:00,0,0,0,4.948
2019-12-29 19:00,0,0,0,5.181
2019-12-29 20:00,0,0,0,5.560
2019-12-29 21:00,0,0,0,5.872
2019-12-29 22:00,0,0,0,6.033
2019-12-29 23:00,0,0,0,6.205
2019-12-30 00:00,0,0,0,6.369
2019-12-30 01:00,0,0,0,6.456
2019-12-30 02:00,0,0,0,6.746
2019-12-30 03:00,0,0,0,7.226
2019-12-30 04:00,0,0,0,7.693
2019-12-30 05:00,0,0,0.003,8.002
2019-12-30 06:00,0.027,0.006,0.042,8.240
2019-12-30 07:00,0.119,0.032,0.114,8.503
2019-12-30 08:00,0.193,0.057,0.165,8.875
2019-12-30 09:00,0.146,0.024,0.149,9.130
2019-12-30 10:00,0.127,0.017,0.137,9.075
2019-12-30 11:00,0.109,0.014,0.121,8.971
2019-12-30 12:00,0.071,0.009,0.086,8.805
2019-12-30 13:00,0.014,0.002,0.031,8.527
2019-12-30 14:00,0,0,0.004,8.262
2019-12-30 15:00,0,0,0,8.038
2019-12-30 16:00,0,0,0,7.787
2019-12-30 17:00,0,0,0,7.548
2019-12-30 18:00,0,0,0,7.525
2019-12-30 19:00,0,0,0,7.505
2019-12-30 20:00,0,0,0,7.448
2019-12-30 21:00,0,0,0,7.482
2019-12-30 22:00,0,0,0,7.548
2019-12-30 23:00,0,0,0,7.531
2019-12-31 00:00,0,0,0,7.479
2019-12-31 01:00,0,0,0,7.418
2019-12-31 02:00,0,0,0,7.350
2019-12-31 03:00,0,0,0,7.148
2019-12-31 04:00,0,0,0,6.944
2019-12-31 05:00,0,0.001,0.003,6.772
2019-12-31 06:00,0.036,0.011,0.047,6.868
2019-12-31 07:00,0.129,0.041,0.114,7.176
2019-12-31 08:00,0.202,0.069,0.161,7.448
2019-12-31 09:00,0.204,0.059,0.174,7.574
2019-12-31 10:00,0.212,0.063,0.179,7.669
2019-12-31 11:00,0.188,0.056,0.160,7.672
2019-12-31 12:00,0.141,0.045,0.122,7.555
2019-12-31 13:00,0.076,0.030,0.070,7.236
2019-12-31 14:00,0.003,0.008,0.012,5.998
2019-12-31 15:00,0,0,0,5.120
2019-12-31 16:00,0,0,0,5.109
2019-12-31 17:00,0,0,0,5.110
2019-12-31 18:00,0,0,0,4.768
2019-12-31 19:00,0,0,0,4.242
2019-12-31 20:00,0,0,0,3.889
2019-12-31 21:00,0,0,0,3.871
2019-12-31 22:00,0,0,0,4.021
2019-12-31 23:00,0,0,0,4.110
